path,change_kind,byte_size,sha256
.gitignore,modified,510,0d64460a74baf3f2c58b2d37d4323dc68083f58da5b3a3cbf10dc6eb41a5d23e
README.md,modified,13070,477fb0b0033279507808a8e921c352a3f40fccb33c13cd655b5b62527b72c8de
artifacts/us_equity/execution_briefing.md,new,7261,23ac32c82ee74aa43136b2221b8552c7e51ec4c26f0d9b6b9e71899d69903162
artifacts/us_equity/p0/coverage_matrix.csv,new,1458,94c3ed1a317d9a5156a5cb0c9cf7ea637f4dd07399d93192353bef5f639cb54d
artifacts/us_equity/p0/data_feasibility.md,new,4790,5a218e63e0d52820d4bec23f3a11478ff28c3db42616e54c7bc232c111e6c3cf
artifacts/us_equity/p0/document_manifest.csv,new,69,67d0e319765cda43029632f1810db9379c4d5185d5cc63ecbf278d71ce5c5d72
artifacts/us_equity/p0/document_relations.csv,new,70,f50a5e92d6994428fe31fe8da0ddc42a49e7181e4fd6647662fe0fc01929b36a
artifacts/us_equity/p0/entities.csv,new,504,ea9c8a2f36aa54d28fe5301ab71e34ccbd1181754af4ce0cfed13f139fd38a85
artifacts/us_equity/p0/handoff_p0.md,new,1701,47418c85bef7926dee867c6b428b03bf13cdce0ea4a445ba59acee22cc2ddf37
artifacts/us_equity/p0/network_probe_trials.csv,new,575,7b2ce4ccada65e3eccc36944a65d8d3519d672cde891cb939c72a7ac5a35354c
artifacts/us_equity/p0/news_manifest.csv,new,71,9f499dd3e3a10ba36ca2c8a0492ed3014ad7f95b034df47b14c109ab43791734
artifacts/us_equity/p0/news_source_trials.csv,new,303,c3bdd225513cbed8eabaa4e448b8d53fdbd5f9af111f0f0b2eb8f49f65762c82
artifacts/us_equity/p0/pilot_20261005_001/access_trials.csv,new,1012,1f4e20cfed403e1b8fedb8ef36c5a66768e025d6c58553ee538f9463cc6b8216
artifacts/us_equity/p0/pilot_20261005_001/api_payload_manifest.csv,new,1573,6ff08c731efcc09f73b4509a6840b403c3bb287a756bfa32716109bb9133a523
artifacts/us_equity/p0/pilot_20261005_001/document_manifest.csv,new,22,85f28c06d9c83cbe3060e6cdaaa16b6523f84fef126580097b8fe083880ca319
artifacts/us_equity/p0/pilot_20261005_001/entities.csv,new,135,719f6ee1fc164fb743f644e3d6a24c5a2ea726722c9eebb51d852b2a091d8216
artifacts/us_equity/p0/pilot_20261005_001/extraction_audit.csv,new,15,d7a465cc278eb36c90a75977828dafe3d4aca58a75ad45d1948f2973679f08d1
artifacts/us_equity/p0/pilot_20261005_001/observations.jsonl,new,0,e3b0c44298fc1c149afbf4c8996fb92427ae41e4649b934ca495991b7852b855
artifacts/us_equity/p0/pilot_20261005_001/parser_trials.csv,new,507,53fb27fc79f5da5f2a12f25a9182aac060820a209d066d7373986242412b42d3
artifacts/us_equity/p0/pilot_20261005_001/robots_trials.csv,new,165,5fe1bc8d193bcd1fc6784f8e9225f3bf628119404cc4c82a5b110085efee34ae
artifacts/us_equity/p0/pilot_20261005_001/run_manifest.json,new,1448,b945fec2d328ff17c2450c47626456816f9f8907dbfefb3a32de881b83e99956
artifacts/us_equity/p0/pilot_20261005_001/selected_filings.json,new,4,a5338d955b09046ec0b16f3a9625b7955c763aae07dc722e474e6078745f932f
artifacts/us_equity/p0/pilot_20261005_001/summary.json,new,565,178e634c1bf69436db9764c23a077c35d8ba6ecc4ef84b5bba3eaa9da9b35ee0
artifacts/us_equity/p0/pilot_20261005_002/access_trials.csv,new,1040,9a43f32e0dc4d0f41473b4f5bcf8d35e8bf6ede6b0d80f1ac3633ddd62d348b0
artifacts/us_equity/p0/pilot_20261005_002/api_payload_manifest.csv,new,1601,c429fe0199baacee9b4e3c7d7774317585ff6ae952c801b25582c9f93392d2e3
artifacts/us_equity/p0/pilot_20261005_002/document_manifest.csv,new,22,85f28c06d9c83cbe3060e6cdaaa16b6523f84fef126580097b8fe083880ca319
artifacts/us_equity/p0/pilot_20261005_002/entities.csv,new,135,719f6ee1fc164fb743f644e3d6a24c5a2ea726722c9eebb51d852b2a091d8216
artifacts/us_equity/p0/pilot_20261005_002/extraction_audit.csv,new,15,d7a465cc278eb36c90a75977828dafe3d4aca58a75ad45d1948f2973679f08d1
artifacts/us_equity/p0/pilot_20261005_002/observations.jsonl,new,0,e3b0c44298fc1c149afbf4c8996fb92427ae41e4649b934ca495991b7852b855
artifacts/us_equity/p0/pilot_20261005_002/parser_trials.csv,new,535,72054ebff54295219bd909d216937afa29800e5f04b557d39264e117cbf1ae45
artifacts/us_equity/p0/pilot_20261005_002/robots_trials.csv,new,45,e5f1764b12ec927b6a6585da7125f3faa413ed6f4cf943f613deb877b4521ab4
artifacts/us_equity/p0/pilot_20261005_002/run_manifest.json,new,1642,cbb26a1a3f33d23e3e3362f8486b6a322923377e74f158c6a78900c082ab6d0f
artifacts/us_equity/p0/pilot_20261005_002/selected_filings.json,new,4,a5338d955b09046ec0b16f3a9625b7955c763aae07dc722e474e6078745f932f
artifacts/us_equity/p0/pilot_20261005_002/summary.json,new,565,178e634c1bf69436db9764c23a077c35d8ba6ecc4ef84b5bba3eaa9da9b35ee0
artifacts/us_equity/p0/scope.md,new,2751,d82843c46b07a49304318e4bf6ecc5ced6ae65761ecb7471b146e3d599c07bc9
artifacts/us_equity/p0/source_conditions_review.md,new,9976,7b879ca5c763eab7f8137efb4a15243c843050b6af697f1a3600955c4944c416
artifacts/us_equity/p0/source_registry.csv,new,13701,a70beb0619053234dac2ad78781f8a2312c194eb65cf60e25694fcce4886e5e4
artifacts/us_equity/p0/task_status.csv,new,1329,d596a69a4146706a9e36403e22c928f29800f5d7d9644838694231a863b4195c
artifacts/us_equity/p0/validation_report.json,new,15598,cef625488cdd29e562e102e54f8d12ac2e772c15fef91565c44227dfda80edf7
artifacts/us_equity/p1/annotation_guide_draft.md,new,275,99db8a9464dea29288b736613e0cafbfb36d6dde7c09a29d79bab73565169122
artifacts/us_equity/p1/annotation_guide_v0.1.md,new,4192,b5532d25db22603b206ec23bf571be7297641f5fdd8c9f790a090da69855acf1
artifacts/us_equity/p1/artifacts_manifest.csv,new,4073,8279ad4df07ffe7f95a92c1fff5ba06b7543766da5fb7bba21664d6caf19edee
artifacts/us_equity/p1/concept_dictionary.md,new,2686,4f4ee5b4c7ed7e7d4164c3a0564ae012f7419e9c235c34d3e039dcfaa22aff88
artifacts/us_equity/p1/decisions.md,new,1306,7bb1db14a58ee109b54a73dd77bb70999e2235ff2cc3a036547dc97803659c84
artifacts/us_equity/p1/event_relation_rules.md,new,2679,340249c4a6866fc37c62fb59b2b41a188b96043d331464af93f68c6ec444af1e
artifacts/us_equity/p1/event_schema.md,new,4815,b28270fcd35cc6a26ed1adb06462db0d21f3c2e8c10dc8e4d1224a16ce09eb7b
artifacts/us_equity/p1/event_schema_v0.1.json,new,42951,a738b85f769df93e267c94cdf2b8d70f3fb811ba72455ce32eddc1ceb81aa2f3
artifacts/us_equity/p1/event_unit_decision.md,new,3108,f0542e6d9ba7624e0b85e6c625c2aebdd5812ea8f3b854d9cbd3ac6f2c87b88a
artifacts/us_equity/p1/financial_annotation_notes.md,new,3581,ce5f74abad7fd6cf5e1b323dd7c7c46803a5a833be357586d9d865b0c600ffbd
artifacts/us_equity/p1/guideline_questions.md,new,2047,b8f219bab92a32461c87b5b4b588dee86a70edf2958f1bb1c65bc3f447eadb7e
artifacts/us_equity/p1/handoff_p1.md,new,4151,2641b9f2877daa0a0b6777f284d90be8a6b591d738667ca0b5b8da632901834b
artifacts/us_equity/p1/literature_events.csv,new,2016,fe3333450fc54ddce7df60030bff995ce84c8f5971bdd215b7db6b88e837670e
artifacts/us_equity/p1/literature_map.csv,new,7984,fdcc720d94ed9b33c15227ff369fae5a58c7e9d29ebb0d4d9c45ea28173aa152
artifacts/us_equity/p1/literature_materiality.csv,new,1264,1f8583bbb57fae89d1b4dfa68dbfea3912d45f010a7dd8a68e2812c512711fa3
artifacts/us_equity/p1/literature_matrix.csv,new,7984,fdcc720d94ed9b33c15227ff369fae5a58c7e9d29ebb0d4d9c45ea28173aa152
artifacts/us_equity/p1/literature_metrics.csv,new,4703,c46c12cd8aec1ee9440cdffbf5d2f3473c71718cd678bcb8b8079fe784e88f13
artifacts/us_equity/p1/materiality_questions.md,new,2829,8f28e145a0d7c587bdc0720656a71f66fe5ce9e0ee3a8d08aadcf5ce34b725ab
artifacts/us_equity/p1/materiality_schema_candidates.md,new,1964,c125e0a318610ebc9cb33aaa8d19172960533729d77945490acf0a55f8784fa1
artifacts/us_equity/p1/prior_state_policy.md,new,2541,686d03d5d3c16b8998daacb5c605d06c22fae9bf156caebf7553eea6ace8b3d9
artifacts/us_equity/p1/relation_schema.md,new,2698,06fedba3198f04a85fec1e97c197cbb4500cff0a76e07dc967d8b655d14a9f89
artifacts/us_equity/p1/research_map.md,new,2807,b924fa7a3adb1f643c4051ff6fd148b21b98b284adf775ada52b8754a4754626
artifacts/us_equity/p1/schema_examples.jsonl,new,23158,2511c4bc3fd4532149cfe978cd1c02a88e650e8ca5a3f60693af88ae2da11cf3
artifacts/us_equity/p1/schema_seed_cases.jsonl,new,475,f30d7d58a6e6cc2970bc4640df88b5968abe255b317a5f330f15ac07bef91b67
artifacts/us_equity/p1/schema_validation_cases.json,new,158480,6bd8d49cf89a777c1cc88d8be244fa151b9d9a6dd3be46d51ae94f12b61d189c
artifacts/us_equity/p1/schema_validation_report.json,new,8217,698a12d4973eb3ed43473c4b93dbcd35cf54b100f5ecb459961a62fc815bbe91
artifacts/us_equity/p1/schema_validation_report.md,new,1138,eedc301c7886606d81ae36e95ebcddcc41e48efbafc5ffc21c0a2fb72d495af0
artifacts/us_equity/p1/search_protocol.md,new,2606,3418dd3012a1daf296f7d1dd70420554c199bad21fb7ca4c0b45e161fa3824a0
artifacts/us_equity/p1/task_status.csv,new,2049,b8e99f62c5f562a1b64771699f9616b85f22baf5df1340ea5ee2f760f4a60541
artifacts/us_equity/p1/usability_notes.md,new,949,a0a1de438808cb2f94c9561231b8fd61fb49256cd2782d1bfe19a3bc02cc46a4
artifacts/us_equity/verification_summary.json,new,953,9cd0c25407a509bef254d37d33c36c2af678aa873e99b2e292bc1eaef552c5b0
scripts/p01_us_sec_pilot.py,new,21085,62a689a7d5246f04f8f4495005cb9c4759fc54515b3ab6d81b5c6627ea9d0d2d
scripts/p01_us_verify.py,new,26077,234adf0b0fb693aee1f3831afeac901af3a29c8ec994e4e1cccc11f9b6177cce
scripts/p02_build_schema.py,new,37169,24c5994f289033c5e3eaaaefce56e6287a5f61e5ab4c75ee004f24d037effd2a
scripts/p02_requirements.txt,new,91,20a693d38b3d471923586372eb88bbc6cfadc0dd0d7f7cc35bc54275592408db
scripts/p02_validate_schema.py,new,11504,fd57734df8f5e5e29e448778f9e9996a1ab320a85325bcc8107a481f0968b2c2
structure/DATA_CONTRACTS.md,modified,30768,3cf13da73369927f3b3f2f44198d88d5a403ebab8849910ccb88d6d307db571f
structure/P01_phase0_data_feasibility.md,modified,21843,6fc7dac55d5f6eaba51fe5ba6a74fa9497c0ed1104f278dfe1401fb85eb479cb
structure/P02_phase1_research_and_schema.md,modified,22137,a952210757693dc73a56b8595e02629ec6b17fbd8f9adb7968a2380356ac94e9
structure/README.md,modified,12711,f9c87630f7ee58016399b73002ae7b9504465184310f187f2b8ab2e37b0e7479
tests/test_p01_us_sec_pilot.py,new,13780,910549801894a85cee3bf92b051e443445e6efd5a0f270f74cdd2ce68a00cb19
