audit_id,claim_id,doc_id,audit_method,evidence_pointer,value_roundtrip,number_parsed,unit_caption_confirmed,period_header_confirmed,fiscal_year_header_confirmed,human_audit_status,body_completeness_audited,unresolved
AUDIT-US-MSFT-FY2024-Q4-RELEASE-US-MSFT-CONSOLIDATED-revenue-FY2024-Q4-current_period,US-MSFT-FY2024-Q4-RELEASE-US-MSFT-CONSOLIDATED-revenue-FY2024-Q4-current_period,US-MSFT-FY2024-Q4-RELEASE,deterministic_local_DOM_cell_header_roundtrip,/html/body/div[3]/div/div[2]/main/div/div/div/div[2]/div/div/div/div[1]/div/div/div[2]/div[2]/div[1]/div/div[6]/table/tbody/tr[4]/td[1],True,True,True,False,True,waived_by_user_not_observed,False,corporate_consolidation_not_explicit_in_release
AUDIT-US-MSFT-FY2024-Q4-RELEASE-US-MSFT-CONSOLIDATED-operating_income-FY2024-Q4-current_period,US-MSFT-FY2024-Q4-RELEASE-US-MSFT-CONSOLIDATED-operating_income-FY2024-Q4-current_period,US-MSFT-FY2024-Q4-RELEASE,deterministic_local_DOM_cell_header_roundtrip,/html/body/div[3]/div/div[2]/main/div/div/div/div[2]/div/div/div/div[1]/div/div/div[2]/div[2]/div[1]/div/div[6]/table/tbody/tr[13]/td[1],True,True,True,False,True,waived_by_user_not_observed,False,corporate_consolidation_not_explicit_in_release
AUDIT-US-MSFT-FY2024-Q4-RELEASE-US-MSFT-CONSOLIDATED-net_income-FY2024-Q4-current_period,US-MSFT-FY2024-Q4-RELEASE-US-MSFT-CONSOLIDATED-net_income-FY2024-Q4-current_period,US-MSFT-FY2024-Q4-RELEASE,deterministic_local_DOM_cell_header_roundtrip,/html/body/div[3]/div/div[2]/main/div/div/div/div[2]/div/div/div/div[1]/div/div/div[2]/div[2]/div[1]/div/div[6]/table/tbody/tr[17]/td[1],True,True,True,False,True,waived_by_user_not_observed,False,corporate_consolidation_not_explicit_in_release
AUDIT-US-MSFT-FY2024-Q4-RELEASE-US-MSFT-CONSOLIDATED-cfo-FY2024-Q4-current_period,US-MSFT-FY2024-Q4-RELEASE-US-MSFT-CONSOLIDATED-cfo-FY2024-Q4-current_period,US-MSFT-FY2024-Q4-RELEASE,deterministic_local_DOM_cell_header_roundtrip,/html/body/div[3]/div/div[2]/main/div/div/div/div[2]/div/div/div/div[1]/div/div/div[2]/div[2]/div[1]/div/div[9]/table/tbody/tr[18]/td[1],True,True,True,False,True,waived_by_user_not_observed,False,corporate_consolidation_not_explicit_in_release
AUDIT-US-MSFT-FY2024-Q4-RELEASE-US-MSFT-CONSOLIDATED-positive_cash_capex-FY2024-Q4-current_period,US-MSFT-FY2024-Q4-RELEASE-US-MSFT-CONSOLIDATED-positive_cash_capex-FY2024-Q4-current_period,US-MSFT-FY2024-Q4-RELEASE,deterministic_local_DOM_cell_header_roundtrip,/html/body/div[3]/div/div[2]/main/div/div/div/div[2]/div/div/div/div[1]/div/div/div[2]/div[2]/div[1]/div/div[9]/table/tbody/tr[29]/td[1],True,True,True,False,True,waived_by_user_not_observed,False,corporate_consolidation_not_explicit_in_release
AUDIT-US-MSFT-FY2024-Q4-RELEASE-US-MSFT-CONSOLIDATED-revenue-FY2024-FY-current_period,US-MSFT-FY2024-Q4-RELEASE-US-MSFT-CONSOLIDATED-revenue-FY2024-FY-current_period,US-MSFT-FY2024-Q4-RELEASE,deterministic_local_DOM_cell_header_roundtrip,/html/body/div[3]/div/div[2]/main/div/div/div/div[2]/div/div/div/div[1]/div/div/div[2]/div[2]/div[1]/div/div[6]/table/tbody/tr[4]/td[5],True,True,True,False,True,waived_by_user_not_observed,False,corporate_consolidation_not_explicit_in_release
AUDIT-US-MSFT-FY2024-Q4-RELEASE-US-MSFT-CONSOLIDATED-operating_income-FY2024-FY-current_period,US-MSFT-FY2024-Q4-RELEASE-US-MSFT-CONSOLIDATED-operating_income-FY2024-FY-current_period,US-MSFT-FY2024-Q4-RELEASE,deterministic_local_DOM_cell_header_roundtrip,/html/body/div[3]/div/div[2]/main/div/div/div/div[2]/div/div/div/div[1]/div/div/div[2]/div[2]/div[1]/div/div[6]/table/tbody/tr[13]/td[5],True,True,True,False,True,waived_by_user_not_observed,False,corporate_consolidation_not_explicit_in_release
AUDIT-US-MSFT-FY2024-Q4-RELEASE-US-MSFT-CONSOLIDATED-net_income-FY2024-FY-current_period,US-MSFT-FY2024-Q4-RELEASE-US-MSFT-CONSOLIDATED-net_income-FY2024-FY-current_period,US-MSFT-FY2024-Q4-RELEASE,deterministic_local_DOM_cell_header_roundtrip,/html/body/div[3]/div/div[2]/main/div/div/div/div[2]/div/div/div/div[1]/div/div/div[2]/div[2]/div[1]/div/div[6]/table/tbody/tr[17]/td[5],True,True,True,False,True,waived_by_user_not_observed,False,corporate_consolidation_not_explicit_in_release
AUDIT-US-MSFT-FY2024-Q4-RELEASE-US-MSFT-CONSOLIDATED-cfo-FY2024-FY-current_period,US-MSFT-FY2024-Q4-RELEASE-US-MSFT-CONSOLIDATED-cfo-FY2024-FY-current_period,US-MSFT-FY2024-Q4-RELEASE,deterministic_local_DOM_cell_header_roundtrip,/html/body/div[3]/div/div[2]/main/div/div/div/div[2]/div/div/div/div[1]/div/div/div[2]/div[2]/div[1]/div/div[9]/table/tbody/tr[18]/td[5],True,True,True,False,True,waived_by_user_not_observed,False,corporate_consolidation_not_explicit_in_release
AUDIT-US-MSFT-FY2024-Q4-RELEASE-US-MSFT-CONSOLIDATED-positive_cash_capex-FY2024-FY-current_period,US-MSFT-FY2024-Q4-RELEASE-US-MSFT-CONSOLIDATED-positive_cash_capex-FY2024-FY-current_period,US-MSFT-FY2024-Q4-RELEASE,deterministic_local_DOM_cell_header_roundtrip,/html/body/div[3]/div/div[2]/main/div/div/div/div[2]/div/div/div/div[1]/div/div/div[2]/div[2]/div[1]/div/div[9]/table/tbody/tr[29]/td[5],True,True,True,False,True,waived_by_user_not_observed,False,corporate_consolidation_not_explicit_in_release
AUDIT-US-MSFT-FY2024-Q4-RELEASE-US-MSFT-CONSOLIDATED-total_assets-FY2024-instant-current_period,US-MSFT-FY2024-Q4-RELEASE-US-MSFT-CONSOLIDATED-total_assets-FY2024-instant-current_period,US-MSFT-FY2024-Q4-RELEASE,deterministic_local_DOM_cell_header_roundtrip,/html/body/div[3]/div/div[2]/main/div/div/div/div[2]/div/div/div/div[1]/div/div/div[2]/div[2]/div[1]/div/div[8]/table/tbody/tr[16]/td[1],True,True,True,True,True,waived_by_user_not_observed,False,corporate_consolidation_not_explicit_in_release
AUDIT-US-MSFT-FY2024-Q4-RELEASE-US-MSFT-CONSOLIDATED-cash_and_equivalents-FY2024-instant-current_period,US-MSFT-FY2024-Q4-RELEASE-US-MSFT-CONSOLIDATED-cash_and_equivalents-FY2024-instant-current_period,US-MSFT-FY2024-Q4-RELEASE,deterministic_local_DOM_cell_header_roundtrip,/html/body/div[3]/div/div[2]/main/div/div/div/div[2]/div/div/div/div[1]/div/div/div[2]/div[2]/div[1]/div/div[8]/table/tbody/tr[3]/td[1],True,True,True,True,True,waived_by_user_not_observed,False,corporate_consolidation_not_explicit_in_release
AUDIT-US-MSFT-FY2024-Q4-RELEASE-US-MSFT-SEG-PBP-revenue-FY2024-FY-current_period,US-MSFT-FY2024-Q4-RELEASE-US-MSFT-SEG-PBP-revenue-FY2024-FY-current_period,US-MSFT-FY2024-Q4-RELEASE,deterministic_local_DOM_cell_header_roundtrip,/html/body/div[3]/div/div[2]/main/div/div/div/div[2]/div/div/div/div[1]/div/div/div[2]/div[2]/div[1]/div/div[10]/table/tbody/tr[2]/td[5],True,True,True,False,True,waived_by_user_not_observed,False,segment_definition_change_reason_not_yet_audited
AUDIT-US-MSFT-FY2024-Q4-RELEASE-US-MSFT-SEG-IC-revenue-FY2024-FY-current_period,US-MSFT-FY2024-Q4-RELEASE-US-MSFT-SEG-IC-revenue-FY2024-FY-current_period,US-MSFT-FY2024-Q4-RELEASE,deterministic_local_DOM_cell_header_roundtrip,/html/body/div[3]/div/div[2]/main/div/div/div/div[2]/div/div/div/div[1]/div/div/div[2]/div[2]/div[1]/div/div[10]/table/tbody/tr[3]/td[5],True,True,True,False,True,waived_by_user_not_observed,False,segment_definition_change_reason_not_yet_audited
AUDIT-US-MSFT-FY2024-Q4-RELEASE-US-MSFT-SEG-MPC-revenue-FY2024-FY-current_period,US-MSFT-FY2024-Q4-RELEASE-US-MSFT-SEG-MPC-revenue-FY2024-FY-current_period,US-MSFT-FY2024-Q4-RELEASE,deterministic_local_DOM_cell_header_roundtrip,/html/body/div[3]/div/div[2]/main/div/div/div/div[2]/div/div/div/div[1]/div/div/div[2]/div[2]/div[1]/div/div[10]/table/tbody/tr[4]/td[5],True,True,True,False,True,waived_by_user_not_observed,False,segment_definition_change_reason_not_yet_audited
AUDIT-US-MSFT-FY2025-Q4-RELEASE-US-MSFT-CONSOLIDATED-revenue-FY2025-Q4-current_period,US-MSFT-FY2025-Q4-RELEASE-US-MSFT-CONSOLIDATED-revenue-FY2025-Q4-current_period,US-MSFT-FY2025-Q4-RELEASE,deterministic_local_DOM_cell_header_roundtrip,/html/body/div[3]/div/div[2]/main/div/div/div/div[2]/div/div/div/div[1]/div/div/div[2]/div[2]/div/div/table[5]/tbody/tr[4]/td[1],True,True,True,False,True,waived_by_user_not_observed,False,corporate_consolidation_not_explicit_in_release
AUDIT-US-MSFT-FY2025-Q4-RELEASE-US-MSFT-CONSOLIDATED-operating_income-FY2025-Q4-current_period,US-MSFT-FY2025-Q4-RELEASE-US-MSFT-CONSOLIDATED-operating_income-FY2025-Q4-current_period,US-MSFT-FY2025-Q4-RELEASE,deterministic_local_DOM_cell_header_roundtrip,/html/body/div[3]/div/div[2]/main/div/div/div/div[2]/div/div/div/div[1]/div/div/div[2]/div[2]/div/div/table[5]/tbody/tr[13]/td[1],True,True,True,False,True,waived_by_user_not_observed,False,corporate_consolidation_not_explicit_in_release
AUDIT-US-MSFT-FY2025-Q4-RELEASE-US-MSFT-CONSOLIDATED-net_income-FY2025-Q4-current_period,US-MSFT-FY2025-Q4-RELEASE-US-MSFT-CONSOLIDATED-net_income-FY2025-Q4-current_period,US-MSFT-FY2025-Q4-RELEASE,deterministic_local_DOM_cell_header_roundtrip,/html/body/div[3]/div/div[2]/main/div/div/div/div[2]/div/div/div/div[1]/div/div/div[2]/div[2]/div/div/table[5]/tbody/tr[17]/td[1],True,True,True,False,True,waived_by_user_not_observed,False,corporate_consolidation_not_explicit_in_release
AUDIT-US-MSFT-FY2025-Q4-RELEASE-US-MSFT-CONSOLIDATED-cfo-FY2025-Q4-current_period,US-MSFT-FY2025-Q4-RELEASE-US-MSFT-CONSOLIDATED-cfo-FY2025-Q4-current_period,US-MSFT-FY2025-Q4-RELEASE,deterministic_local_DOM_cell_header_roundtrip,/html/body/div[3]/div/div[2]/main/div/div/div/div[2]/div/div/div/div[1]/div/div/div[2]/div[2]/div/div/table[8]/tbody/tr[18]/td[1],True,True,True,False,True,waived_by_user_not_observed,False,corporate_consolidation_not_explicit_in_release
AUDIT-US-MSFT-FY2025-Q4-RELEASE-US-MSFT-CONSOLIDATED-positive_cash_capex-FY2025-Q4-current_period,US-MSFT-FY2025-Q4-RELEASE-US-MSFT-CONSOLIDATED-positive_cash_capex-FY2025-Q4-current_period,US-MSFT-FY2025-Q4-RELEASE,deterministic_local_DOM_cell_header_roundtrip,/html/body/div[3]/div/div[2]/main/div/div/div/div[2]/div/div/div/div[1]/div/div/div[2]/div[2]/div/div/table[8]/tbody/tr[29]/td[1],True,True,True,False,True,waived_by_user_not_observed,False,corporate_consolidation_not_explicit_in_release
AUDIT-US-MSFT-FY2025-Q4-RELEASE-US-MSFT-CONSOLIDATED-revenue-FY2025-FY-current_period,US-MSFT-FY2025-Q4-RELEASE-US-MSFT-CONSOLIDATED-revenue-FY2025-FY-current_period,US-MSFT-FY2025-Q4-RELEASE,deterministic_local_DOM_cell_header_roundtrip,/html/body/div[3]/div/div[2]/main/div/div/div/div[2]/div/div/div/div[1]/div/div/div[2]/div[2]/div/div/table[5]/tbody/tr[4]/td[5],True,True,True,False,True,waived_by_user_not_observed,False,corporate_consolidation_not_explicit_in_release
AUDIT-US-MSFT-FY2025-Q4-RELEASE-US-MSFT-CONSOLIDATED-operating_income-FY2025-FY-current_period,US-MSFT-FY2025-Q4-RELEASE-US-MSFT-CONSOLIDATED-operating_income-FY2025-FY-current_period,US-MSFT-FY2025-Q4-RELEASE,deterministic_local_DOM_cell_header_roundtrip,/html/body/div[3]/div/div[2]/main/div/div/div/div[2]/div/div/div/div[1]/div/div/div[2]/div[2]/div/div/table[5]/tbody/tr[13]/td[5],True,True,True,False,True,waived_by_user_not_observed,False,corporate_consolidation_not_explicit_in_release
AUDIT-US-MSFT-FY2025-Q4-RELEASE-US-MSFT-CONSOLIDATED-net_income-FY2025-FY-current_period,US-MSFT-FY2025-Q4-RELEASE-US-MSFT-CONSOLIDATED-net_income-FY2025-FY-current_period,US-MSFT-FY2025-Q4-RELEASE,deterministic_local_DOM_cell_header_roundtrip,/html/body/div[3]/div/div[2]/main/div/div/div/div[2]/div/div/div/div[1]/div/div/div[2]/div[2]/div/div/table[5]/tbody/tr[17]/td[5],True,True,True,False,True,waived_by_user_not_observed,False,corporate_consolidation_not_explicit_in_release
AUDIT-US-MSFT-FY2025-Q4-RELEASE-US-MSFT-CONSOLIDATED-cfo-FY2025-FY-current_period,US-MSFT-FY2025-Q4-RELEASE-US-MSFT-CONSOLIDATED-cfo-FY2025-FY-current_period,US-MSFT-FY2025-Q4-RELEASE,deterministic_local_DOM_cell_header_roundtrip,/html/body/div[3]/div/div[2]/main/div/div/div/div[2]/div/div/div/div[1]/div/div/div[2]/div[2]/div/div/table[8]/tbody/tr[18]/td[5],True,True,True,False,True,waived_by_user_not_observed,False,corporate_consolidation_not_explicit_in_release
AUDIT-US-MSFT-FY2025-Q4-RELEASE-US-MSFT-CONSOLIDATED-positive_cash_capex-FY2025-FY-current_period,US-MSFT-FY2025-Q4-RELEASE-US-MSFT-CONSOLIDATED-positive_cash_capex-FY2025-FY-current_period,US-MSFT-FY2025-Q4-RELEASE,deterministic_local_DOM_cell_header_roundtrip,/html/body/div[3]/div/div[2]/main/div/div/div/div[2]/div/div/div/div[1]/div/div/div[2]/div[2]/div/div/table[8]/tbody/tr[29]/td[5],True,True,True,False,True,waived_by_user_not_observed,False,corporate_consolidation_not_explicit_in_release
AUDIT-US-MSFT-FY2025-Q4-RELEASE-US-MSFT-CONSOLIDATED-total_assets-FY2025-instant-current_period,US-MSFT-FY2025-Q4-RELEASE-US-MSFT-CONSOLIDATED-total_assets-FY2025-instant-current_period,US-MSFT-FY2025-Q4-RELEASE,deterministic_local_DOM_cell_header_roundtrip,/html/body/div[3]/div/div[2]/main/div/div/div/div[2]/div/div/div/div[1]/div/div/div[2]/div[2]/div/div/table[7]/tbody/tr[16]/td[1],True,True,True,True,True,waived_by_user_not_observed,False,corporate_consolidation_not_explicit_in_release
AUDIT-US-MSFT-FY2025-Q4-RELEASE-US-MSFT-CONSOLIDATED-cash_and_equivalents-FY2025-instant-current_period,US-MSFT-FY2025-Q4-RELEASE-US-MSFT-CONSOLIDATED-cash_and_equivalents-FY2025-instant-current_period,US-MSFT-FY2025-Q4-RELEASE,deterministic_local_DOM_cell_header_roundtrip,/html/body/div[3]/div/div[2]/main/div/div/div/div[2]/div/div/div/div[1]/div/div/div[2]/div[2]/div/div/table[7]/tbody/tr[3]/td[1],True,True,True,True,True,waived_by_user_not_observed,False,corporate_consolidation_not_explicit_in_release
AUDIT-US-MSFT-FY2025-Q4-RELEASE-US-MSFT-SEG-PBP-revenue-FY2025-FY-current_period,US-MSFT-FY2025-Q4-RELEASE-US-MSFT-SEG-PBP-revenue-FY2025-FY-current_period,US-MSFT-FY2025-Q4-RELEASE,deterministic_local_DOM_cell_header_roundtrip,/html/body/div[3]/div/div[2]/main/div/div/div/div[2]/div/div/div/div[1]/div/div/div[2]/div[2]/div/div/table[9]/tbody/tr[2]/td[5],True,True,True,False,True,waived_by_user_not_observed,False,segment_definition_change_reason_not_yet_audited
AUDIT-US-MSFT-FY2025-Q4-RELEASE-US-MSFT-SEG-PBP-revenue-FY2024-FY-comparative_prior_year,US-MSFT-FY2025-Q4-RELEASE-US-MSFT-SEG-PBP-revenue-FY2024-FY-comparative_prior_year,US-MSFT-FY2025-Q4-RELEASE,deterministic_local_DOM_cell_header_roundtrip,/html/body/div[3]/div/div[2]/main/div/div/div/div[2]/div/div/div/div[1]/div/div/div[2]/div[2]/div/div/table[9]/tbody/tr[2]/td[7],True,True,True,False,True,waived_by_user_not_observed,False,segment_definition_change_reason_not_yet_audited
AUDIT-US-MSFT-FY2025-Q4-RELEASE-US-MSFT-SEG-IC-revenue-FY2025-FY-current_period,US-MSFT-FY2025-Q4-RELEASE-US-MSFT-SEG-IC-revenue-FY2025-FY-current_period,US-MSFT-FY2025-Q4-RELEASE,deterministic_local_DOM_cell_header_roundtrip,/html/body/div[3]/div/div[2]/main/div/div/div/div[2]/div/div/div/div[1]/div/div/div[2]/div[2]/div/div/table[9]/tbody/tr[3]/td[5],True,True,True,False,True,waived_by_user_not_observed,False,segment_definition_change_reason_not_yet_audited
AUDIT-US-MSFT-FY2025-Q4-RELEASE-US-MSFT-SEG-IC-revenue-FY2024-FY-comparative_prior_year,US-MSFT-FY2025-Q4-RELEASE-US-MSFT-SEG-IC-revenue-FY2024-FY-comparative_prior_year,US-MSFT-FY2025-Q4-RELEASE,deterministic_local_DOM_cell_header_roundtrip,/html/body/div[3]/div/div[2]/main/div/div/div/div[2]/div/div/div/div[1]/div/div/div[2]/div[2]/div/div/table[9]/tbody/tr[3]/td[7],True,True,True,False,True,waived_by_user_not_observed,False,segment_definition_change_reason_not_yet_audited
AUDIT-US-MSFT-FY2025-Q4-RELEASE-US-MSFT-SEG-MPC-revenue-FY2025-FY-current_period,US-MSFT-FY2025-Q4-RELEASE-US-MSFT-SEG-MPC-revenue-FY2025-FY-current_period,US-MSFT-FY2025-Q4-RELEASE,deterministic_local_DOM_cell_header_roundtrip,/html/body/div[3]/div/div[2]/main/div/div/div/div[2]/div/div/div/div[1]/div/div/div[2]/div[2]/div/div/table[9]/tbody/tr[4]/td[5],True,True,True,False,True,waived_by_user_not_observed,False,segment_definition_change_reason_not_yet_audited
AUDIT-US-MSFT-FY2025-Q4-RELEASE-US-MSFT-SEG-MPC-revenue-FY2024-FY-comparative_prior_year,US-MSFT-FY2025-Q4-RELEASE-US-MSFT-SEG-MPC-revenue-FY2024-FY-comparative_prior_year,US-MSFT-FY2025-Q4-RELEASE,deterministic_local_DOM_cell_header_roundtrip,/html/body/div[3]/div/div[2]/main/div/div/div/div[2]/div/div/div/div[1]/div/div/div[2]/div[2]/div/div/table[9]/tbody/tr[4]/td[7],True,True,True,False,True,waived_by_user_not_observed,False,segment_definition_change_reason_not_yet_audited
