occurrence_id,claim_id,doc_id,revision_id,event_family_id,company_id,scope_id,product_id,metric_id,metric_raw,value_raw,numeric_value,canonical_unit,unit_raw,scale,currency,accounting_basis,consolidation,definition_version,period_label,period_start,period_end,period_duration_days,fiscal_year,fiscal_quarter,balance_or_flow,aggregation_behavior,modality,published_date,evidence_location,table_xpath,period_header_pointer,year_header_pointer,unit_header_pointer,sign_policy,occurrence_note,source_record_ref,exposure_status,annotation_status,source_record_ref_original,normalization_revision_id,numeric_value_base_units,consolidation_confirmation,metric_context_raw,metric_context_pointer,source_record_ref_v0_2,source_period_header_cell_pointer,source_year_header_cell_pointer,scope_evidence_available_at,period_header_group_pointer_original,year_header_group_pointer_original,scope_evidence_availability_policy
O-5bea4b8bc7bbe1119a6d,US-MSFT-FY2024-Q4-RELEASE-US-MSFT-CONSOLIDATED-revenue-FY2024-Q4-current_period,US-MSFT-FY2024-Q4-RELEASE,US-MSFT-FY2024-Q4-RELEASE-R-a953a5776ce3,US-MSFT-FY2024-Q4-EARNINGS,US-MSFT,US-MSFT-CONSOLIDATED,,revenue,Total revenue,"64,727",64727,USD,millions,1000000,USD,GAAP,consolidated,us-financial-0.1,Q4,2024-04-01,2024-06-30,91,2024,4,flow,additive_flow,actual_reported,2024-07-30,/html/body/div[3]/div/div[2]/main/div/div/div/div[2]/div/div/div/div[1]/div/div/div[2]/div[2]/div[1]/div/div[6]/table/tbody/tr[4]/td[1],/html/body/div[3]/div/div[2]/main/div/div/div/div[2]/div/div/div/div[1]/div/div/div[2]/div[2]/div[1]/div/div[6]/table,/html/body/div[3]/div/div[2]/main/div/div/div/div[2]/div/div/div/div[1]/div/div/div[2]/div[2]/div[1]/div/div[6]/table/thead/tr[1]/th[2],/html/body/div[3]/div/div[2]/main/div/div/div/div[2]/div/div/div/div[1]/div/div/div[2]/div[2]/div[1]/div/div[6]/table/thead/tr[3]/th[2],/html/body/div[3]/div/div[2]/main/div/div/div/div[2]/div/div/div/div[1]/div/div/div[2]/div[2]/div[1]/div/div[6]/table/caption,preserve,current_period,../p0/available_20261005/facts_v0_3.jsonl#US-MSFT-FY2024-Q4-RELEASE-US-MSFT-CONSOLIDATED-revenue-FY2024-Q4-current_period,adaptation,agent_draft,../p0/available_20261005/facts.jsonl#US-MSFT-FY2024-Q4-RELEASE-US-MSFT-CONSOLIDATED-revenue-FY2024-Q4-current_period,p03-factual-reference-0.3,64727000000,official_annual_report_principles_of_consolidation_local_fact_corroborated,,,../p0/available_20261005/facts_v0_2.jsonl#US-MSFT-FY2024-Q4-RELEASE-US-MSFT-CONSOLIDATED-revenue-FY2024-Q4-current_period,/html/body/div[3]/div/div[2]/main/div/div/div/div[2]/div/div/div/div[1]/div/div/div[2]/div[2]/div[1]/div/div[6]/table/thead/tr[1]/th[2],/html/body/div[3]/div/div[2]/main/div/div/div/div[2]/div/div/div/div[1]/div/div/div[2]/div[2]/div[1]/div/div[6]/table/thead/tr[3]/th[2],2026-10-05T12:31:51.408141+00:00,/html/body/div[3]/div/div[2]/main/div/div/div/div[2]/div/div/div/div[1]/div/div/div[2]/div[2]/div[1]/div/div[6]/table/thead/tr[1],/html/body/div[3]/div/div[2]/main/div/div/div/div[2]/div/div/div/div[1]/div/div/div[2]/div[2]/div[1]/div/div[6]/table/thead/tr[3],retrospective_corroboration_observed_2026_not_assumed_available_2024
O-f06a7a5d204c05f75808,US-MSFT-FY2024-Q4-RELEASE-US-MSFT-CONSOLIDATED-operating_income-FY2024-Q4-current_period,US-MSFT-FY2024-Q4-RELEASE,US-MSFT-FY2024-Q4-RELEASE-R-a953a5776ce3,US-MSFT-FY2024-Q4-EARNINGS,US-MSFT,US-MSFT-CONSOLIDATED,,operating_income,Operating income,"27,925",27925,USD,millions,1000000,USD,GAAP,consolidated,us-financial-0.1,Q4,2024-04-01,2024-06-30,91,2024,4,flow,additive_flow,actual_reported,2024-07-30,/html/body/div[3]/div/div[2]/main/div/div/div/div[2]/div/div/div/div[1]/div/div/div[2]/div[2]/div[1]/div/div[6]/table/tbody/tr[13]/td[1],/html/body/div[3]/div/div[2]/main/div/div/div/div[2]/div/div/div/div[1]/div/div/div[2]/div[2]/div[1]/div/div[6]/table,/html/body/div[3]/div/div[2]/main/div/div/div/div[2]/div/div/div/div[1]/div/div/div[2]/div[2]/div[1]/div/div[6]/table/thead/tr[1]/th[2],/html/body/div[3]/div/div[2]/main/div/div/div/div[2]/div/div/div/div[1]/div/div/div[2]/div[2]/div[1]/div/div[6]/table/thead/tr[3]/th[2],/html/body/div[3]/div/div[2]/main/div/div/div/div[2]/div/div/div/div[1]/div/div/div[2]/div[2]/div[1]/div/div[6]/table/caption,preserve,current_period,../p0/available_20261005/facts_v0_3.jsonl#US-MSFT-FY2024-Q4-RELEASE-US-MSFT-CONSOLIDATED-operating_income-FY2024-Q4-current_period,adaptation,agent_draft,../p0/available_20261005/facts.jsonl#US-MSFT-FY2024-Q4-RELEASE-US-MSFT-CONSOLIDATED-operating_income-FY2024-Q4-current_period,p03-factual-reference-0.3,27925000000,official_annual_report_principles_of_consolidation_local_fact_corroborated,,,../p0/available_20261005/facts_v0_2.jsonl#US-MSFT-FY2024-Q4-RELEASE-US-MSFT-CONSOLIDATED-operating_income-FY2024-Q4-current_period,/html/body/div[3]/div/div[2]/main/div/div/div/div[2]/div/div/div/div[1]/div/div/div[2]/div[2]/div[1]/div/div[6]/table/thead/tr[1]/th[2],/html/body/div[3]/div/div[2]/main/div/div/div/div[2]/div/div/div/div[1]/div/div/div[2]/div[2]/div[1]/div/div[6]/table/thead/tr[3]/th[2],2026-10-05T12:31:51.408141+00:00,/html/body/div[3]/div/div[2]/main/div/div/div/div[2]/div/div/div/div[1]/div/div/div[2]/div[2]/div[1]/div/div[6]/table/thead/tr[1],/html/body/div[3]/div/div[2]/main/div/div/div/div[2]/div/div/div/div[1]/div/div/div[2]/div[2]/div[1]/div/div[6]/table/thead/tr[3],retrospective_corroboration_observed_2026_not_assumed_available_2024
O-1eab08beee86e0664a68,US-MSFT-FY2024-Q4-RELEASE-US-MSFT-CONSOLIDATED-net_income-FY2024-Q4-current_period,US-MSFT-FY2024-Q4-RELEASE,US-MSFT-FY2024-Q4-RELEASE-R-a953a5776ce3,US-MSFT-FY2024-Q4-EARNINGS,US-MSFT,US-MSFT-CONSOLIDATED,,net_income,Net income,"$22,036",22036,USD,millions,1000000,USD,GAAP,consolidated,us-financial-0.1,Q4,2024-04-01,2024-06-30,91,2024,4,flow,additive_flow,actual_reported,2024-07-30,/html/body/div[3]/div/div[2]/main/div/div/div/div[2]/div/div/div/div[1]/div/div/div[2]/div[2]/div[1]/div/div[6]/table/tbody/tr[17]/td[1],/html/body/div[3]/div/div[2]/main/div/div/div/div[2]/div/div/div/div[1]/div/div/div[2]/div[2]/div[1]/div/div[6]/table,/html/body/div[3]/div/div[2]/main/div/div/div/div[2]/div/div/div/div[1]/div/div/div[2]/div[2]/div[1]/div/div[6]/table/thead/tr[1]/th[2],/html/body/div[3]/div/div[2]/main/div/div/div/div[2]/div/div/div/div[1]/div/div/div[2]/div[2]/div[1]/div/div[6]/table/thead/tr[3]/th[2],/html/body/div[3]/div/div[2]/main/div/div/div/div[2]/div/div/div/div[1]/div/div/div[2]/div[2]/div[1]/div/div[6]/table/caption,preserve,current_period,../p0/available_20261005/facts_v0_3.jsonl#US-MSFT-FY2024-Q4-RELEASE-US-MSFT-CONSOLIDATED-net_income-FY2024-Q4-current_period,adaptation,agent_draft,../p0/available_20261005/facts.jsonl#US-MSFT-FY2024-Q4-RELEASE-US-MSFT-CONSOLIDATED-net_income-FY2024-Q4-current_period,p03-factual-reference-0.3,22036000000,official_annual_report_principles_of_consolidation_local_fact_corroborated,,,../p0/available_20261005/facts_v0_2.jsonl#US-MSFT-FY2024-Q4-RELEASE-US-MSFT-CONSOLIDATED-net_income-FY2024-Q4-current_period,/html/body/div[3]/div/div[2]/main/div/div/div/div[2]/div/div/div/div[1]/div/div/div[2]/div[2]/div[1]/div/div[6]/table/thead/tr[1]/th[2],/html/body/div[3]/div/div[2]/main/div/div/div/div[2]/div/div/div/div[1]/div/div/div[2]/div[2]/div[1]/div/div[6]/table/thead/tr[3]/th[2],2026-10-05T12:31:51.408141+00:00,/html/body/div[3]/div/div[2]/main/div/div/div/div[2]/div/div/div/div[1]/div/div/div[2]/div[2]/div[1]/div/div[6]/table/thead/tr[1],/html/body/div[3]/div/div[2]/main/div/div/div/div[2]/div/div/div/div[1]/div/div/div[2]/div[2]/div[1]/div/div[6]/table/thead/tr[3],retrospective_corroboration_observed_2026_not_assumed_available_2024
O-b5c99e28fa03dac1fa97,US-MSFT-FY2024-Q4-RELEASE-US-MSFT-CONSOLIDATED-cfo-FY2024-Q4-current_period,US-MSFT-FY2024-Q4-RELEASE,US-MSFT-FY2024-Q4-RELEASE-R-a953a5776ce3,US-MSFT-FY2024-Q4-EARNINGS,US-MSFT,US-MSFT-CONSOLIDATED,,cfo,Net cash from operations,"37,195",37195,USD,millions,1000000,USD,GAAP,consolidated,us-financial-0.1,Q4,2024-04-01,2024-06-30,91,2024,4,flow,additive_flow,actual_reported,2024-07-30,/html/body/div[3]/div/div[2]/main/div/div/div/div[2]/div/div/div/div[1]/div/div/div[2]/div[2]/div[1]/div/div[9]/table/tbody/tr[18]/td[1],/html/body/div[3]/div/div[2]/main/div/div/div/div[2]/div/div/div/div[1]/div/div/div[2]/div[2]/div[1]/div/div[9]/table,/html/body/div[3]/div/div[2]/main/div/div/div/div[2]/div/div/div/div[1]/div/div/div[2]/div[2]/div[1]/div/div[9]/table/thead/tr[1]/th[2],/html/body/div[3]/div/div[2]/main/div/div/div/div[2]/div/div/div/div[1]/div/div/div[2]/div[2]/div[1]/div/div[9]/table/thead/tr[3]/th[2],/html/body/div[3]/div/div[2]/main/div/div/div/div[2]/div/div/div/div[1]/div/div/div[2]/div[2]/div[1]/div/div[9]/table/caption,preserve,current_period,../p0/available_20261005/facts_v0_3.jsonl#US-MSFT-FY2024-Q4-RELEASE-US-MSFT-CONSOLIDATED-cfo-FY2024-Q4-current_period,adaptation,agent_draft,../p0/available_20261005/facts.jsonl#US-MSFT-FY2024-Q4-RELEASE-US-MSFT-CONSOLIDATED-cfo-FY2024-Q4-current_period,p03-factual-reference-0.3,37195000000,official_annual_report_principles_of_consolidation_local_fact_corroborated,,,../p0/available_20261005/facts_v0_2.jsonl#US-MSFT-FY2024-Q4-RELEASE-US-MSFT-CONSOLIDATED-cfo-FY2024-Q4-current_period,/html/body/div[3]/div/div[2]/main/div/div/div/div[2]/div/div/div/div[1]/div/div/div[2]/div[2]/div[1]/div/div[9]/table/thead/tr[1]/th[2],/html/body/div[3]/div/div[2]/main/div/div/div/div[2]/div/div/div/div[1]/div/div/div[2]/div[2]/div[1]/div/div[9]/table/thead/tr[3]/th[2],2026-10-05T12:31:51.408141+00:00,/html/body/div[3]/div/div[2]/main/div/div/div/div[2]/div/div/div/div[1]/div/div/div[2]/div[2]/div[1]/div/div[9]/table/thead/tr[1],/html/body/div[3]/div/div[2]/main/div/div/div/div[2]/div/div/div/div[1]/div/div/div[2]/div[2]/div[1]/div/div[9]/table/thead/tr[3],retrospective_corroboration_observed_2026_not_assumed_available_2024
O-0fe34d7da136604b29aa,US-MSFT-FY2024-Q4-RELEASE-US-MSFT-CONSOLIDATED-positive_cash_capex-FY2024-Q4-current_period,US-MSFT-FY2024-Q4-RELEASE,US-MSFT-FY2024-Q4-RELEASE-R-a953a5776ce3,US-MSFT-FY2024-Q4-EARNINGS,US-MSFT,US-MSFT-CONSOLIDATED,,positive_cash_capex,Additions to property and equipment,"(13,873)",13873,USD,millions,1000000,USD,GAAP,consolidated,us-financial-0.1,Q4,2024-04-01,2024-06-30,91,2024,4,flow,additive_flow,actual_reported,2024-07-30,/html/body/div[3]/div/div[2]/main/div/div/div/div[2]/div/div/div/div[1]/div/div/div[2]/div[2]/div[1]/div/div[9]/table/tbody/tr[29]/td[1],/html/body/div[3]/div/div[2]/main/div/div/div/div[2]/div/div/div/div[1]/div/div/div[2]/div[2]/div[1]/div/div[9]/table,/html/body/div[3]/div/div[2]/main/div/div/div/div[2]/div/div/div/div[1]/div/div/div[2]/div[2]/div[1]/div/div[9]/table/thead/tr[1]/th[2],/html/body/div[3]/div/div[2]/main/div/div/div/div[2]/div/div/div/div[1]/div/div/div[2]/div[2]/div[1]/div/div[9]/table/thead/tr[3]/th[2],/html/body/div[3]/div/div[2]/main/div/div/div/div[2]/div/div/div/div[1]/div/div/div[2]/div[2]/div[1]/div/div[9]/table/caption,outflow_to_positive,current_period,../p0/available_20261005/facts_v0_3.jsonl#US-MSFT-FY2024-Q4-RELEASE-US-MSFT-CONSOLIDATED-positive_cash_capex-FY2024-Q4-current_period,adaptation,agent_draft,../p0/available_20261005/facts.jsonl#US-MSFT-FY2024-Q4-RELEASE-US-MSFT-CONSOLIDATED-positive_cash_capex-FY2024-Q4-current_period,p03-factual-reference-0.3,13873000000,official_annual_report_principles_of_consolidation_local_fact_corroborated,,,../p0/available_20261005/facts_v0_2.jsonl#US-MSFT-FY2024-Q4-RELEASE-US-MSFT-CONSOLIDATED-positive_cash_capex-FY2024-Q4-current_period,/html/body/div[3]/div/div[2]/main/div/div/div/div[2]/div/div/div/div[1]/div/div/div[2]/div[2]/div[1]/div/div[9]/table/thead/tr[1]/th[2],/html/body/div[3]/div/div[2]/main/div/div/div/div[2]/div/div/div/div[1]/div/div/div[2]/div[2]/div[1]/div/div[9]/table/thead/tr[3]/th[2],2026-10-05T12:31:51.408141+00:00,/html/body/div[3]/div/div[2]/main/div/div/div/div[2]/div/div/div/div[1]/div/div/div[2]/div[2]/div[1]/div/div[9]/table/thead/tr[1],/html/body/div[3]/div/div[2]/main/div/div/div/div[2]/div/div/div/div[1]/div/div/div[2]/div[2]/div[1]/div/div[9]/table/thead/tr[3],retrospective_corroboration_observed_2026_not_assumed_available_2024
O-47b4efeea79d8e7795ba,US-MSFT-FY2024-Q4-RELEASE-US-MSFT-CONSOLIDATED-revenue-FY2024-FY-current_period,US-MSFT-FY2024-Q4-RELEASE,US-MSFT-FY2024-Q4-RELEASE-R-a953a5776ce3,US-MSFT-FY2024-Q4-EARNINGS,US-MSFT,US-MSFT-CONSOLIDATED,,revenue,Total revenue,"245,122",245122,USD,millions,1000000,USD,GAAP,consolidated,us-financial-0.1,FY,2023-07-01,2024-06-30,366,2024,,flow,additive_flow,actual_reported,2024-07-30,/html/body/div[3]/div/div[2]/main/div/div/div/div[2]/div/div/div/div[1]/div/div/div[2]/div[2]/div[1]/div/div[6]/table/tbody/tr[4]/td[5],/html/body/div[3]/div/div[2]/main/div/div/div/div[2]/div/div/div/div[1]/div/div/div[2]/div[2]/div[1]/div/div[6]/table,/html/body/div[3]/div/div[2]/main/div/div/div/div[2]/div/div/div/div[1]/div/div/div[2]/div[2]/div[1]/div/div[6]/table/thead/tr[1]/th[4],/html/body/div[3]/div/div[2]/main/div/div/div/div[2]/div/div/div/div[1]/div/div/div[2]/div[2]/div[1]/div/div[6]/table/thead/tr[3]/th[6],/html/body/div[3]/div/div[2]/main/div/div/div/div[2]/div/div/div/div[1]/div/div/div[2]/div[2]/div[1]/div/div[6]/table/caption,preserve,current_period,../p0/available_20261005/facts_v0_3.jsonl#US-MSFT-FY2024-Q4-RELEASE-US-MSFT-CONSOLIDATED-revenue-FY2024-FY-current_period,adaptation,agent_draft,../p0/available_20261005/facts.jsonl#US-MSFT-FY2024-Q4-RELEASE-US-MSFT-CONSOLIDATED-revenue-FY2024-FY-current_period,p03-factual-reference-0.3,245122000000,official_annual_report_principles_of_consolidation_local_fact_corroborated,,,../p0/available_20261005/facts_v0_2.jsonl#US-MSFT-FY2024-Q4-RELEASE-US-MSFT-CONSOLIDATED-revenue-FY2024-FY-current_period,/html/body/div[3]/div/div[2]/main/div/div/div/div[2]/div/div/div/div[1]/div/div/div[2]/div[2]/div[1]/div/div[6]/table/thead/tr[1]/th[4],/html/body/div[3]/div/div[2]/main/div/div/div/div[2]/div/div/div/div[1]/div/div/div[2]/div[2]/div[1]/div/div[6]/table/thead/tr[3]/th[6],2026-10-05T12:31:51.408141+00:00,/html/body/div[3]/div/div[2]/main/div/div/div/div[2]/div/div/div/div[1]/div/div/div[2]/div[2]/div[1]/div/div[6]/table/thead/tr[1],/html/body/div[3]/div/div[2]/main/div/div/div/div[2]/div/div/div/div[1]/div/div/div[2]/div[2]/div[1]/div/div[6]/table/thead/tr[3],retrospective_corroboration_observed_2026_not_assumed_available_2024
O-5e7ddf3a34bc4ae53a8c,US-MSFT-FY2024-Q4-RELEASE-US-MSFT-CONSOLIDATED-operating_income-FY2024-FY-current_period,US-MSFT-FY2024-Q4-RELEASE,US-MSFT-FY2024-Q4-RELEASE-R-a953a5776ce3,US-MSFT-FY2024-Q4-EARNINGS,US-MSFT,US-MSFT-CONSOLIDATED,,operating_income,Operating income,"109,433",109433,USD,millions,1000000,USD,GAAP,consolidated,us-financial-0.1,FY,2023-07-01,2024-06-30,366,2024,,flow,additive_flow,actual_reported,2024-07-30,/html/body/div[3]/div/div[2]/main/div/div/div/div[2]/div/div/div/div[1]/div/div/div[2]/div[2]/div[1]/div/div[6]/table/tbody/tr[13]/td[5],/html/body/div[3]/div/div[2]/main/div/div/div/div[2]/div/div/div/div[1]/div/div/div[2]/div[2]/div[1]/div/div[6]/table,/html/body/div[3]/div/div[2]/main/div/div/div/div[2]/div/div/div/div[1]/div/div/div[2]/div[2]/div[1]/div/div[6]/table/thead/tr[1]/th[4],/html/body/div[3]/div/div[2]/main/div/div/div/div[2]/div/div/div/div[1]/div/div/div[2]/div[2]/div[1]/div/div[6]/table/thead/tr[3]/th[6],/html/body/div[3]/div/div[2]/main/div/div/div/div[2]/div/div/div/div[1]/div/div/div[2]/div[2]/div[1]/div/div[6]/table/caption,preserve,current_period,../p0/available_20261005/facts_v0_3.jsonl#US-MSFT-FY2024-Q4-RELEASE-US-MSFT-CONSOLIDATED-operating_income-FY2024-FY-current_period,adaptation,agent_draft,../p0/available_20261005/facts.jsonl#US-MSFT-FY2024-Q4-RELEASE-US-MSFT-CONSOLIDATED-operating_income-FY2024-FY-current_period,p03-factual-reference-0.3,109433000000,official_annual_report_principles_of_consolidation_local_fact_corroborated,,,../p0/available_20261005/facts_v0_2.jsonl#US-MSFT-FY2024-Q4-RELEASE-US-MSFT-CONSOLIDATED-operating_income-FY2024-FY-current_period,/html/body/div[3]/div/div[2]/main/div/div/div/div[2]/div/div/div/div[1]/div/div/div[2]/div[2]/div[1]/div/div[6]/table/thead/tr[1]/th[4],/html/body/div[3]/div/div[2]/main/div/div/div/div[2]/div/div/div/div[1]/div/div/div[2]/div[2]/div[1]/div/div[6]/table/thead/tr[3]/th[6],2026-10-05T12:31:51.408141+00:00,/html/body/div[3]/div/div[2]/main/div/div/div/div[2]/div/div/div/div[1]/div/div/div[2]/div[2]/div[1]/div/div[6]/table/thead/tr[1],/html/body/div[3]/div/div[2]/main/div/div/div/div[2]/div/div/div/div[1]/div/div/div[2]/div[2]/div[1]/div/div[6]/table/thead/tr[3],retrospective_corroboration_observed_2026_not_assumed_available_2024
O-4a255357f3a67b9b98be,US-MSFT-FY2024-Q4-RELEASE-US-MSFT-CONSOLIDATED-net_income-FY2024-FY-current_period,US-MSFT-FY2024-Q4-RELEASE,US-MSFT-FY2024-Q4-RELEASE-R-a953a5776ce3,US-MSFT-FY2024-Q4-EARNINGS,US-MSFT,US-MSFT-CONSOLIDATED,,net_income,Net income,"$88,136",88136,USD,millions,1000000,USD,GAAP,consolidated,us-financial-0.1,FY,2023-07-01,2024-06-30,366,2024,,flow,additive_flow,actual_reported,2024-07-30,/html/body/div[3]/div/div[2]/main/div/div/div/div[2]/div/div/div/div[1]/div/div/div[2]/div[2]/div[1]/div/div[6]/table/tbody/tr[17]/td[5],/html/body/div[3]/div/div[2]/main/div/div/div/div[2]/div/div/div/div[1]/div/div/div[2]/div[2]/div[1]/div/div[6]/table,/html/body/div[3]/div/div[2]/main/div/div/div/div[2]/div/div/div/div[1]/div/div/div[2]/div[2]/div[1]/div/div[6]/table/thead/tr[1]/th[4],/html/body/div[3]/div/div[2]/main/div/div/div/div[2]/div/div/div/div[1]/div/div/div[2]/div[2]/div[1]/div/div[6]/table/thead/tr[3]/th[6],/html/body/div[3]/div/div[2]/main/div/div/div/div[2]/div/div/div/div[1]/div/div/div[2]/div[2]/div[1]/div/div[6]/table/caption,preserve,current_period,../p0/available_20261005/facts_v0_3.jsonl#US-MSFT-FY2024-Q4-RELEASE-US-MSFT-CONSOLIDATED-net_income-FY2024-FY-current_period,adaptation,agent_draft,../p0/available_20261005/facts.jsonl#US-MSFT-FY2024-Q4-RELEASE-US-MSFT-CONSOLIDATED-net_income-FY2024-FY-current_period,p03-factual-reference-0.3,88136000000,official_annual_report_principles_of_consolidation_local_fact_corroborated,,,../p0/available_20261005/facts_v0_2.jsonl#US-MSFT-FY2024-Q4-RELEASE-US-MSFT-CONSOLIDATED-net_income-FY2024-FY-current_period,/html/body/div[3]/div/div[2]/main/div/div/div/div[2]/div/div/div/div[1]/div/div/div[2]/div[2]/div[1]/div/div[6]/table/thead/tr[1]/th[4],/html/body/div[3]/div/div[2]/main/div/div/div/div[2]/div/div/div/div[1]/div/div/div[2]/div[2]/div[1]/div/div[6]/table/thead/tr[3]/th[6],2026-10-05T12:31:51.408141+00:00,/html/body/div[3]/div/div[2]/main/div/div/div/div[2]/div/div/div/div[1]/div/div/div[2]/div[2]/div[1]/div/div[6]/table/thead/tr[1],/html/body/div[3]/div/div[2]/main/div/div/div/div[2]/div/div/div/div[1]/div/div/div[2]/div[2]/div[1]/div/div[6]/table/thead/tr[3],retrospective_corroboration_observed_2026_not_assumed_available_2024
O-76f07100cb8f81d39d29,US-MSFT-FY2024-Q4-RELEASE-US-MSFT-CONSOLIDATED-cfo-FY2024-FY-current_period,US-MSFT-FY2024-Q4-RELEASE,US-MSFT-FY2024-Q4-RELEASE-R-a953a5776ce3,US-MSFT-FY2024-Q4-EARNINGS,US-MSFT,US-MSFT-CONSOLIDATED,,cfo,Net cash from operations,"118,548",118548,USD,millions,1000000,USD,GAAP,consolidated,us-financial-0.1,FY,2023-07-01,2024-06-30,366,2024,,flow,additive_flow,actual_reported,2024-07-30,/html/body/div[3]/div/div[2]/main/div/div/div/div[2]/div/div/div/div[1]/div/div/div[2]/div[2]/div[1]/div/div[9]/table/tbody/tr[18]/td[5],/html/body/div[3]/div/div[2]/main/div/div/div/div[2]/div/div/div/div[1]/div/div/div[2]/div[2]/div[1]/div/div[9]/table,/html/body/div[3]/div/div[2]/main/div/div/div/div[2]/div/div/div/div[1]/div/div/div[2]/div[2]/div[1]/div/div[9]/table/thead/tr[1]/th[4],/html/body/div[3]/div/div[2]/main/div/div/div/div[2]/div/div/div/div[1]/div/div/div[2]/div[2]/div[1]/div/div[9]/table/thead/tr[3]/th[6],/html/body/div[3]/div/div[2]/main/div/div/div/div[2]/div/div/div/div[1]/div/div/div[2]/div[2]/div[1]/div/div[9]/table/caption,preserve,current_period,../p0/available_20261005/facts_v0_3.jsonl#US-MSFT-FY2024-Q4-RELEASE-US-MSFT-CONSOLIDATED-cfo-FY2024-FY-current_period,adaptation,agent_draft,../p0/available_20261005/facts.jsonl#US-MSFT-FY2024-Q4-RELEASE-US-MSFT-CONSOLIDATED-cfo-FY2024-FY-current_period,p03-factual-reference-0.3,118548000000,official_annual_report_principles_of_consolidation_local_fact_corroborated,,,../p0/available_20261005/facts_v0_2.jsonl#US-MSFT-FY2024-Q4-RELEASE-US-MSFT-CONSOLIDATED-cfo-FY2024-FY-current_period,/html/body/div[3]/div/div[2]/main/div/div/div/div[2]/div/div/div/div[1]/div/div/div[2]/div[2]/div[1]/div/div[9]/table/thead/tr[1]/th[4],/html/body/div[3]/div/div[2]/main/div/div/div/div[2]/div/div/div/div[1]/div/div/div[2]/div[2]/div[1]/div/div[9]/table/thead/tr[3]/th[6],2026-10-05T12:31:51.408141+00:00,/html/body/div[3]/div/div[2]/main/div/div/div/div[2]/div/div/div/div[1]/div/div/div[2]/div[2]/div[1]/div/div[9]/table/thead/tr[1],/html/body/div[3]/div/div[2]/main/div/div/div/div[2]/div/div/div/div[1]/div/div/div[2]/div[2]/div[1]/div/div[9]/table/thead/tr[3],retrospective_corroboration_observed_2026_not_assumed_available_2024
O-14c38177bfddaa88ecba,US-MSFT-FY2024-Q4-RELEASE-US-MSFT-CONSOLIDATED-positive_cash_capex-FY2024-FY-current_period,US-MSFT-FY2024-Q4-RELEASE,US-MSFT-FY2024-Q4-RELEASE-R-a953a5776ce3,US-MSFT-FY2024-Q4-EARNINGS,US-MSFT,US-MSFT-CONSOLIDATED,,positive_cash_capex,Additions to property and equipment,"(44,477)",44477,USD,millions,1000000,USD,GAAP,consolidated,us-financial-0.1,FY,2023-07-01,2024-06-30,366,2024,,flow,additive_flow,actual_reported,2024-07-30,/html/body/div[3]/div/div[2]/main/div/div/div/div[2]/div/div/div/div[1]/div/div/div[2]/div[2]/div[1]/div/div[9]/table/tbody/tr[29]/td[5],/html/body/div[3]/div/div[2]/main/div/div/div/div[2]/div/div/div/div[1]/div/div/div[2]/div[2]/div[1]/div/div[9]/table,/html/body/div[3]/div/div[2]/main/div/div/div/div[2]/div/div/div/div[1]/div/div/div[2]/div[2]/div[1]/div/div[9]/table/thead/tr[1]/th[4],/html/body/div[3]/div/div[2]/main/div/div/div/div[2]/div/div/div/div[1]/div/div/div[2]/div[2]/div[1]/div/div[9]/table/thead/tr[3]/th[6],/html/body/div[3]/div/div[2]/main/div/div/div/div[2]/div/div/div/div[1]/div/div/div[2]/div[2]/div[1]/div/div[9]/table/caption,outflow_to_positive,current_period,../p0/available_20261005/facts_v0_3.jsonl#US-MSFT-FY2024-Q4-RELEASE-US-MSFT-CONSOLIDATED-positive_cash_capex-FY2024-FY-current_period,adaptation,agent_draft,../p0/available_20261005/facts.jsonl#US-MSFT-FY2024-Q4-RELEASE-US-MSFT-CONSOLIDATED-positive_cash_capex-FY2024-FY-current_period,p03-factual-reference-0.3,44477000000,official_annual_report_principles_of_consolidation_local_fact_corroborated,,,../p0/available_20261005/facts_v0_2.jsonl#US-MSFT-FY2024-Q4-RELEASE-US-MSFT-CONSOLIDATED-positive_cash_capex-FY2024-FY-current_period,/html/body/div[3]/div/div[2]/main/div/div/div/div[2]/div/div/div/div[1]/div/div/div[2]/div[2]/div[1]/div/div[9]/table/thead/tr[1]/th[4],/html/body/div[3]/div/div[2]/main/div/div/div/div[2]/div/div/div/div[1]/div/div/div[2]/div[2]/div[1]/div/div[9]/table/thead/tr[3]/th[6],2026-10-05T12:31:51.408141+00:00,/html/body/div[3]/div/div[2]/main/div/div/div/div[2]/div/div/div/div[1]/div/div/div[2]/div[2]/div[1]/div/div[9]/table/thead/tr[1],/html/body/div[3]/div/div[2]/main/div/div/div/div[2]/div/div/div/div[1]/div/div/div[2]/div[2]/div[1]/div/div[9]/table/thead/tr[3],retrospective_corroboration_observed_2026_not_assumed_available_2024
O-a749ffa6058a4aab064b,US-MSFT-FY2024-Q4-RELEASE-US-MSFT-CONSOLIDATED-total_assets-FY2024-instant-current_period,US-MSFT-FY2024-Q4-RELEASE,US-MSFT-FY2024-Q4-RELEASE-R-a953a5776ce3,US-MSFT-FY2024-Q4-EARNINGS,US-MSFT,US-MSFT-CONSOLIDATED,,total_assets,Total assets,"$512,163",512163,USD,millions,1000000,USD,GAAP,consolidated,us-financial-0.1,instant,2024-06-30,2024-06-30,0,2024,,balance,instant_balance,actual_reported,2024-07-30,/html/body/div[3]/div/div[2]/main/div/div/div/div[2]/div/div/div/div[1]/div/div/div[2]/div[2]/div[1]/div/div[8]/table/tbody/tr[16]/td[1],/html/body/div[3]/div/div[2]/main/div/div/div/div[2]/div/div/div/div[1]/div/div/div[2]/div[2]/div[1]/div/div[8]/table,/html/body/div[3]/div/div[2]/main/div/div/div/div[2]/div/div/div/div[1]/div/div/div[2]/div[2]/div[1]/div/div[8]/table/thead/tr/th[2],/html/body/div[3]/div/div[2]/main/div/div/div/div[2]/div/div/div/div[1]/div/div/div[2]/div[2]/div[1]/div/div[8]/table/thead/tr/th[2],/html/body/div[3]/div/div[2]/main/div/div/div/div[2]/div/div/div/div[1]/div/div/div[2]/div[2]/div[1]/div/div[8]/table/caption,preserve,current_period,../p0/available_20261005/facts_v0_3.jsonl#US-MSFT-FY2024-Q4-RELEASE-US-MSFT-CONSOLIDATED-total_assets-FY2024-instant-current_period,adaptation,agent_draft,../p0/available_20261005/facts.jsonl#US-MSFT-FY2024-Q4-RELEASE-US-MSFT-CONSOLIDATED-total_assets-FY2024-instant-current_period,p03-factual-reference-0.3,512163000000,official_annual_report_principles_of_consolidation_local_fact_corroborated,,,../p0/available_20261005/facts_v0_2.jsonl#US-MSFT-FY2024-Q4-RELEASE-US-MSFT-CONSOLIDATED-total_assets-FY2024-instant-current_period,/html/body/div[3]/div/div[2]/main/div/div/div/div[2]/div/div/div/div[1]/div/div/div[2]/div[2]/div[1]/div/div[8]/table/thead/tr/th[2],/html/body/div[3]/div/div[2]/main/div/div/div/div[2]/div/div/div/div[1]/div/div/div[2]/div[2]/div[1]/div/div[8]/table/thead/tr/th[2],2026-10-05T12:31:51.408141+00:00,/html/body/div[3]/div/div[2]/main/div/div/div/div[2]/div/div/div/div[1]/div/div/div[2]/div[2]/div[1]/div/div[8]/table/thead/tr,/html/body/div[3]/div/div[2]/main/div/div/div/div[2]/div/div/div/div[1]/div/div/div[2]/div[2]/div[1]/div/div[8]/table/thead/tr,retrospective_corroboration_observed_2026_not_assumed_available_2024
O-b9e1e4f4bfaa8d8dea1b,US-MSFT-FY2024-Q4-RELEASE-US-MSFT-CONSOLIDATED-cash_and_equivalents-FY2024-instant-current_period,US-MSFT-FY2024-Q4-RELEASE,US-MSFT-FY2024-Q4-RELEASE-R-a953a5776ce3,US-MSFT-FY2024-Q4-EARNINGS,US-MSFT,US-MSFT-CONSOLIDATED,,cash_and_equivalents,Cash and cash equivalents,"$18,315",18315,USD,millions,1000000,USD,GAAP,consolidated,us-financial-0.1,instant,2024-06-30,2024-06-30,0,2024,,balance,instant_balance,actual_reported,2024-07-30,/html/body/div[3]/div/div[2]/main/div/div/div/div[2]/div/div/div/div[1]/div/div/div[2]/div[2]/div[1]/div/div[8]/table/tbody/tr[3]/td[1],/html/body/div[3]/div/div[2]/main/div/div/div/div[2]/div/div/div/div[1]/div/div/div[2]/div[2]/div[1]/div/div[8]/table,/html/body/div[3]/div/div[2]/main/div/div/div/div[2]/div/div/div/div[1]/div/div/div[2]/div[2]/div[1]/div/div[8]/table/thead/tr/th[2],/html/body/div[3]/div/div[2]/main/div/div/div/div[2]/div/div/div/div[1]/div/div/div[2]/div[2]/div[1]/div/div[8]/table/thead/tr/th[2],/html/body/div[3]/div/div[2]/main/div/div/div/div[2]/div/div/div/div[1]/div/div/div[2]/div[2]/div[1]/div/div[8]/table/caption,preserve,current_period,../p0/available_20261005/facts_v0_3.jsonl#US-MSFT-FY2024-Q4-RELEASE-US-MSFT-CONSOLIDATED-cash_and_equivalents-FY2024-instant-current_period,adaptation,agent_draft,../p0/available_20261005/facts.jsonl#US-MSFT-FY2024-Q4-RELEASE-US-MSFT-CONSOLIDATED-cash_and_equivalents-FY2024-instant-current_period,p03-factual-reference-0.3,18315000000,official_annual_report_principles_of_consolidation_local_fact_corroborated,,,../p0/available_20261005/facts_v0_2.jsonl#US-MSFT-FY2024-Q4-RELEASE-US-MSFT-CONSOLIDATED-cash_and_equivalents-FY2024-instant-current_period,/html/body/div[3]/div/div[2]/main/div/div/div/div[2]/div/div/div/div[1]/div/div/div[2]/div[2]/div[1]/div/div[8]/table/thead/tr/th[2],/html/body/div[3]/div/div[2]/main/div/div/div/div[2]/div/div/div/div[1]/div/div/div[2]/div[2]/div[1]/div/div[8]/table/thead/tr/th[2],2026-10-05T12:31:51.408141+00:00,/html/body/div[3]/div/div[2]/main/div/div/div/div[2]/div/div/div/div[1]/div/div/div[2]/div[2]/div[1]/div/div[8]/table/thead/tr,/html/body/div[3]/div/div[2]/main/div/div/div/div[2]/div/div/div/div[1]/div/div/div[2]/div[2]/div[1]/div/div[8]/table/thead/tr,retrospective_corroboration_observed_2026_not_assumed_available_2024
O-ac7cb4f595b46e3916c8,US-MSFT-FY2024-Q4-RELEASE-US-MSFT-SEG-PBP-revenue-FY2024-FY-current_period,US-MSFT-FY2024-Q4-RELEASE,US-MSFT-FY2024-Q4-RELEASE-R-a953a5776ce3,US-MSFT-FY2024-Q4-EARNINGS,US-MSFT,US-MSFT-SEG-PBP,,revenue,Productivity and Business Processes,"$77,728",77728,USD,millions,1000000,USD,GAAP,segment,msft-segment-presentation-fy2024,FY,2023-07-01,2024-06-30,366,2024,,flow,additive_flow,actual_reported,2024-07-30,/html/body/div[3]/div/div[2]/main/div/div/div/div[2]/div/div/div/div[1]/div/div/div[2]/div[2]/div[1]/div/div[10]/table/tbody/tr[2]/td[5],/html/body/div[3]/div/div[2]/main/div/div/div/div[2]/div/div/div/div[1]/div/div/div[2]/div[2]/div[1]/div/div[10]/table,/html/body/div[3]/div/div[2]/main/div/div/div/div[2]/div/div/div/div[1]/div/div/div[2]/div[2]/div[1]/div/div[10]/table/thead/tr[1]/th[4],/html/body/div[3]/div/div[2]/main/div/div/div/div[2]/div/div/div/div[1]/div/div/div[2]/div[2]/div[1]/div/div[10]/table/thead/tr[3]/th[6],/html/body/div[3]/div/div[2]/main/div/div/div/div[2]/div/div/div/div[1]/div/div/div[2]/div[2]/div[1]/div/div[10]/table/caption,preserve,current_period,../p0/available_20261005/facts_v0_3.jsonl#US-MSFT-FY2024-Q4-RELEASE-US-MSFT-SEG-PBP-revenue-FY2024-FY-current_period,adaptation,agent_draft,../p0/available_20261005/facts.jsonl#US-MSFT-FY2024-Q4-RELEASE-US-MSFT-SEG-PBP-revenue-FY2024-FY-current_period,p03-factual-reference-0.3,77728000000,segment_table_explicit,Revenue,/html/body/div[3]/div/div[2]/main/div/div/div/div[2]/div/div/div/div[1]/div/div/div[2]/div[2]/div[1]/div/div[10]/table/tbody/tr[1],../p0/available_20261005/facts_v0_2.jsonl#US-MSFT-FY2024-Q4-RELEASE-US-MSFT-SEG-PBP-revenue-FY2024-FY-current_period,/html/body/div[3]/div/div[2]/main/div/div/div/div[2]/div/div/div/div[1]/div/div/div[2]/div[2]/div[1]/div/div[10]/table/thead/tr[1]/th[4],/html/body/div[3]/div/div[2]/main/div/div/div/div[2]/div/div/div/div[1]/div/div/div[2]/div[2]/div[1]/div/div[10]/table/thead/tr[3]/th[6],not_applicable_segment_explicit_source_table,/html/body/div[3]/div/div[2]/main/div/div/div/div[2]/div/div/div/div[1]/div/div/div[2]/div[2]/div[1]/div/div[10]/table/thead/tr[1],/html/body/div[3]/div/div[2]/main/div/div/div/div[2]/div/div/div/div[1]/div/div/div[2]/div[2]/div[1]/div/div[10]/table/thead/tr[3],source_segment_period_table
O-88274a0b4a2100f63b29,US-MSFT-FY2024-Q4-RELEASE-US-MSFT-SEG-IC-revenue-FY2024-FY-current_period,US-MSFT-FY2024-Q4-RELEASE,US-MSFT-FY2024-Q4-RELEASE-R-a953a5776ce3,US-MSFT-FY2024-Q4-EARNINGS,US-MSFT,US-MSFT-SEG-IC,,revenue,Intelligent Cloud,"105,362",105362,USD,millions,1000000,USD,GAAP,segment,msft-segment-presentation-fy2024,FY,2023-07-01,2024-06-30,366,2024,,flow,additive_flow,actual_reported,2024-07-30,/html/body/div[3]/div/div[2]/main/div/div/div/div[2]/div/div/div/div[1]/div/div/div[2]/div[2]/div[1]/div/div[10]/table/tbody/tr[3]/td[5],/html/body/div[3]/div/div[2]/main/div/div/div/div[2]/div/div/div/div[1]/div/div/div[2]/div[2]/div[1]/div/div[10]/table,/html/body/div[3]/div/div[2]/main/div/div/div/div[2]/div/div/div/div[1]/div/div/div[2]/div[2]/div[1]/div/div[10]/table/thead/tr[1]/th[4],/html/body/div[3]/div/div[2]/main/div/div/div/div[2]/div/div/div/div[1]/div/div/div[2]/div[2]/div[1]/div/div[10]/table/thead/tr[3]/th[6],/html/body/div[3]/div/div[2]/main/div/div/div/div[2]/div/div/div/div[1]/div/div/div[2]/div[2]/div[1]/div/div[10]/table/caption,preserve,current_period,../p0/available_20261005/facts_v0_3.jsonl#US-MSFT-FY2024-Q4-RELEASE-US-MSFT-SEG-IC-revenue-FY2024-FY-current_period,adaptation,agent_draft,../p0/available_20261005/facts.jsonl#US-MSFT-FY2024-Q4-RELEASE-US-MSFT-SEG-IC-revenue-FY2024-FY-current_period,p03-factual-reference-0.3,105362000000,segment_table_explicit,Revenue,/html/body/div[3]/div/div[2]/main/div/div/div/div[2]/div/div/div/div[1]/div/div/div[2]/div[2]/div[1]/div/div[10]/table/tbody/tr[1],../p0/available_20261005/facts_v0_2.jsonl#US-MSFT-FY2024-Q4-RELEASE-US-MSFT-SEG-IC-revenue-FY2024-FY-current_period,/html/body/div[3]/div/div[2]/main/div/div/div/div[2]/div/div/div/div[1]/div/div/div[2]/div[2]/div[1]/div/div[10]/table/thead/tr[1]/th[4],/html/body/div[3]/div/div[2]/main/div/div/div/div[2]/div/div/div/div[1]/div/div/div[2]/div[2]/div[1]/div/div[10]/table/thead/tr[3]/th[6],not_applicable_segment_explicit_source_table,/html/body/div[3]/div/div[2]/main/div/div/div/div[2]/div/div/div/div[1]/div/div/div[2]/div[2]/div[1]/div/div[10]/table/thead/tr[1],/html/body/div[3]/div/div[2]/main/div/div/div/div[2]/div/div/div/div[1]/div/div/div[2]/div[2]/div[1]/div/div[10]/table/thead/tr[3],source_segment_period_table
O-9802c2c6203ac952ff96,US-MSFT-FY2024-Q4-RELEASE-US-MSFT-SEG-MPC-revenue-FY2024-FY-current_period,US-MSFT-FY2024-Q4-RELEASE,US-MSFT-FY2024-Q4-RELEASE-R-a953a5776ce3,US-MSFT-FY2024-Q4-EARNINGS,US-MSFT,US-MSFT-SEG-MPC,,revenue,More Personal Computing,"62,032",62032,USD,millions,1000000,USD,GAAP,segment,msft-segment-presentation-fy2024,FY,2023-07-01,2024-06-30,366,2024,,flow,additive_flow,actual_reported,2024-07-30,/html/body/div[3]/div/div[2]/main/div/div/div/div[2]/div/div/div/div[1]/div/div/div[2]/div[2]/div[1]/div/div[10]/table/tbody/tr[4]/td[5],/html/body/div[3]/div/div[2]/main/div/div/div/div[2]/div/div/div/div[1]/div/div/div[2]/div[2]/div[1]/div/div[10]/table,/html/body/div[3]/div/div[2]/main/div/div/div/div[2]/div/div/div/div[1]/div/div/div[2]/div[2]/div[1]/div/div[10]/table/thead/tr[1]/th[4],/html/body/div[3]/div/div[2]/main/div/div/div/div[2]/div/div/div/div[1]/div/div/div[2]/div[2]/div[1]/div/div[10]/table/thead/tr[3]/th[6],/html/body/div[3]/div/div[2]/main/div/div/div/div[2]/div/div/div/div[1]/div/div/div[2]/div[2]/div[1]/div/div[10]/table/caption,preserve,current_period,../p0/available_20261005/facts_v0_3.jsonl#US-MSFT-FY2024-Q4-RELEASE-US-MSFT-SEG-MPC-revenue-FY2024-FY-current_period,adaptation,agent_draft,../p0/available_20261005/facts.jsonl#US-MSFT-FY2024-Q4-RELEASE-US-MSFT-SEG-MPC-revenue-FY2024-FY-current_period,p03-factual-reference-0.3,62032000000,segment_table_explicit,Revenue,/html/body/div[3]/div/div[2]/main/div/div/div/div[2]/div/div/div/div[1]/div/div/div[2]/div[2]/div[1]/div/div[10]/table/tbody/tr[1],../p0/available_20261005/facts_v0_2.jsonl#US-MSFT-FY2024-Q4-RELEASE-US-MSFT-SEG-MPC-revenue-FY2024-FY-current_period,/html/body/div[3]/div/div[2]/main/div/div/div/div[2]/div/div/div/div[1]/div/div/div[2]/div[2]/div[1]/div/div[10]/table/thead/tr[1]/th[4],/html/body/div[3]/div/div[2]/main/div/div/div/div[2]/div/div/div/div[1]/div/div/div[2]/div[2]/div[1]/div/div[10]/table/thead/tr[3]/th[6],not_applicable_segment_explicit_source_table,/html/body/div[3]/div/div[2]/main/div/div/div/div[2]/div/div/div/div[1]/div/div/div[2]/div[2]/div[1]/div/div[10]/table/thead/tr[1],/html/body/div[3]/div/div[2]/main/div/div/div/div[2]/div/div/div/div[1]/div/div/div[2]/div[2]/div[1]/div/div[10]/table/thead/tr[3],source_segment_period_table
O-2ed32f005947b1bba0e8,US-MSFT-FY2025-Q4-RELEASE-US-MSFT-CONSOLIDATED-revenue-FY2025-Q4-current_period,US-MSFT-FY2025-Q4-RELEASE,US-MSFT-FY2025-Q4-RELEASE-R-1801a07368af,US-MSFT-FY2025-Q4-EARNINGS,US-MSFT,US-MSFT-CONSOLIDATED,,revenue,Total revenue,"76,441",76441,USD,millions,1000000,USD,GAAP,consolidated,us-financial-0.1,Q4,2025-04-01,2025-06-30,91,2025,4,flow,additive_flow,actual_reported,2025-07-30,/html/body/div[3]/div/div[2]/main/div/div/div/div[2]/div/div/div/div[1]/div/div/div[2]/div[2]/div/div/table[5]/tbody/tr[4]/td[1],/html/body/div[3]/div/div[2]/main/div/div/div/div[2]/div/div/div/div[1]/div/div/div[2]/div[2]/div/div/table[5],/html/body/div[3]/div/div[2]/main/div/div/div/div[2]/div/div/div/div[1]/div/div/div[2]/div[2]/div/div/table[5]/thead/tr[1]/th[2],/html/body/div[3]/div/div[2]/main/div/div/div/div[2]/div/div/div/div[1]/div/div/div[2]/div[2]/div/div/table[5]/thead/tr[3]/th[2],/html/body/div[3]/div/div[2]/main/div/div/div/div[2]/div/div/div/div[1]/div/div/div[2]/div[2]/div/div/table[5]/caption,preserve,current_period,../p0/available_20261005/facts_v0_3.jsonl#US-MSFT-FY2025-Q4-RELEASE-US-MSFT-CONSOLIDATED-revenue-FY2025-Q4-current_period,adaptation,agent_draft,../p0/available_20261005/facts.jsonl#US-MSFT-FY2025-Q4-RELEASE-US-MSFT-CONSOLIDATED-revenue-FY2025-Q4-current_period,p03-factual-reference-0.3,76441000000,official_annual_report_principles_of_consolidation_local_fact_corroborated,,,../p0/available_20261005/facts_v0_2.jsonl#US-MSFT-FY2025-Q4-RELEASE-US-MSFT-CONSOLIDATED-revenue-FY2025-Q4-current_period,/html/body/div[3]/div/div[2]/main/div/div/div/div[2]/div/div/div/div[1]/div/div/div[2]/div[2]/div/div/table[5]/thead/tr[1]/th[2],/html/body/div[3]/div/div[2]/main/div/div/div/div[2]/div/div/div/div[1]/div/div/div[2]/div[2]/div/div/table[5]/thead/tr[3]/th[2],2026-10-05T12:31:51.408141+00:00,/html/body/div[3]/div/div[2]/main/div/div/div/div[2]/div/div/div/div[1]/div/div/div[2]/div[2]/div/div/table[5]/thead/tr[1],/html/body/div[3]/div/div[2]/main/div/div/div/div[2]/div/div/div/div[1]/div/div/div[2]/div[2]/div/div/table[5]/thead/tr[3],retrospective_corroboration_observed_2026_not_assumed_available_2024
O-61c603427f9265d5f12f,US-MSFT-FY2025-Q4-RELEASE-US-MSFT-CONSOLIDATED-operating_income-FY2025-Q4-current_period,US-MSFT-FY2025-Q4-RELEASE,US-MSFT-FY2025-Q4-RELEASE-R-1801a07368af,US-MSFT-FY2025-Q4-EARNINGS,US-MSFT,US-MSFT-CONSOLIDATED,,operating_income,Operating income,"34,323",34323,USD,millions,1000000,USD,GAAP,consolidated,us-financial-0.1,Q4,2025-04-01,2025-06-30,91,2025,4,flow,additive_flow,actual_reported,2025-07-30,/html/body/div[3]/div/div[2]/main/div/div/div/div[2]/div/div/div/div[1]/div/div/div[2]/div[2]/div/div/table[5]/tbody/tr[13]/td[1],/html/body/div[3]/div/div[2]/main/div/div/div/div[2]/div/div/div/div[1]/div/div/div[2]/div[2]/div/div/table[5],/html/body/div[3]/div/div[2]/main/div/div/div/div[2]/div/div/div/div[1]/div/div/div[2]/div[2]/div/div/table[5]/thead/tr[1]/th[2],/html/body/div[3]/div/div[2]/main/div/div/div/div[2]/div/div/div/div[1]/div/div/div[2]/div[2]/div/div/table[5]/thead/tr[3]/th[2],/html/body/div[3]/div/div[2]/main/div/div/div/div[2]/div/div/div/div[1]/div/div/div[2]/div[2]/div/div/table[5]/caption,preserve,current_period,../p0/available_20261005/facts_v0_3.jsonl#US-MSFT-FY2025-Q4-RELEASE-US-MSFT-CONSOLIDATED-operating_income-FY2025-Q4-current_period,adaptation,agent_draft,../p0/available_20261005/facts.jsonl#US-MSFT-FY2025-Q4-RELEASE-US-MSFT-CONSOLIDATED-operating_income-FY2025-Q4-current_period,p03-factual-reference-0.3,34323000000,official_annual_report_principles_of_consolidation_local_fact_corroborated,,,../p0/available_20261005/facts_v0_2.jsonl#US-MSFT-FY2025-Q4-RELEASE-US-MSFT-CONSOLIDATED-operating_income-FY2025-Q4-current_period,/html/body/div[3]/div/div[2]/main/div/div/div/div[2]/div/div/div/div[1]/div/div/div[2]/div[2]/div/div/table[5]/thead/tr[1]/th[2],/html/body/div[3]/div/div[2]/main/div/div/div/div[2]/div/div/div/div[1]/div/div/div[2]/div[2]/div/div/table[5]/thead/tr[3]/th[2],2026-10-05T12:31:51.408141+00:00,/html/body/div[3]/div/div[2]/main/div/div/div/div[2]/div/div/div/div[1]/div/div/div[2]/div[2]/div/div/table[5]/thead/tr[1],/html/body/div[3]/div/div[2]/main/div/div/div/div[2]/div/div/div/div[1]/div/div/div[2]/div[2]/div/div/table[5]/thead/tr[3],retrospective_corroboration_observed_2026_not_assumed_available_2024
O-1191b656d6a6dfd2d92e,US-MSFT-FY2025-Q4-RELEASE-US-MSFT-CONSOLIDATED-net_income-FY2025-Q4-current_period,US-MSFT-FY2025-Q4-RELEASE,US-MSFT-FY2025-Q4-RELEASE-R-1801a07368af,US-MSFT-FY2025-Q4-EARNINGS,US-MSFT,US-MSFT-CONSOLIDATED,,net_income,Net income,"$27,233",27233,USD,millions,1000000,USD,GAAP,consolidated,us-financial-0.1,Q4,2025-04-01,2025-06-30,91,2025,4,flow,additive_flow,actual_reported,2025-07-30,/html/body/div[3]/div/div[2]/main/div/div/div/div[2]/div/div/div/div[1]/div/div/div[2]/div[2]/div/div/table[5]/tbody/tr[17]/td[1],/html/body/div[3]/div/div[2]/main/div/div/div/div[2]/div/div/div/div[1]/div/div/div[2]/div[2]/div/div/table[5],/html/body/div[3]/div/div[2]/main/div/div/div/div[2]/div/div/div/div[1]/div/div/div[2]/div[2]/div/div/table[5]/thead/tr[1]/th[2],/html/body/div[3]/div/div[2]/main/div/div/div/div[2]/div/div/div/div[1]/div/div/div[2]/div[2]/div/div/table[5]/thead/tr[3]/th[2],/html/body/div[3]/div/div[2]/main/div/div/div/div[2]/div/div/div/div[1]/div/div/div[2]/div[2]/div/div/table[5]/caption,preserve,current_period,../p0/available_20261005/facts_v0_3.jsonl#US-MSFT-FY2025-Q4-RELEASE-US-MSFT-CONSOLIDATED-net_income-FY2025-Q4-current_period,adaptation,agent_draft,../p0/available_20261005/facts.jsonl#US-MSFT-FY2025-Q4-RELEASE-US-MSFT-CONSOLIDATED-net_income-FY2025-Q4-current_period,p03-factual-reference-0.3,27233000000,official_annual_report_principles_of_consolidation_local_fact_corroborated,,,../p0/available_20261005/facts_v0_2.jsonl#US-MSFT-FY2025-Q4-RELEASE-US-MSFT-CONSOLIDATED-net_income-FY2025-Q4-current_period,/html/body/div[3]/div/div[2]/main/div/div/div/div[2]/div/div/div/div[1]/div/div/div[2]/div[2]/div/div/table[5]/thead/tr[1]/th[2],/html/body/div[3]/div/div[2]/main/div/div/div/div[2]/div/div/div/div[1]/div/div/div[2]/div[2]/div/div/table[5]/thead/tr[3]/th[2],2026-10-05T12:31:51.408141+00:00,/html/body/div[3]/div/div[2]/main/div/div/div/div[2]/div/div/div/div[1]/div/div/div[2]/div[2]/div/div/table[5]/thead/tr[1],/html/body/div[3]/div/div[2]/main/div/div/div/div[2]/div/div/div/div[1]/div/div/div[2]/div[2]/div/div/table[5]/thead/tr[3],retrospective_corroboration_observed_2026_not_assumed_available_2024
O-330ecac784fd01378d92,US-MSFT-FY2025-Q4-RELEASE-US-MSFT-CONSOLIDATED-cfo-FY2025-Q4-current_period,US-MSFT-FY2025-Q4-RELEASE,US-MSFT-FY2025-Q4-RELEASE-R-1801a07368af,US-MSFT-FY2025-Q4-EARNINGS,US-MSFT,US-MSFT-CONSOLIDATED,,cfo,Net cash from operations,"42,647",42647,USD,millions,1000000,USD,GAAP,consolidated,us-financial-0.1,Q4,2025-04-01,2025-06-30,91,2025,4,flow,additive_flow,actual_reported,2025-07-30,/html/body/div[3]/div/div[2]/main/div/div/div/div[2]/div/div/div/div[1]/div/div/div[2]/div[2]/div/div/table[8]/tbody/tr[18]/td[1],/html/body/div[3]/div/div[2]/main/div/div/div/div[2]/div/div/div/div[1]/div/div/div[2]/div[2]/div/div/table[8],/html/body/div[3]/div/div[2]/main/div/div/div/div[2]/div/div/div/div[1]/div/div/div[2]/div[2]/div/div/table[8]/thead/tr[1]/th[2],/html/body/div[3]/div/div[2]/main/div/div/div/div[2]/div/div/div/div[1]/div/div/div[2]/div[2]/div/div/table[8]/thead/tr[3]/th[2],/html/body/div[3]/div/div[2]/main/div/div/div/div[2]/div/div/div/div[1]/div/div/div[2]/div[2]/div/div/table[8]/caption,preserve,current_period,../p0/available_20261005/facts_v0_3.jsonl#US-MSFT-FY2025-Q4-RELEASE-US-MSFT-CONSOLIDATED-cfo-FY2025-Q4-current_period,adaptation,agent_draft,../p0/available_20261005/facts.jsonl#US-MSFT-FY2025-Q4-RELEASE-US-MSFT-CONSOLIDATED-cfo-FY2025-Q4-current_period,p03-factual-reference-0.3,42647000000,official_annual_report_principles_of_consolidation_local_fact_corroborated,,,../p0/available_20261005/facts_v0_2.jsonl#US-MSFT-FY2025-Q4-RELEASE-US-MSFT-CONSOLIDATED-cfo-FY2025-Q4-current_period,/html/body/div[3]/div/div[2]/main/div/div/div/div[2]/div/div/div/div[1]/div/div/div[2]/div[2]/div/div/table[8]/thead/tr[1]/th[2],/html/body/div[3]/div/div[2]/main/div/div/div/div[2]/div/div/div/div[1]/div/div/div[2]/div[2]/div/div/table[8]/thead/tr[3]/th[2],2026-10-05T12:31:51.408141+00:00,/html/body/div[3]/div/div[2]/main/div/div/div/div[2]/div/div/div/div[1]/div/div/div[2]/div[2]/div/div/table[8]/thead/tr[1],/html/body/div[3]/div/div[2]/main/div/div/div/div[2]/div/div/div/div[1]/div/div/div[2]/div[2]/div/div/table[8]/thead/tr[3],retrospective_corroboration_observed_2026_not_assumed_available_2024
O-b70f514625fa64fc4823,US-MSFT-FY2025-Q4-RELEASE-US-MSFT-CONSOLIDATED-positive_cash_capex-FY2025-Q4-current_period,US-MSFT-FY2025-Q4-RELEASE,US-MSFT-FY2025-Q4-RELEASE-R-1801a07368af,US-MSFT-FY2025-Q4-EARNINGS,US-MSFT,US-MSFT-CONSOLIDATED,,positive_cash_capex,Additions to property and equipment,"(17,079)",17079,USD,millions,1000000,USD,GAAP,consolidated,us-financial-0.1,Q4,2025-04-01,2025-06-30,91,2025,4,flow,additive_flow,actual_reported,2025-07-30,/html/body/div[3]/div/div[2]/main/div/div/div/div[2]/div/div/div/div[1]/div/div/div[2]/div[2]/div/div/table[8]/tbody/tr[29]/td[1],/html/body/div[3]/div/div[2]/main/div/div/div/div[2]/div/div/div/div[1]/div/div/div[2]/div[2]/div/div/table[8],/html/body/div[3]/div/div[2]/main/div/div/div/div[2]/div/div/div/div[1]/div/div/div[2]/div[2]/div/div/table[8]/thead/tr[1]/th[2],/html/body/div[3]/div/div[2]/main/div/div/div/div[2]/div/div/div/div[1]/div/div/div[2]/div[2]/div/div/table[8]/thead/tr[3]/th[2],/html/body/div[3]/div/div[2]/main/div/div/div/div[2]/div/div/div/div[1]/div/div/div[2]/div[2]/div/div/table[8]/caption,outflow_to_positive,current_period,../p0/available_20261005/facts_v0_3.jsonl#US-MSFT-FY2025-Q4-RELEASE-US-MSFT-CONSOLIDATED-positive_cash_capex-FY2025-Q4-current_period,adaptation,agent_draft,../p0/available_20261005/facts.jsonl#US-MSFT-FY2025-Q4-RELEASE-US-MSFT-CONSOLIDATED-positive_cash_capex-FY2025-Q4-current_period,p03-factual-reference-0.3,17079000000,official_annual_report_principles_of_consolidation_local_fact_corroborated,,,../p0/available_20261005/facts_v0_2.jsonl#US-MSFT-FY2025-Q4-RELEASE-US-MSFT-CONSOLIDATED-positive_cash_capex-FY2025-Q4-current_period,/html/body/div[3]/div/div[2]/main/div/div/div/div[2]/div/div/div/div[1]/div/div/div[2]/div[2]/div/div/table[8]/thead/tr[1]/th[2],/html/body/div[3]/div/div[2]/main/div/div/div/div[2]/div/div/div/div[1]/div/div/div[2]/div[2]/div/div/table[8]/thead/tr[3]/th[2],2026-10-05T12:31:51.408141+00:00,/html/body/div[3]/div/div[2]/main/div/div/div/div[2]/div/div/div/div[1]/div/div/div[2]/div[2]/div/div/table[8]/thead/tr[1],/html/body/div[3]/div/div[2]/main/div/div/div/div[2]/div/div/div/div[1]/div/div/div[2]/div[2]/div/div/table[8]/thead/tr[3],retrospective_corroboration_observed_2026_not_assumed_available_2024
O-5b7d5cdb83736aaac902,US-MSFT-FY2025-Q4-RELEASE-US-MSFT-CONSOLIDATED-revenue-FY2025-FY-current_period,US-MSFT-FY2025-Q4-RELEASE,US-MSFT-FY2025-Q4-RELEASE-R-1801a07368af,US-MSFT-FY2025-Q4-EARNINGS,US-MSFT,US-MSFT-CONSOLIDATED,,revenue,Total revenue,"281,724",281724,USD,millions,1000000,USD,GAAP,consolidated,us-financial-0.1,FY,2024-07-01,2025-06-30,365,2025,,flow,additive_flow,actual_reported,2025-07-30,/html/body/div[3]/div/div[2]/main/div/div/div/div[2]/div/div/div/div[1]/div/div/div[2]/div[2]/div/div/table[5]/tbody/tr[4]/td[5],/html/body/div[3]/div/div[2]/main/div/div/div/div[2]/div/div/div/div[1]/div/div/div[2]/div[2]/div/div/table[5],/html/body/div[3]/div/div[2]/main/div/div/div/div[2]/div/div/div/div[1]/div/div/div[2]/div[2]/div/div/table[5]/thead/tr[1]/th[4],/html/body/div[3]/div/div[2]/main/div/div/div/div[2]/div/div/div/div[1]/div/div/div[2]/div[2]/div/div/table[5]/thead/tr[3]/th[6],/html/body/div[3]/div/div[2]/main/div/div/div/div[2]/div/div/div/div[1]/div/div/div[2]/div[2]/div/div/table[5]/caption,preserve,current_period,../p0/available_20261005/facts_v0_3.jsonl#US-MSFT-FY2025-Q4-RELEASE-US-MSFT-CONSOLIDATED-revenue-FY2025-FY-current_period,adaptation,agent_draft,../p0/available_20261005/facts.jsonl#US-MSFT-FY2025-Q4-RELEASE-US-MSFT-CONSOLIDATED-revenue-FY2025-FY-current_period,p03-factual-reference-0.3,281724000000,official_annual_report_principles_of_consolidation_local_fact_corroborated,,,../p0/available_20261005/facts_v0_2.jsonl#US-MSFT-FY2025-Q4-RELEASE-US-MSFT-CONSOLIDATED-revenue-FY2025-FY-current_period,/html/body/div[3]/div/div[2]/main/div/div/div/div[2]/div/div/div/div[1]/div/div/div[2]/div[2]/div/div/table[5]/thead/tr[1]/th[4],/html/body/div[3]/div/div[2]/main/div/div/div/div[2]/div/div/div/div[1]/div/div/div[2]/div[2]/div/div/table[5]/thead/tr[3]/th[6],2026-10-05T12:31:51.408141+00:00,/html/body/div[3]/div/div[2]/main/div/div/div/div[2]/div/div/div/div[1]/div/div/div[2]/div[2]/div/div/table[5]/thead/tr[1],/html/body/div[3]/div/div[2]/main/div/div/div/div[2]/div/div/div/div[1]/div/div/div[2]/div[2]/div/div/table[5]/thead/tr[3],retrospective_corroboration_observed_2026_not_assumed_available_2024
O-76dbd45d9a6d730a736c,US-MSFT-FY2025-Q4-RELEASE-US-MSFT-CONSOLIDATED-operating_income-FY2025-FY-current_period,US-MSFT-FY2025-Q4-RELEASE,US-MSFT-FY2025-Q4-RELEASE-R-1801a07368af,US-MSFT-FY2025-Q4-EARNINGS,US-MSFT,US-MSFT-CONSOLIDATED,,operating_income,Operating income,"128,528",128528,USD,millions,1000000,USD,GAAP,consolidated,us-financial-0.1,FY,2024-07-01,2025-06-30,365,2025,,flow,additive_flow,actual_reported,2025-07-30,/html/body/div[3]/div/div[2]/main/div/div/div/div[2]/div/div/div/div[1]/div/div/div[2]/div[2]/div/div/table[5]/tbody/tr[13]/td[5],/html/body/div[3]/div/div[2]/main/div/div/div/div[2]/div/div/div/div[1]/div/div/div[2]/div[2]/div/div/table[5],/html/body/div[3]/div/div[2]/main/div/div/div/div[2]/div/div/div/div[1]/div/div/div[2]/div[2]/div/div/table[5]/thead/tr[1]/th[4],/html/body/div[3]/div/div[2]/main/div/div/div/div[2]/div/div/div/div[1]/div/div/div[2]/div[2]/div/div/table[5]/thead/tr[3]/th[6],/html/body/div[3]/div/div[2]/main/div/div/div/div[2]/div/div/div/div[1]/div/div/div[2]/div[2]/div/div/table[5]/caption,preserve,current_period,../p0/available_20261005/facts_v0_3.jsonl#US-MSFT-FY2025-Q4-RELEASE-US-MSFT-CONSOLIDATED-operating_income-FY2025-FY-current_period,adaptation,agent_draft,../p0/available_20261005/facts.jsonl#US-MSFT-FY2025-Q4-RELEASE-US-MSFT-CONSOLIDATED-operating_income-FY2025-FY-current_period,p03-factual-reference-0.3,128528000000,official_annual_report_principles_of_consolidation_local_fact_corroborated,,,../p0/available_20261005/facts_v0_2.jsonl#US-MSFT-FY2025-Q4-RELEASE-US-MSFT-CONSOLIDATED-operating_income-FY2025-FY-current_period,/html/body/div[3]/div/div[2]/main/div/div/div/div[2]/div/div/div/div[1]/div/div/div[2]/div[2]/div/div/table[5]/thead/tr[1]/th[4],/html/body/div[3]/div/div[2]/main/div/div/div/div[2]/div/div/div/div[1]/div/div/div[2]/div[2]/div/div/table[5]/thead/tr[3]/th[6],2026-10-05T12:31:51.408141+00:00,/html/body/div[3]/div/div[2]/main/div/div/div/div[2]/div/div/div/div[1]/div/div/div[2]/div[2]/div/div/table[5]/thead/tr[1],/html/body/div[3]/div/div[2]/main/div/div/div/div[2]/div/div/div/div[1]/div/div/div[2]/div[2]/div/div/table[5]/thead/tr[3],retrospective_corroboration_observed_2026_not_assumed_available_2024
O-a526bccd61f46737c77f,US-MSFT-FY2025-Q4-RELEASE-US-MSFT-CONSOLIDATED-net_income-FY2025-FY-current_period,US-MSFT-FY2025-Q4-RELEASE,US-MSFT-FY2025-Q4-RELEASE-R-1801a07368af,US-MSFT-FY2025-Q4-EARNINGS,US-MSFT,US-MSFT-CONSOLIDATED,,net_income,Net income,"$101,832",101832,USD,millions,1000000,USD,GAAP,consolidated,us-financial-0.1,FY,2024-07-01,2025-06-30,365,2025,,flow,additive_flow,actual_reported,2025-07-30,/html/body/div[3]/div/div[2]/main/div/div/div/div[2]/div/div/div/div[1]/div/div/div[2]/div[2]/div/div/table[5]/tbody/tr[17]/td[5],/html/body/div[3]/div/div[2]/main/div/div/div/div[2]/div/div/div/div[1]/div/div/div[2]/div[2]/div/div/table[5],/html/body/div[3]/div/div[2]/main/div/div/div/div[2]/div/div/div/div[1]/div/div/div[2]/div[2]/div/div/table[5]/thead/tr[1]/th[4],/html/body/div[3]/div/div[2]/main/div/div/div/div[2]/div/div/div/div[1]/div/div/div[2]/div[2]/div/div/table[5]/thead/tr[3]/th[6],/html/body/div[3]/div/div[2]/main/div/div/div/div[2]/div/div/div/div[1]/div/div/div[2]/div[2]/div/div/table[5]/caption,preserve,current_period,../p0/available_20261005/facts_v0_3.jsonl#US-MSFT-FY2025-Q4-RELEASE-US-MSFT-CONSOLIDATED-net_income-FY2025-FY-current_period,adaptation,agent_draft,../p0/available_20261005/facts.jsonl#US-MSFT-FY2025-Q4-RELEASE-US-MSFT-CONSOLIDATED-net_income-FY2025-FY-current_period,p03-factual-reference-0.3,101832000000,official_annual_report_principles_of_consolidation_local_fact_corroborated,,,../p0/available_20261005/facts_v0_2.jsonl#US-MSFT-FY2025-Q4-RELEASE-US-MSFT-CONSOLIDATED-net_income-FY2025-FY-current_period,/html/body/div[3]/div/div[2]/main/div/div/div/div[2]/div/div/div/div[1]/div/div/div[2]/div[2]/div/div/table[5]/thead/tr[1]/th[4],/html/body/div[3]/div/div[2]/main/div/div/div/div[2]/div/div/div/div[1]/div/div/div[2]/div[2]/div/div/table[5]/thead/tr[3]/th[6],2026-10-05T12:31:51.408141+00:00,/html/body/div[3]/div/div[2]/main/div/div/div/div[2]/div/div/div/div[1]/div/div/div[2]/div[2]/div/div/table[5]/thead/tr[1],/html/body/div[3]/div/div[2]/main/div/div/div/div[2]/div/div/div/div[1]/div/div/div[2]/div[2]/div/div/table[5]/thead/tr[3],retrospective_corroboration_observed_2026_not_assumed_available_2024
O-ce8cc9b074d74ccdabb8,US-MSFT-FY2025-Q4-RELEASE-US-MSFT-CONSOLIDATED-cfo-FY2025-FY-current_period,US-MSFT-FY2025-Q4-RELEASE,US-MSFT-FY2025-Q4-RELEASE-R-1801a07368af,US-MSFT-FY2025-Q4-EARNINGS,US-MSFT,US-MSFT-CONSOLIDATED,,cfo,Net cash from operations,"136,162",136162,USD,millions,1000000,USD,GAAP,consolidated,us-financial-0.1,FY,2024-07-01,2025-06-30,365,2025,,flow,additive_flow,actual_reported,2025-07-30,/html/body/div[3]/div/div[2]/main/div/div/div/div[2]/div/div/div/div[1]/div/div/div[2]/div[2]/div/div/table[8]/tbody/tr[18]/td[5],/html/body/div[3]/div/div[2]/main/div/div/div/div[2]/div/div/div/div[1]/div/div/div[2]/div[2]/div/div/table[8],/html/body/div[3]/div/div[2]/main/div/div/div/div[2]/div/div/div/div[1]/div/div/div[2]/div[2]/div/div/table[8]/thead/tr[1]/th[4],/html/body/div[3]/div/div[2]/main/div/div/div/div[2]/div/div/div/div[1]/div/div/div[2]/div[2]/div/div/table[8]/thead/tr[3]/th[6],/html/body/div[3]/div/div[2]/main/div/div/div/div[2]/div/div/div/div[1]/div/div/div[2]/div[2]/div/div/table[8]/caption,preserve,current_period,../p0/available_20261005/facts_v0_3.jsonl#US-MSFT-FY2025-Q4-RELEASE-US-MSFT-CONSOLIDATED-cfo-FY2025-FY-current_period,adaptation,agent_draft,../p0/available_20261005/facts.jsonl#US-MSFT-FY2025-Q4-RELEASE-US-MSFT-CONSOLIDATED-cfo-FY2025-FY-current_period,p03-factual-reference-0.3,136162000000,official_annual_report_principles_of_consolidation_local_fact_corroborated,,,../p0/available_20261005/facts_v0_2.jsonl#US-MSFT-FY2025-Q4-RELEASE-US-MSFT-CONSOLIDATED-cfo-FY2025-FY-current_period,/html/body/div[3]/div/div[2]/main/div/div/div/div[2]/div/div/div/div[1]/div/div/div[2]/div[2]/div/div/table[8]/thead/tr[1]/th[4],/html/body/div[3]/div/div[2]/main/div/div/div/div[2]/div/div/div/div[1]/div/div/div[2]/div[2]/div/div/table[8]/thead/tr[3]/th[6],2026-10-05T12:31:51.408141+00:00,/html/body/div[3]/div/div[2]/main/div/div/div/div[2]/div/div/div/div[1]/div/div/div[2]/div[2]/div/div/table[8]/thead/tr[1],/html/body/div[3]/div/div[2]/main/div/div/div/div[2]/div/div/div/div[1]/div/div/div[2]/div[2]/div/div/table[8]/thead/tr[3],retrospective_corroboration_observed_2026_not_assumed_available_2024
O-fcac6681c1edf465b31c,US-MSFT-FY2025-Q4-RELEASE-US-MSFT-CONSOLIDATED-positive_cash_capex-FY2025-FY-current_period,US-MSFT-FY2025-Q4-RELEASE,US-MSFT-FY2025-Q4-RELEASE-R-1801a07368af,US-MSFT-FY2025-Q4-EARNINGS,US-MSFT,US-MSFT-CONSOLIDATED,,positive_cash_capex,Additions to property and equipment,"(64,551)",64551,USD,millions,1000000,USD,GAAP,consolidated,us-financial-0.1,FY,2024-07-01,2025-06-30,365,2025,,flow,additive_flow,actual_reported,2025-07-30,/html/body/div[3]/div/div[2]/main/div/div/div/div[2]/div/div/div/div[1]/div/div/div[2]/div[2]/div/div/table[8]/tbody/tr[29]/td[5],/html/body/div[3]/div/div[2]/main/div/div/div/div[2]/div/div/div/div[1]/div/div/div[2]/div[2]/div/div/table[8],/html/body/div[3]/div/div[2]/main/div/div/div/div[2]/div/div/div/div[1]/div/div/div[2]/div[2]/div/div/table[8]/thead/tr[1]/th[4],/html/body/div[3]/div/div[2]/main/div/div/div/div[2]/div/div/div/div[1]/div/div/div[2]/div[2]/div/div/table[8]/thead/tr[3]/th[6],/html/body/div[3]/div/div[2]/main/div/div/div/div[2]/div/div/div/div[1]/div/div/div[2]/div[2]/div/div/table[8]/caption,outflow_to_positive,current_period,../p0/available_20261005/facts_v0_3.jsonl#US-MSFT-FY2025-Q4-RELEASE-US-MSFT-CONSOLIDATED-positive_cash_capex-FY2025-FY-current_period,adaptation,agent_draft,../p0/available_20261005/facts.jsonl#US-MSFT-FY2025-Q4-RELEASE-US-MSFT-CONSOLIDATED-positive_cash_capex-FY2025-FY-current_period,p03-factual-reference-0.3,64551000000,official_annual_report_principles_of_consolidation_local_fact_corroborated,,,../p0/available_20261005/facts_v0_2.jsonl#US-MSFT-FY2025-Q4-RELEASE-US-MSFT-CONSOLIDATED-positive_cash_capex-FY2025-FY-current_period,/html/body/div[3]/div/div[2]/main/div/div/div/div[2]/div/div/div/div[1]/div/div/div[2]/div[2]/div/div/table[8]/thead/tr[1]/th[4],/html/body/div[3]/div/div[2]/main/div/div/div/div[2]/div/div/div/div[1]/div/div/div[2]/div[2]/div/div/table[8]/thead/tr[3]/th[6],2026-10-05T12:31:51.408141+00:00,/html/body/div[3]/div/div[2]/main/div/div/div/div[2]/div/div/div/div[1]/div/div/div[2]/div[2]/div/div/table[8]/thead/tr[1],/html/body/div[3]/div/div[2]/main/div/div/div/div[2]/div/div/div/div[1]/div/div/div[2]/div[2]/div/div/table[8]/thead/tr[3],retrospective_corroboration_observed_2026_not_assumed_available_2024
O-3b828b9f6d848e95bc76,US-MSFT-FY2025-Q4-RELEASE-US-MSFT-CONSOLIDATED-total_assets-FY2025-instant-current_period,US-MSFT-FY2025-Q4-RELEASE,US-MSFT-FY2025-Q4-RELEASE-R-1801a07368af,US-MSFT-FY2025-Q4-EARNINGS,US-MSFT,US-MSFT-CONSOLIDATED,,total_assets,Total assets,"$619,003",619003,USD,millions,1000000,USD,GAAP,consolidated,us-financial-0.1,instant,2025-06-30,2025-06-30,0,2025,,balance,instant_balance,actual_reported,2025-07-30,/html/body/div[3]/div/div[2]/main/div/div/div/div[2]/div/div/div/div[1]/div/div/div[2]/div[2]/div/div/table[7]/tbody/tr[16]/td[1],/html/body/div[3]/div/div[2]/main/div/div/div/div[2]/div/div/div/div[1]/div/div/div[2]/div[2]/div/div/table[7],/html/body/div[3]/div/div[2]/main/div/div/div/div[2]/div/div/div/div[1]/div/div/div[2]/div[2]/div/div/table[7]/thead/tr/th[2],/html/body/div[3]/div/div[2]/main/div/div/div/div[2]/div/div/div/div[1]/div/div/div[2]/div[2]/div/div/table[7]/thead/tr/th[2],/html/body/div[3]/div/div[2]/main/div/div/div/div[2]/div/div/div/div[1]/div/div/div[2]/div[2]/div/div/table[7]/caption,preserve,current_period,../p0/available_20261005/facts_v0_3.jsonl#US-MSFT-FY2025-Q4-RELEASE-US-MSFT-CONSOLIDATED-total_assets-FY2025-instant-current_period,adaptation,agent_draft,../p0/available_20261005/facts.jsonl#US-MSFT-FY2025-Q4-RELEASE-US-MSFT-CONSOLIDATED-total_assets-FY2025-instant-current_period,p03-factual-reference-0.3,619003000000,official_annual_report_principles_of_consolidation_local_fact_corroborated,,,../p0/available_20261005/facts_v0_2.jsonl#US-MSFT-FY2025-Q4-RELEASE-US-MSFT-CONSOLIDATED-total_assets-FY2025-instant-current_period,/html/body/div[3]/div/div[2]/main/div/div/div/div[2]/div/div/div/div[1]/div/div/div[2]/div[2]/div/div/table[7]/thead/tr/th[2],/html/body/div[3]/div/div[2]/main/div/div/div/div[2]/div/div/div/div[1]/div/div/div[2]/div[2]/div/div/table[7]/thead/tr/th[2],2026-10-05T12:31:51.408141+00:00,/html/body/div[3]/div/div[2]/main/div/div/div/div[2]/div/div/div/div[1]/div/div/div[2]/div[2]/div/div/table[7]/thead/tr,/html/body/div[3]/div/div[2]/main/div/div/div/div[2]/div/div/div/div[1]/div/div/div[2]/div[2]/div/div/table[7]/thead/tr,retrospective_corroboration_observed_2026_not_assumed_available_2024
O-4295b0c47983831c63ac,US-MSFT-FY2025-Q4-RELEASE-US-MSFT-CONSOLIDATED-cash_and_equivalents-FY2025-instant-current_period,US-MSFT-FY2025-Q4-RELEASE,US-MSFT-FY2025-Q4-RELEASE-R-1801a07368af,US-MSFT-FY2025-Q4-EARNINGS,US-MSFT,US-MSFT-CONSOLIDATED,,cash_and_equivalents,Cash and cash equivalents,"$30,242",30242,USD,millions,1000000,USD,GAAP,consolidated,us-financial-0.1,instant,2025-06-30,2025-06-30,0,2025,,balance,instant_balance,actual_reported,2025-07-30,/html/body/div[3]/div/div[2]/main/div/div/div/div[2]/div/div/div/div[1]/div/div/div[2]/div[2]/div/div/table[7]/tbody/tr[3]/td[1],/html/body/div[3]/div/div[2]/main/div/div/div/div[2]/div/div/div/div[1]/div/div/div[2]/div[2]/div/div/table[7],/html/body/div[3]/div/div[2]/main/div/div/div/div[2]/div/div/div/div[1]/div/div/div[2]/div[2]/div/div/table[7]/thead/tr/th[2],/html/body/div[3]/div/div[2]/main/div/div/div/div[2]/div/div/div/div[1]/div/div/div[2]/div[2]/div/div/table[7]/thead/tr/th[2],/html/body/div[3]/div/div[2]/main/div/div/div/div[2]/div/div/div/div[1]/div/div/div[2]/div[2]/div/div/table[7]/caption,preserve,current_period,../p0/available_20261005/facts_v0_3.jsonl#US-MSFT-FY2025-Q4-RELEASE-US-MSFT-CONSOLIDATED-cash_and_equivalents-FY2025-instant-current_period,adaptation,agent_draft,../p0/available_20261005/facts.jsonl#US-MSFT-FY2025-Q4-RELEASE-US-MSFT-CONSOLIDATED-cash_and_equivalents-FY2025-instant-current_period,p03-factual-reference-0.3,30242000000,official_annual_report_principles_of_consolidation_local_fact_corroborated,,,../p0/available_20261005/facts_v0_2.jsonl#US-MSFT-FY2025-Q4-RELEASE-US-MSFT-CONSOLIDATED-cash_and_equivalents-FY2025-instant-current_period,/html/body/div[3]/div/div[2]/main/div/div/div/div[2]/div/div/div/div[1]/div/div/div[2]/div[2]/div/div/table[7]/thead/tr/th[2],/html/body/div[3]/div/div[2]/main/div/div/div/div[2]/div/div/div/div[1]/div/div/div[2]/div[2]/div/div/table[7]/thead/tr/th[2],2026-10-05T12:31:51.408141+00:00,/html/body/div[3]/div/div[2]/main/div/div/div/div[2]/div/div/div/div[1]/div/div/div[2]/div[2]/div/div/table[7]/thead/tr,/html/body/div[3]/div/div[2]/main/div/div/div/div[2]/div/div/div/div[1]/div/div/div[2]/div[2]/div/div/table[7]/thead/tr,retrospective_corroboration_observed_2026_not_assumed_available_2024
O-0ef56d68ecc974a71380,US-MSFT-FY2025-Q4-RELEASE-US-MSFT-SEG-PBP-revenue-FY2025-FY-current_period,US-MSFT-FY2025-Q4-RELEASE,US-MSFT-FY2025-Q4-RELEASE-R-1801a07368af,US-MSFT-FY2025-Q4-EARNINGS,US-MSFT,US-MSFT-SEG-PBP,,revenue,Productivity and Business Processes,"$120,810",120810,USD,millions,1000000,USD,GAAP,segment,msft-segment-presentation-fy2025,FY,2024-07-01,2025-06-30,365,2025,,flow,additive_flow,actual_reported,2025-07-30,/html/body/div[3]/div/div[2]/main/div/div/div/div[2]/div/div/div/div[1]/div/div/div[2]/div[2]/div/div/table[9]/tbody/tr[2]/td[5],/html/body/div[3]/div/div[2]/main/div/div/div/div[2]/div/div/div/div[1]/div/div/div[2]/div[2]/div/div/table[9],/html/body/div[3]/div/div[2]/main/div/div/div/div[2]/div/div/div/div[1]/div/div/div[2]/div[2]/div/div/table[9]/thead/tr[1]/th[4],/html/body/div[3]/div/div[2]/main/div/div/div/div[2]/div/div/div/div[1]/div/div/div[2]/div[2]/div/div/table[9]/thead/tr[3]/th[6],/html/body/div[3]/div/div[2]/main/div/div/div/div[2]/div/div/div/div[1]/div/div/div[2]/div[2]/div/div/table[9]/caption,preserve,current_period,../p0/available_20261005/facts_v0_3.jsonl#US-MSFT-FY2025-Q4-RELEASE-US-MSFT-SEG-PBP-revenue-FY2025-FY-current_period,adaptation,agent_draft,../p0/available_20261005/facts.jsonl#US-MSFT-FY2025-Q4-RELEASE-US-MSFT-SEG-PBP-revenue-FY2025-FY-current_period,p03-factual-reference-0.3,120810000000,segment_table_explicit,Revenue,/html/body/div[3]/div/div[2]/main/div/div/div/div[2]/div/div/div/div[1]/div/div/div[2]/div[2]/div/div/table[9]/tbody/tr[1],../p0/available_20261005/facts_v0_2.jsonl#US-MSFT-FY2025-Q4-RELEASE-US-MSFT-SEG-PBP-revenue-FY2025-FY-current_period,/html/body/div[3]/div/div[2]/main/div/div/div/div[2]/div/div/div/div[1]/div/div/div[2]/div[2]/div/div/table[9]/thead/tr[1]/th[4],/html/body/div[3]/div/div[2]/main/div/div/div/div[2]/div/div/div/div[1]/div/div/div[2]/div[2]/div/div/table[9]/thead/tr[3]/th[6],not_applicable_segment_explicit_source_table,/html/body/div[3]/div/div[2]/main/div/div/div/div[2]/div/div/div/div[1]/div/div/div[2]/div[2]/div/div/table[9]/thead/tr[1],/html/body/div[3]/div/div[2]/main/div/div/div/div[2]/div/div/div/div[1]/div/div/div[2]/div[2]/div/div/table[9]/thead/tr[3],source_segment_period_table
O-47f81bc4751bdc24b87a,US-MSFT-FY2025-Q4-RELEASE-US-MSFT-SEG-PBP-revenue-FY2024-FY-comparative_prior_year,US-MSFT-FY2025-Q4-RELEASE,US-MSFT-FY2025-Q4-RELEASE-R-1801a07368af,US-MSFT-FY2025-Q4-EARNINGS,US-MSFT,US-MSFT-SEG-PBP,,revenue,Productivity and Business Processes,"$106,820",106820,USD,millions,1000000,USD,GAAP,segment,msft-segment-presentation-fy2025,FY,2023-07-01,2024-06-30,366,2024,,flow,additive_flow,actual_reported,2025-07-30,/html/body/div[3]/div/div[2]/main/div/div/div/div[2]/div/div/div/div[1]/div/div/div[2]/div[2]/div/div/table[9]/tbody/tr[2]/td[7],/html/body/div[3]/div/div[2]/main/div/div/div/div[2]/div/div/div/div[1]/div/div/div[2]/div[2]/div/div/table[9],/html/body/div[3]/div/div[2]/main/div/div/div/div[2]/div/div/div/div[1]/div/div/div[2]/div[2]/div/div/table[9]/thead/tr[1]/th[4],/html/body/div[3]/div/div[2]/main/div/div/div/div[2]/div/div/div/div[1]/div/div/div[2]/div[2]/div/div/table[9]/thead/tr[3]/th[8],/html/body/div[3]/div/div[2]/main/div/div/div/div[2]/div/div/div/div[1]/div/div/div[2]/div[2]/div/div/table[9]/caption,preserve,comparative_prior_year,../p0/available_20261005/facts_v0_3.jsonl#US-MSFT-FY2025-Q4-RELEASE-US-MSFT-SEG-PBP-revenue-FY2024-FY-comparative_prior_year,adaptation,agent_draft,../p0/available_20261005/facts.jsonl#US-MSFT-FY2025-Q4-RELEASE-US-MSFT-SEG-PBP-revenue-FY2024-FY-comparative_prior_year,p03-factual-reference-0.3,106820000000,segment_table_explicit,Revenue,/html/body/div[3]/div/div[2]/main/div/div/div/div[2]/div/div/div/div[1]/div/div/div[2]/div[2]/div/div/table[9]/tbody/tr[1],../p0/available_20261005/facts_v0_2.jsonl#US-MSFT-FY2025-Q4-RELEASE-US-MSFT-SEG-PBP-revenue-FY2024-FY-comparative_prior_year,/html/body/div[3]/div/div[2]/main/div/div/div/div[2]/div/div/div/div[1]/div/div/div[2]/div[2]/div/div/table[9]/thead/tr[1]/th[4],/html/body/div[3]/div/div[2]/main/div/div/div/div[2]/div/div/div/div[1]/div/div/div[2]/div[2]/div/div/table[9]/thead/tr[3]/th[8],not_applicable_segment_explicit_source_table,/html/body/div[3]/div/div[2]/main/div/div/div/div[2]/div/div/div/div[1]/div/div/div[2]/div[2]/div/div/table[9]/thead/tr[1],/html/body/div[3]/div/div[2]/main/div/div/div/div[2]/div/div/div/div[1]/div/div/div[2]/div[2]/div/div/table[9]/thead/tr[3],source_segment_period_table
O-35a1c4529cab1b41427d,US-MSFT-FY2025-Q4-RELEASE-US-MSFT-SEG-IC-revenue-FY2025-FY-current_period,US-MSFT-FY2025-Q4-RELEASE,US-MSFT-FY2025-Q4-RELEASE-R-1801a07368af,US-MSFT-FY2025-Q4-EARNINGS,US-MSFT,US-MSFT-SEG-IC,,revenue,Intelligent Cloud,"106,265",106265,USD,millions,1000000,USD,GAAP,segment,msft-segment-presentation-fy2025,FY,2024-07-01,2025-06-30,365,2025,,flow,additive_flow,actual_reported,2025-07-30,/html/body/div[3]/div/div[2]/main/div/div/div/div[2]/div/div/div/div[1]/div/div/div[2]/div[2]/div/div/table[9]/tbody/tr[3]/td[5],/html/body/div[3]/div/div[2]/main/div/div/div/div[2]/div/div/div/div[1]/div/div/div[2]/div[2]/div/div/table[9],/html/body/div[3]/div/div[2]/main/div/div/div/div[2]/div/div/div/div[1]/div/div/div[2]/div[2]/div/div/table[9]/thead/tr[1]/th[4],/html/body/div[3]/div/div[2]/main/div/div/div/div[2]/div/div/div/div[1]/div/div/div[2]/div[2]/div/div/table[9]/thead/tr[3]/th[6],/html/body/div[3]/div/div[2]/main/div/div/div/div[2]/div/div/div/div[1]/div/div/div[2]/div[2]/div/div/table[9]/caption,preserve,current_period,../p0/available_20261005/facts_v0_3.jsonl#US-MSFT-FY2025-Q4-RELEASE-US-MSFT-SEG-IC-revenue-FY2025-FY-current_period,adaptation,agent_draft,../p0/available_20261005/facts.jsonl#US-MSFT-FY2025-Q4-RELEASE-US-MSFT-SEG-IC-revenue-FY2025-FY-current_period,p03-factual-reference-0.3,106265000000,segment_table_explicit,Revenue,/html/body/div[3]/div/div[2]/main/div/div/div/div[2]/div/div/div/div[1]/div/div/div[2]/div[2]/div/div/table[9]/tbody/tr[1],../p0/available_20261005/facts_v0_2.jsonl#US-MSFT-FY2025-Q4-RELEASE-US-MSFT-SEG-IC-revenue-FY2025-FY-current_period,/html/body/div[3]/div/div[2]/main/div/div/div/div[2]/div/div/div/div[1]/div/div/div[2]/div[2]/div/div/table[9]/thead/tr[1]/th[4],/html/body/div[3]/div/div[2]/main/div/div/div/div[2]/div/div/div/div[1]/div/div/div[2]/div[2]/div/div/table[9]/thead/tr[3]/th[6],not_applicable_segment_explicit_source_table,/html/body/div[3]/div/div[2]/main/div/div/div/div[2]/div/div/div/div[1]/div/div/div[2]/div[2]/div/div/table[9]/thead/tr[1],/html/body/div[3]/div/div[2]/main/div/div/div/div[2]/div/div/div/div[1]/div/div/div[2]/div[2]/div/div/table[9]/thead/tr[3],source_segment_period_table
O-6bfc40482f0965b4e642,US-MSFT-FY2025-Q4-RELEASE-US-MSFT-SEG-IC-revenue-FY2024-FY-comparative_prior_year,US-MSFT-FY2025-Q4-RELEASE,US-MSFT-FY2025-Q4-RELEASE-R-1801a07368af,US-MSFT-FY2025-Q4-EARNINGS,US-MSFT,US-MSFT-SEG-IC,,revenue,Intelligent Cloud,"87,464",87464,USD,millions,1000000,USD,GAAP,segment,msft-segment-presentation-fy2025,FY,2023-07-01,2024-06-30,366,2024,,flow,additive_flow,actual_reported,2025-07-30,/html/body/div[3]/div/div[2]/main/div/div/div/div[2]/div/div/div/div[1]/div/div/div[2]/div[2]/div/div/table[9]/tbody/tr[3]/td[7],/html/body/div[3]/div/div[2]/main/div/div/div/div[2]/div/div/div/div[1]/div/div/div[2]/div[2]/div/div/table[9],/html/body/div[3]/div/div[2]/main/div/div/div/div[2]/div/div/div/div[1]/div/div/div[2]/div[2]/div/div/table[9]/thead/tr[1]/th[4],/html/body/div[3]/div/div[2]/main/div/div/div/div[2]/div/div/div/div[1]/div/div/div[2]/div[2]/div/div/table[9]/thead/tr[3]/th[8],/html/body/div[3]/div/div[2]/main/div/div/div/div[2]/div/div/div/div[1]/div/div/div[2]/div[2]/div/div/table[9]/caption,preserve,comparative_prior_year,../p0/available_20261005/facts_v0_3.jsonl#US-MSFT-FY2025-Q4-RELEASE-US-MSFT-SEG-IC-revenue-FY2024-FY-comparative_prior_year,adaptation,agent_draft,../p0/available_20261005/facts.jsonl#US-MSFT-FY2025-Q4-RELEASE-US-MSFT-SEG-IC-revenue-FY2024-FY-comparative_prior_year,p03-factual-reference-0.3,87464000000,segment_table_explicit,Revenue,/html/body/div[3]/div/div[2]/main/div/div/div/div[2]/div/div/div/div[1]/div/div/div[2]/div[2]/div/div/table[9]/tbody/tr[1],../p0/available_20261005/facts_v0_2.jsonl#US-MSFT-FY2025-Q4-RELEASE-US-MSFT-SEG-IC-revenue-FY2024-FY-comparative_prior_year,/html/body/div[3]/div/div[2]/main/div/div/div/div[2]/div/div/div/div[1]/div/div/div[2]/div[2]/div/div/table[9]/thead/tr[1]/th[4],/html/body/div[3]/div/div[2]/main/div/div/div/div[2]/div/div/div/div[1]/div/div/div[2]/div[2]/div/div/table[9]/thead/tr[3]/th[8],not_applicable_segment_explicit_source_table,/html/body/div[3]/div/div[2]/main/div/div/div/div[2]/div/div/div/div[1]/div/div/div[2]/div[2]/div/div/table[9]/thead/tr[1],/html/body/div[3]/div/div[2]/main/div/div/div/div[2]/div/div/div/div[1]/div/div/div[2]/div[2]/div/div/table[9]/thead/tr[3],source_segment_period_table
O-2b4c466b3b1623160b38,US-MSFT-FY2025-Q4-RELEASE-US-MSFT-SEG-MPC-revenue-FY2025-FY-current_period,US-MSFT-FY2025-Q4-RELEASE,US-MSFT-FY2025-Q4-RELEASE-R-1801a07368af,US-MSFT-FY2025-Q4-EARNINGS,US-MSFT,US-MSFT-SEG-MPC,,revenue,More Personal Computing,"54,649",54649,USD,millions,1000000,USD,GAAP,segment,msft-segment-presentation-fy2025,FY,2024-07-01,2025-06-30,365,2025,,flow,additive_flow,actual_reported,2025-07-30,/html/body/div[3]/div/div[2]/main/div/div/div/div[2]/div/div/div/div[1]/div/div/div[2]/div[2]/div/div/table[9]/tbody/tr[4]/td[5],/html/body/div[3]/div/div[2]/main/div/div/div/div[2]/div/div/div/div[1]/div/div/div[2]/div[2]/div/div/table[9],/html/body/div[3]/div/div[2]/main/div/div/div/div[2]/div/div/div/div[1]/div/div/div[2]/div[2]/div/div/table[9]/thead/tr[1]/th[4],/html/body/div[3]/div/div[2]/main/div/div/div/div[2]/div/div/div/div[1]/div/div/div[2]/div[2]/div/div/table[9]/thead/tr[3]/th[6],/html/body/div[3]/div/div[2]/main/div/div/div/div[2]/div/div/div/div[1]/div/div/div[2]/div[2]/div/div/table[9]/caption,preserve,current_period,../p0/available_20261005/facts_v0_3.jsonl#US-MSFT-FY2025-Q4-RELEASE-US-MSFT-SEG-MPC-revenue-FY2025-FY-current_period,adaptation,agent_draft,../p0/available_20261005/facts.jsonl#US-MSFT-FY2025-Q4-RELEASE-US-MSFT-SEG-MPC-revenue-FY2025-FY-current_period,p03-factual-reference-0.3,54649000000,segment_table_explicit,Revenue,/html/body/div[3]/div/div[2]/main/div/div/div/div[2]/div/div/div/div[1]/div/div/div[2]/div[2]/div/div/table[9]/tbody/tr[1],../p0/available_20261005/facts_v0_2.jsonl#US-MSFT-FY2025-Q4-RELEASE-US-MSFT-SEG-MPC-revenue-FY2025-FY-current_period,/html/body/div[3]/div/div[2]/main/div/div/div/div[2]/div/div/div/div[1]/div/div/div[2]/div[2]/div/div/table[9]/thead/tr[1]/th[4],/html/body/div[3]/div/div[2]/main/div/div/div/div[2]/div/div/div/div[1]/div/div/div[2]/div[2]/div/div/table[9]/thead/tr[3]/th[6],not_applicable_segment_explicit_source_table,/html/body/div[3]/div/div[2]/main/div/div/div/div[2]/div/div/div/div[1]/div/div/div[2]/div[2]/div/div/table[9]/thead/tr[1],/html/body/div[3]/div/div[2]/main/div/div/div/div[2]/div/div/div/div[1]/div/div/div[2]/div[2]/div/div/table[9]/thead/tr[3],source_segment_period_table
O-391d8002c9cae1dcc0da,US-MSFT-FY2025-Q4-RELEASE-US-MSFT-SEG-MPC-revenue-FY2024-FY-comparative_prior_year,US-MSFT-FY2025-Q4-RELEASE,US-MSFT-FY2025-Q4-RELEASE-R-1801a07368af,US-MSFT-FY2025-Q4-EARNINGS,US-MSFT,US-MSFT-SEG-MPC,,revenue,More Personal Computing,"50,838",50838,USD,millions,1000000,USD,GAAP,segment,msft-segment-presentation-fy2025,FY,2023-07-01,2024-06-30,366,2024,,flow,additive_flow,actual_reported,2025-07-30,/html/body/div[3]/div/div[2]/main/div/div/div/div[2]/div/div/div/div[1]/div/div/div[2]/div[2]/div/div/table[9]/tbody/tr[4]/td[7],/html/body/div[3]/div/div[2]/main/div/div/div/div[2]/div/div/div/div[1]/div/div/div[2]/div[2]/div/div/table[9],/html/body/div[3]/div/div[2]/main/div/div/div/div[2]/div/div/div/div[1]/div/div/div[2]/div[2]/div/div/table[9]/thead/tr[1]/th[4],/html/body/div[3]/div/div[2]/main/div/div/div/div[2]/div/div/div/div[1]/div/div/div[2]/div[2]/div/div/table[9]/thead/tr[3]/th[8],/html/body/div[3]/div/div[2]/main/div/div/div/div[2]/div/div/div/div[1]/div/div/div[2]/div[2]/div/div/table[9]/caption,preserve,comparative_prior_year,../p0/available_20261005/facts_v0_3.jsonl#US-MSFT-FY2025-Q4-RELEASE-US-MSFT-SEG-MPC-revenue-FY2024-FY-comparative_prior_year,adaptation,agent_draft,../p0/available_20261005/facts.jsonl#US-MSFT-FY2025-Q4-RELEASE-US-MSFT-SEG-MPC-revenue-FY2024-FY-comparative_prior_year,p03-factual-reference-0.3,50838000000,segment_table_explicit,Revenue,/html/body/div[3]/div/div[2]/main/div/div/div/div[2]/div/div/div/div[1]/div/div/div[2]/div[2]/div/div/table[9]/tbody/tr[1],../p0/available_20261005/facts_v0_2.jsonl#US-MSFT-FY2025-Q4-RELEASE-US-MSFT-SEG-MPC-revenue-FY2024-FY-comparative_prior_year,/html/body/div[3]/div/div[2]/main/div/div/div/div[2]/div/div/div/div[1]/div/div/div[2]/div[2]/div/div/table[9]/thead/tr[1]/th[4],/html/body/div[3]/div/div[2]/main/div/div/div/div[2]/div/div/div/div[1]/div/div/div[2]/div[2]/div/div/table[9]/thead/tr[3]/th[8],not_applicable_segment_explicit_source_table,/html/body/div[3]/div/div[2]/main/div/div/div/div[2]/div/div/div/div[1]/div/div/div[2]/div[2]/div/div/table[9]/thead/tr[1],/html/body/div[3]/div/div[2]/main/div/div/div/div[2]/div/div/div/div[1]/div/div/div[2]/div[2]/div/div/table[9]/thead/tr[3],source_segment_period_table
