transfer_id,case_id,field,original_value,frozen_result,assessment,post_adaptation_value,evidence_refs,reason,definition_version_before,definition_version_after,status
T-2ed32f005947b1bba0e8,T-2ed32f005947b1bba0e8,metric_and_scope,revenue;US-MSFT-CONSOLIDATED,registered_ID_with_explicit_source_scope,use,revenue;US-MSFT-CONSOLIDATED,US-MSFT-FY2025-Q4-RELEASE:/html/body/div[3]/div/div[2]/main/div/div/div/div[2]/div/div/div/div[1]/div/div/div[2]/div[2]/div/div/table[5]/tbody/tr[4]/td[1],Existing scoped financial label.,us-financial-0.1,us-financial-0.1,agent_registry_application_not_independent_gold
T-2ed32f005947b1bba0e8,T-2ed32f005947b1bba0e8,definition_version,us-financial-0.1,matching_source_definition,use,us-financial-0.1,US-MSFT-FY2025-Q4-RELEASE:/html/body/div[3]/div/div[2]/main/div/div/div/div[2]/div/div/div/div[1]/div/div/div[2]/div[2]/div/div/table[5]/tbody/tr[4]/td[1],Existing operational definition; company policy remains limited to selected source table.,us-financial-0.1,us-financial-0.1,agent_registry_application_not_independent_gold
T-2ed32f005947b1bba0e8,T-2ed32f005947b1bba0e8,period,Q4,actual_dates_duration_and_kind_retained,use,2025-04-01/2025-06-30,US-MSFT-FY2025-Q4-RELEASE:/html/body/div[3]/div/div[2]/main/div/div/div/div[2]/div/div/div/div[1]/div/div/div[2]/div[2]/div/div/table[5]/tbody/tr[4]/td[1],"No fiscal/calendar, quarterly/annual, balance/flow merge; leap-year annual duration retained.",us-financial-0.1,us-financial-0.1,agent_registry_application_not_independent_gold
T-2ed32f005947b1bba0e8,T-2ed32f005947b1bba0e8,unit,USD_million,scale_rule_U_USD_MILLION_TO_BASE,use,USD,US-MSFT-FY2025-Q4-RELEASE:/html/body/div[3]/div/div[2]/main/div/div/div/div[2]/div/div/div/div[1]/div/div/div[2]/div[2]/div/div/table[5]/tbody/tr[4]/td[1],Source sign separately retained; capex positive payment normalization is guarded.,us-financial-0.1,us-financial-0.1,agent_registry_application_not_independent_gold
T-61c603427f9265d5f12f,T-61c603427f9265d5f12f,metric_and_scope,operating_income;US-MSFT-CONSOLIDATED,registered_ID_with_explicit_source_scope,use,operating_income;US-MSFT-CONSOLIDATED,US-MSFT-FY2025-Q4-RELEASE:/html/body/div[3]/div/div[2]/main/div/div/div/div[2]/div/div/div/div[1]/div/div/div[2]/div[2]/div/div/table[5]/tbody/tr[13]/td[1],Existing scoped financial label.,us-financial-0.1,us-financial-0.1,agent_registry_application_not_independent_gold
T-61c603427f9265d5f12f,T-61c603427f9265d5f12f,definition_version,us-financial-0.1,matching_source_definition,use,us-financial-0.1,US-MSFT-FY2025-Q4-RELEASE:/html/body/div[3]/div/div[2]/main/div/div/div/div[2]/div/div/div/div[1]/div/div/div[2]/div[2]/div/div/table[5]/tbody/tr[13]/td[1],Existing operational definition; company policy remains limited to selected source table.,us-financial-0.1,us-financial-0.1,agent_registry_application_not_independent_gold
T-61c603427f9265d5f12f,T-61c603427f9265d5f12f,period,Q4,actual_dates_duration_and_kind_retained,use,2025-04-01/2025-06-30,US-MSFT-FY2025-Q4-RELEASE:/html/body/div[3]/div/div[2]/main/div/div/div/div[2]/div/div/div/div[1]/div/div/div[2]/div[2]/div/div/table[5]/tbody/tr[13]/td[1],"No fiscal/calendar, quarterly/annual, balance/flow merge; leap-year annual duration retained.",us-financial-0.1,us-financial-0.1,agent_registry_application_not_independent_gold
T-61c603427f9265d5f12f,T-61c603427f9265d5f12f,unit,USD_million,scale_rule_U_USD_MILLION_TO_BASE,use,USD,US-MSFT-FY2025-Q4-RELEASE:/html/body/div[3]/div/div[2]/main/div/div/div/div[2]/div/div/div/div[1]/div/div/div[2]/div[2]/div/div/table[5]/tbody/tr[13]/td[1],Source sign separately retained; capex positive payment normalization is guarded.,us-financial-0.1,us-financial-0.1,agent_registry_application_not_independent_gold
T-1191b656d6a6dfd2d92e,T-1191b656d6a6dfd2d92e,metric_and_scope,net_income;US-MSFT-CONSOLIDATED,registered_ID_with_explicit_source_scope,use,net_income;US-MSFT-CONSOLIDATED,US-MSFT-FY2025-Q4-RELEASE:/html/body/div[3]/div/div[2]/main/div/div/div/div[2]/div/div/div/div[1]/div/div/div[2]/div[2]/div/div/table[5]/tbody/tr[17]/td[1],Existing scoped financial label.,us-financial-0.1,us-financial-0.1,agent_registry_application_not_independent_gold
T-1191b656d6a6dfd2d92e,T-1191b656d6a6dfd2d92e,definition_version,us-financial-0.1,matching_source_definition,use,us-financial-0.1,US-MSFT-FY2025-Q4-RELEASE:/html/body/div[3]/div/div[2]/main/div/div/div/div[2]/div/div/div/div[1]/div/div/div[2]/div[2]/div/div/table[5]/tbody/tr[17]/td[1],Existing operational definition; company policy remains limited to selected source table.,us-financial-0.1,us-financial-0.1,agent_registry_application_not_independent_gold
T-1191b656d6a6dfd2d92e,T-1191b656d6a6dfd2d92e,period,Q4,actual_dates_duration_and_kind_retained,use,2025-04-01/2025-06-30,US-MSFT-FY2025-Q4-RELEASE:/html/body/div[3]/div/div[2]/main/div/div/div/div[2]/div/div/div/div[1]/div/div/div[2]/div[2]/div/div/table[5]/tbody/tr[17]/td[1],"No fiscal/calendar, quarterly/annual, balance/flow merge; leap-year annual duration retained.",us-financial-0.1,us-financial-0.1,agent_registry_application_not_independent_gold
T-1191b656d6a6dfd2d92e,T-1191b656d6a6dfd2d92e,unit,USD_million,scale_rule_U_USD_MILLION_TO_BASE,use,USD,US-MSFT-FY2025-Q4-RELEASE:/html/body/div[3]/div/div[2]/main/div/div/div/div[2]/div/div/div/div[1]/div/div/div[2]/div[2]/div/div/table[5]/tbody/tr[17]/td[1],Source sign separately retained; capex positive payment normalization is guarded.,us-financial-0.1,us-financial-0.1,agent_registry_application_not_independent_gold
T-330ecac784fd01378d92,T-330ecac784fd01378d92,metric_and_scope,cfo;US-MSFT-CONSOLIDATED,registered_ID_with_explicit_source_scope,use,cfo;US-MSFT-CONSOLIDATED,US-MSFT-FY2025-Q4-RELEASE:/html/body/div[3]/div/div[2]/main/div/div/div/div[2]/div/div/div/div[1]/div/div/div[2]/div[2]/div/div/table[8]/tbody/tr[18]/td[1],Existing scoped financial label.,us-financial-0.1,us-financial-0.1,agent_registry_application_not_independent_gold
T-330ecac784fd01378d92,T-330ecac784fd01378d92,definition_version,us-financial-0.1,matching_source_definition,use,us-financial-0.1,US-MSFT-FY2025-Q4-RELEASE:/html/body/div[3]/div/div[2]/main/div/div/div/div[2]/div/div/div/div[1]/div/div/div[2]/div[2]/div/div/table[8]/tbody/tr[18]/td[1],Existing operational definition; company policy remains limited to selected source table.,us-financial-0.1,us-financial-0.1,agent_registry_application_not_independent_gold
T-330ecac784fd01378d92,T-330ecac784fd01378d92,period,Q4,actual_dates_duration_and_kind_retained,use,2025-04-01/2025-06-30,US-MSFT-FY2025-Q4-RELEASE:/html/body/div[3]/div/div[2]/main/div/div/div/div[2]/div/div/div/div[1]/div/div/div[2]/div[2]/div/div/table[8]/tbody/tr[18]/td[1],"No fiscal/calendar, quarterly/annual, balance/flow merge; leap-year annual duration retained.",us-financial-0.1,us-financial-0.1,agent_registry_application_not_independent_gold
T-330ecac784fd01378d92,T-330ecac784fd01378d92,unit,USD_million,scale_rule_U_USD_MILLION_TO_BASE,use,USD,US-MSFT-FY2025-Q4-RELEASE:/html/body/div[3]/div/div[2]/main/div/div/div/div[2]/div/div/div/div[1]/div/div/div[2]/div[2]/div/div/table[8]/tbody/tr[18]/td[1],Source sign separately retained; capex positive payment normalization is guarded.,us-financial-0.1,us-financial-0.1,agent_registry_application_not_independent_gold
T-b70f514625fa64fc4823,T-b70f514625fa64fc4823,metric_and_scope,positive_cash_capex;US-MSFT-CONSOLIDATED,registered_ID_with_explicit_source_scope,use,positive_cash_capex;US-MSFT-CONSOLIDATED,US-MSFT-FY2025-Q4-RELEASE:/html/body/div[3]/div/div[2]/main/div/div/div/div[2]/div/div/div/div[1]/div/div/div[2]/div[2]/div/div/table[8]/tbody/tr[29]/td[1],Existing scoped financial label.,us-financial-0.1,us-financial-0.1,agent_registry_application_not_independent_gold
T-b70f514625fa64fc4823,T-b70f514625fa64fc4823,definition_version,us-financial-0.1,matching_source_definition,use,us-financial-0.1,US-MSFT-FY2025-Q4-RELEASE:/html/body/div[3]/div/div[2]/main/div/div/div/div[2]/div/div/div/div[1]/div/div/div[2]/div[2]/div/div/table[8]/tbody/tr[29]/td[1],Existing operational definition; company policy remains limited to selected source table.,us-financial-0.1,us-financial-0.1,agent_registry_application_not_independent_gold
T-b70f514625fa64fc4823,T-b70f514625fa64fc4823,period,Q4,actual_dates_duration_and_kind_retained,use,2025-04-01/2025-06-30,US-MSFT-FY2025-Q4-RELEASE:/html/body/div[3]/div/div[2]/main/div/div/div/div[2]/div/div/div/div[1]/div/div/div[2]/div[2]/div/div/table[8]/tbody/tr[29]/td[1],"No fiscal/calendar, quarterly/annual, balance/flow merge; leap-year annual duration retained.",us-financial-0.1,us-financial-0.1,agent_registry_application_not_independent_gold
T-b70f514625fa64fc4823,T-b70f514625fa64fc4823,unit,USD_million,scale_rule_U_USD_MILLION_TO_BASE,use,USD,US-MSFT-FY2025-Q4-RELEASE:/html/body/div[3]/div/div[2]/main/div/div/div/div[2]/div/div/div/div[1]/div/div/div[2]/div[2]/div/div/table[8]/tbody/tr[29]/td[1],Source sign separately retained; capex positive payment normalization is guarded.,us-financial-0.1,us-financial-0.1,agent_registry_application_not_independent_gold
T-5b7d5cdb83736aaac902,T-5b7d5cdb83736aaac902,metric_and_scope,revenue;US-MSFT-CONSOLIDATED,registered_ID_with_explicit_source_scope,use,revenue;US-MSFT-CONSOLIDATED,US-MSFT-FY2025-Q4-RELEASE:/html/body/div[3]/div/div[2]/main/div/div/div/div[2]/div/div/div/div[1]/div/div/div[2]/div[2]/div/div/table[5]/tbody/tr[4]/td[5],Existing scoped financial label.,us-financial-0.1,us-financial-0.1,agent_registry_application_not_independent_gold
T-5b7d5cdb83736aaac902,T-5b7d5cdb83736aaac902,definition_version,us-financial-0.1,matching_source_definition,use,us-financial-0.1,US-MSFT-FY2025-Q4-RELEASE:/html/body/div[3]/div/div[2]/main/div/div/div/div[2]/div/div/div/div[1]/div/div/div[2]/div[2]/div/div/table[5]/tbody/tr[4]/td[5],Existing operational definition; company policy remains limited to selected source table.,us-financial-0.1,us-financial-0.1,agent_registry_application_not_independent_gold
T-5b7d5cdb83736aaac902,T-5b7d5cdb83736aaac902,period,FY,actual_dates_duration_and_kind_retained,use,2024-07-01/2025-06-30,US-MSFT-FY2025-Q4-RELEASE:/html/body/div[3]/div/div[2]/main/div/div/div/div[2]/div/div/div/div[1]/div/div/div[2]/div[2]/div/div/table[5]/tbody/tr[4]/td[5],"No fiscal/calendar, quarterly/annual, balance/flow merge; leap-year annual duration retained.",us-financial-0.1,us-financial-0.1,agent_registry_application_not_independent_gold
T-5b7d5cdb83736aaac902,T-5b7d5cdb83736aaac902,unit,USD_million,scale_rule_U_USD_MILLION_TO_BASE,use,USD,US-MSFT-FY2025-Q4-RELEASE:/html/body/div[3]/div/div[2]/main/div/div/div/div[2]/div/div/div/div[1]/div/div/div[2]/div[2]/div/div/table[5]/tbody/tr[4]/td[5],Source sign separately retained; capex positive payment normalization is guarded.,us-financial-0.1,us-financial-0.1,agent_registry_application_not_independent_gold
T-76dbd45d9a6d730a736c,T-76dbd45d9a6d730a736c,metric_and_scope,operating_income;US-MSFT-CONSOLIDATED,registered_ID_with_explicit_source_scope,use,operating_income;US-MSFT-CONSOLIDATED,US-MSFT-FY2025-Q4-RELEASE:/html/body/div[3]/div/div[2]/main/div/div/div/div[2]/div/div/div/div[1]/div/div/div[2]/div[2]/div/div/table[5]/tbody/tr[13]/td[5],Existing scoped financial label.,us-financial-0.1,us-financial-0.1,agent_registry_application_not_independent_gold
T-76dbd45d9a6d730a736c,T-76dbd45d9a6d730a736c,definition_version,us-financial-0.1,matching_source_definition,use,us-financial-0.1,US-MSFT-FY2025-Q4-RELEASE:/html/body/div[3]/div/div[2]/main/div/div/div/div[2]/div/div/div/div[1]/div/div/div[2]/div[2]/div/div/table[5]/tbody/tr[13]/td[5],Existing operational definition; company policy remains limited to selected source table.,us-financial-0.1,us-financial-0.1,agent_registry_application_not_independent_gold
T-76dbd45d9a6d730a736c,T-76dbd45d9a6d730a736c,period,FY,actual_dates_duration_and_kind_retained,use,2024-07-01/2025-06-30,US-MSFT-FY2025-Q4-RELEASE:/html/body/div[3]/div/div[2]/main/div/div/div/div[2]/div/div/div/div[1]/div/div/div[2]/div[2]/div/div/table[5]/tbody/tr[13]/td[5],"No fiscal/calendar, quarterly/annual, balance/flow merge; leap-year annual duration retained.",us-financial-0.1,us-financial-0.1,agent_registry_application_not_independent_gold
T-76dbd45d9a6d730a736c,T-76dbd45d9a6d730a736c,unit,USD_million,scale_rule_U_USD_MILLION_TO_BASE,use,USD,US-MSFT-FY2025-Q4-RELEASE:/html/body/div[3]/div/div[2]/main/div/div/div/div[2]/div/div/div/div[1]/div/div/div[2]/div[2]/div/div/table[5]/tbody/tr[13]/td[5],Source sign separately retained; capex positive payment normalization is guarded.,us-financial-0.1,us-financial-0.1,agent_registry_application_not_independent_gold
T-a526bccd61f46737c77f,T-a526bccd61f46737c77f,metric_and_scope,net_income;US-MSFT-CONSOLIDATED,registered_ID_with_explicit_source_scope,use,net_income;US-MSFT-CONSOLIDATED,US-MSFT-FY2025-Q4-RELEASE:/html/body/div[3]/div/div[2]/main/div/div/div/div[2]/div/div/div/div[1]/div/div/div[2]/div[2]/div/div/table[5]/tbody/tr[17]/td[5],Existing scoped financial label.,us-financial-0.1,us-financial-0.1,agent_registry_application_not_independent_gold
T-a526bccd61f46737c77f,T-a526bccd61f46737c77f,definition_version,us-financial-0.1,matching_source_definition,use,us-financial-0.1,US-MSFT-FY2025-Q4-RELEASE:/html/body/div[3]/div/div[2]/main/div/div/div/div[2]/div/div/div/div[1]/div/div/div[2]/div[2]/div/div/table[5]/tbody/tr[17]/td[5],Existing operational definition; company policy remains limited to selected source table.,us-financial-0.1,us-financial-0.1,agent_registry_application_not_independent_gold
T-a526bccd61f46737c77f,T-a526bccd61f46737c77f,period,FY,actual_dates_duration_and_kind_retained,use,2024-07-01/2025-06-30,US-MSFT-FY2025-Q4-RELEASE:/html/body/div[3]/div/div[2]/main/div/div/div/div[2]/div/div/div/div[1]/div/div/div[2]/div[2]/div/div/table[5]/tbody/tr[17]/td[5],"No fiscal/calendar, quarterly/annual, balance/flow merge; leap-year annual duration retained.",us-financial-0.1,us-financial-0.1,agent_registry_application_not_independent_gold
T-a526bccd61f46737c77f,T-a526bccd61f46737c77f,unit,USD_million,scale_rule_U_USD_MILLION_TO_BASE,use,USD,US-MSFT-FY2025-Q4-RELEASE:/html/body/div[3]/div/div[2]/main/div/div/div/div[2]/div/div/div/div[1]/div/div/div[2]/div[2]/div/div/table[5]/tbody/tr[17]/td[5],Source sign separately retained; capex positive payment normalization is guarded.,us-financial-0.1,us-financial-0.1,agent_registry_application_not_independent_gold
T-ce8cc9b074d74ccdabb8,T-ce8cc9b074d74ccdabb8,metric_and_scope,cfo;US-MSFT-CONSOLIDATED,registered_ID_with_explicit_source_scope,use,cfo;US-MSFT-CONSOLIDATED,US-MSFT-FY2025-Q4-RELEASE:/html/body/div[3]/div/div[2]/main/div/div/div/div[2]/div/div/div/div[1]/div/div/div[2]/div[2]/div/div/table[8]/tbody/tr[18]/td[5],Existing scoped financial label.,us-financial-0.1,us-financial-0.1,agent_registry_application_not_independent_gold
T-ce8cc9b074d74ccdabb8,T-ce8cc9b074d74ccdabb8,definition_version,us-financial-0.1,matching_source_definition,use,us-financial-0.1,US-MSFT-FY2025-Q4-RELEASE:/html/body/div[3]/div/div[2]/main/div/div/div/div[2]/div/div/div/div[1]/div/div/div[2]/div[2]/div/div/table[8]/tbody/tr[18]/td[5],Existing operational definition; company policy remains limited to selected source table.,us-financial-0.1,us-financial-0.1,agent_registry_application_not_independent_gold
T-ce8cc9b074d74ccdabb8,T-ce8cc9b074d74ccdabb8,period,FY,actual_dates_duration_and_kind_retained,use,2024-07-01/2025-06-30,US-MSFT-FY2025-Q4-RELEASE:/html/body/div[3]/div/div[2]/main/div/div/div/div[2]/div/div/div/div[1]/div/div/div[2]/div[2]/div/div/table[8]/tbody/tr[18]/td[5],"No fiscal/calendar, quarterly/annual, balance/flow merge; leap-year annual duration retained.",us-financial-0.1,us-financial-0.1,agent_registry_application_not_independent_gold
T-ce8cc9b074d74ccdabb8,T-ce8cc9b074d74ccdabb8,unit,USD_million,scale_rule_U_USD_MILLION_TO_BASE,use,USD,US-MSFT-FY2025-Q4-RELEASE:/html/body/div[3]/div/div[2]/main/div/div/div/div[2]/div/div/div/div[1]/div/div/div[2]/div[2]/div/div/table[8]/tbody/tr[18]/td[5],Source sign separately retained; capex positive payment normalization is guarded.,us-financial-0.1,us-financial-0.1,agent_registry_application_not_independent_gold
T-fcac6681c1edf465b31c,T-fcac6681c1edf465b31c,metric_and_scope,positive_cash_capex;US-MSFT-CONSOLIDATED,registered_ID_with_explicit_source_scope,use,positive_cash_capex;US-MSFT-CONSOLIDATED,US-MSFT-FY2025-Q4-RELEASE:/html/body/div[3]/div/div[2]/main/div/div/div/div[2]/div/div/div/div[1]/div/div/div[2]/div[2]/div/div/table[8]/tbody/tr[29]/td[5],Existing scoped financial label.,us-financial-0.1,us-financial-0.1,agent_registry_application_not_independent_gold
T-fcac6681c1edf465b31c,T-fcac6681c1edf465b31c,definition_version,us-financial-0.1,matching_source_definition,use,us-financial-0.1,US-MSFT-FY2025-Q4-RELEASE:/html/body/div[3]/div/div[2]/main/div/div/div/div[2]/div/div/div/div[1]/div/div/div[2]/div[2]/div/div/table[8]/tbody/tr[29]/td[5],Existing operational definition; company policy remains limited to selected source table.,us-financial-0.1,us-financial-0.1,agent_registry_application_not_independent_gold
T-fcac6681c1edf465b31c,T-fcac6681c1edf465b31c,period,FY,actual_dates_duration_and_kind_retained,use,2024-07-01/2025-06-30,US-MSFT-FY2025-Q4-RELEASE:/html/body/div[3]/div/div[2]/main/div/div/div/div[2]/div/div/div/div[1]/div/div/div[2]/div[2]/div/div/table[8]/tbody/tr[29]/td[5],"No fiscal/calendar, quarterly/annual, balance/flow merge; leap-year annual duration retained.",us-financial-0.1,us-financial-0.1,agent_registry_application_not_independent_gold
T-fcac6681c1edf465b31c,T-fcac6681c1edf465b31c,unit,USD_million,scale_rule_U_USD_MILLION_TO_BASE,use,USD,US-MSFT-FY2025-Q4-RELEASE:/html/body/div[3]/div/div[2]/main/div/div/div/div[2]/div/div/div/div[1]/div/div/div[2]/div[2]/div/div/table[8]/tbody/tr[29]/td[5],Source sign separately retained; capex positive payment normalization is guarded.,us-financial-0.1,us-financial-0.1,agent_registry_application_not_independent_gold
T-3b828b9f6d848e95bc76,T-3b828b9f6d848e95bc76,metric_and_scope,total_assets;US-MSFT-CONSOLIDATED,registered_ID_with_explicit_source_scope,use,total_assets;US-MSFT-CONSOLIDATED,US-MSFT-FY2025-Q4-RELEASE:/html/body/div[3]/div/div[2]/main/div/div/div/div[2]/div/div/div/div[1]/div/div/div[2]/div[2]/div/div/table[7]/tbody/tr[16]/td[1],Existing scoped financial label.,us-financial-0.1,us-financial-0.1,agent_registry_application_not_independent_gold
T-3b828b9f6d848e95bc76,T-3b828b9f6d848e95bc76,definition_version,us-financial-0.1,matching_source_definition,use,us-financial-0.1,US-MSFT-FY2025-Q4-RELEASE:/html/body/div[3]/div/div[2]/main/div/div/div/div[2]/div/div/div/div[1]/div/div/div[2]/div[2]/div/div/table[7]/tbody/tr[16]/td[1],Existing operational definition; company policy remains limited to selected source table.,us-financial-0.1,us-financial-0.1,agent_registry_application_not_independent_gold
T-3b828b9f6d848e95bc76,T-3b828b9f6d848e95bc76,period,instant,actual_dates_duration_and_kind_retained,use,2025-06-30/2025-06-30,US-MSFT-FY2025-Q4-RELEASE:/html/body/div[3]/div/div[2]/main/div/div/div/div[2]/div/div/div/div[1]/div/div/div[2]/div[2]/div/div/table[7]/tbody/tr[16]/td[1],"No fiscal/calendar, quarterly/annual, balance/flow merge; leap-year annual duration retained.",us-financial-0.1,us-financial-0.1,agent_registry_application_not_independent_gold
T-3b828b9f6d848e95bc76,T-3b828b9f6d848e95bc76,unit,USD_million,scale_rule_U_USD_MILLION_TO_BASE,use,USD,US-MSFT-FY2025-Q4-RELEASE:/html/body/div[3]/div/div[2]/main/div/div/div/div[2]/div/div/div/div[1]/div/div/div[2]/div[2]/div/div/table[7]/tbody/tr[16]/td[1],Source sign separately retained; capex positive payment normalization is guarded.,us-financial-0.1,us-financial-0.1,agent_registry_application_not_independent_gold
T-4295b0c47983831c63ac,T-4295b0c47983831c63ac,metric_and_scope,cash_and_equivalents;US-MSFT-CONSOLIDATED,registered_ID_with_explicit_source_scope,use,cash_and_equivalents;US-MSFT-CONSOLIDATED,US-MSFT-FY2025-Q4-RELEASE:/html/body/div[3]/div/div[2]/main/div/div/div/div[2]/div/div/div/div[1]/div/div/div[2]/div[2]/div/div/table[7]/tbody/tr[3]/td[1],Existing scoped financial label.,us-financial-0.1,us-financial-0.1,agent_registry_application_not_independent_gold
T-4295b0c47983831c63ac,T-4295b0c47983831c63ac,definition_version,us-financial-0.1,matching_source_definition,use,us-financial-0.1,US-MSFT-FY2025-Q4-RELEASE:/html/body/div[3]/div/div[2]/main/div/div/div/div[2]/div/div/div/div[1]/div/div/div[2]/div[2]/div/div/table[7]/tbody/tr[3]/td[1],Existing operational definition; company policy remains limited to selected source table.,us-financial-0.1,us-financial-0.1,agent_registry_application_not_independent_gold
T-4295b0c47983831c63ac,T-4295b0c47983831c63ac,period,instant,actual_dates_duration_and_kind_retained,use,2025-06-30/2025-06-30,US-MSFT-FY2025-Q4-RELEASE:/html/body/div[3]/div/div[2]/main/div/div/div/div[2]/div/div/div/div[1]/div/div/div[2]/div[2]/div/div/table[7]/tbody/tr[3]/td[1],"No fiscal/calendar, quarterly/annual, balance/flow merge; leap-year annual duration retained.",us-financial-0.1,us-financial-0.1,agent_registry_application_not_independent_gold
T-4295b0c47983831c63ac,T-4295b0c47983831c63ac,unit,USD_million,scale_rule_U_USD_MILLION_TO_BASE,use,USD,US-MSFT-FY2025-Q4-RELEASE:/html/body/div[3]/div/div[2]/main/div/div/div/div[2]/div/div/div/div[1]/div/div/div[2]/div[2]/div/div/table[7]/tbody/tr[3]/td[1],Source sign separately retained; capex positive payment normalization is guarded.,us-financial-0.1,us-financial-0.1,agent_registry_application_not_independent_gold
T-0ef56d68ecc974a71380,T-0ef56d68ecc974a71380,metric_and_scope,revenue;US-MSFT-SEG-PBP,registered_ID_with_explicit_source_scope,use,revenue;US-MSFT-SEG-PBP,US-MSFT-FY2025-Q4-RELEASE:/html/body/div[3]/div/div[2]/main/div/div/div/div[2]/div/div/div/div[1]/div/div/div[2]/div[2]/div/div/table[9]/tbody/tr[2]/td[5],"Segment row name remains entity scope, not a standalone revenue alias.",msft-segment-presentation-fy2024,msft-segment-presentation-fy2025,agent_registry_application_not_independent_gold
T-0ef56d68ecc974a71380,T-0ef56d68ecc974a71380,definition_version,msft-segment-presentation-fy2024,definition_mismatch_blocked,modify_definition,msft-segment-presentation-fy2025,US-MSFT-FY2025-Q4-RELEASE:/html/body/div[3]/div/div[2]/main/div/div/div/div[2]/div/div/div/div[1]/div/div/div[2]/div[2]/div/div/table[9]/tbody/tr[2]/td[5],Distinct source segment display version; policy cause uninvestigated.,msft-segment-presentation-fy2024,msft-segment-presentation-fy2025,agent_registry_application_not_independent_gold
T-0ef56d68ecc974a71380,T-0ef56d68ecc974a71380,period,FY,actual_dates_duration_and_kind_retained,use,2024-07-01/2025-06-30,US-MSFT-FY2025-Q4-RELEASE:/html/body/div[3]/div/div[2]/main/div/div/div/div[2]/div/div/div/div[1]/div/div/div[2]/div[2]/div/div/table[9]/tbody/tr[2]/td[5],"No fiscal/calendar, quarterly/annual, balance/flow merge; leap-year annual duration retained.",msft-segment-presentation-fy2024,msft-segment-presentation-fy2025,agent_registry_application_not_independent_gold
T-0ef56d68ecc974a71380,T-0ef56d68ecc974a71380,unit,USD_million,scale_rule_U_USD_MILLION_TO_BASE,use,USD,US-MSFT-FY2025-Q4-RELEASE:/html/body/div[3]/div/div[2]/main/div/div/div/div[2]/div/div/div/div[1]/div/div/div[2]/div[2]/div/div/table[9]/tbody/tr[2]/td[5],Source sign separately retained; capex positive payment normalization is guarded.,msft-segment-presentation-fy2024,msft-segment-presentation-fy2025,agent_registry_application_not_independent_gold
T-47f81bc4751bdc24b87a,T-47f81bc4751bdc24b87a,metric_and_scope,revenue;US-MSFT-SEG-PBP,registered_ID_with_explicit_source_scope,use,revenue;US-MSFT-SEG-PBP,US-MSFT-FY2025-Q4-RELEASE:/html/body/div[3]/div/div[2]/main/div/div/div/div[2]/div/div/div/div[1]/div/div/div[2]/div[2]/div/div/table[9]/tbody/tr[2]/td[7],"Segment row name remains entity scope, not a standalone revenue alias.",msft-segment-presentation-fy2024,msft-segment-presentation-fy2025,agent_registry_application_not_independent_gold
T-47f81bc4751bdc24b87a,T-47f81bc4751bdc24b87a,definition_version,msft-segment-presentation-fy2024,definition_mismatch_blocked,modify_definition,msft-segment-presentation-fy2025,US-MSFT-FY2025-Q4-RELEASE:/html/body/div[3]/div/div[2]/main/div/div/div/div[2]/div/div/div/div[1]/div/div/div[2]/div[2]/div/div/table[9]/tbody/tr[2]/td[7],Distinct source segment display version; policy cause uninvestigated.,msft-segment-presentation-fy2024,msft-segment-presentation-fy2025,agent_registry_application_not_independent_gold
T-47f81bc4751bdc24b87a,T-47f81bc4751bdc24b87a,period,FY,actual_dates_duration_and_kind_retained,use,2023-07-01/2024-06-30,US-MSFT-FY2025-Q4-RELEASE:/html/body/div[3]/div/div[2]/main/div/div/div/div[2]/div/div/div/div[1]/div/div/div[2]/div[2]/div/div/table[9]/tbody/tr[2]/td[7],"No fiscal/calendar, quarterly/annual, balance/flow merge; leap-year annual duration retained.",msft-segment-presentation-fy2024,msft-segment-presentation-fy2025,agent_registry_application_not_independent_gold
T-47f81bc4751bdc24b87a,T-47f81bc4751bdc24b87a,unit,USD_million,scale_rule_U_USD_MILLION_TO_BASE,use,USD,US-MSFT-FY2025-Q4-RELEASE:/html/body/div[3]/div/div[2]/main/div/div/div/div[2]/div/div/div/div[1]/div/div/div[2]/div[2]/div/div/table[9]/tbody/tr[2]/td[7],Source sign separately retained; capex positive payment normalization is guarded.,msft-segment-presentation-fy2024,msft-segment-presentation-fy2025,agent_registry_application_not_independent_gold
T-35a1c4529cab1b41427d,T-35a1c4529cab1b41427d,metric_and_scope,revenue;US-MSFT-SEG-IC,registered_ID_with_explicit_source_scope,use,revenue;US-MSFT-SEG-IC,US-MSFT-FY2025-Q4-RELEASE:/html/body/div[3]/div/div[2]/main/div/div/div/div[2]/div/div/div/div[1]/div/div/div[2]/div[2]/div/div/table[9]/tbody/tr[3]/td[5],"Segment row name remains entity scope, not a standalone revenue alias.",msft-segment-presentation-fy2024,msft-segment-presentation-fy2025,agent_registry_application_not_independent_gold
T-35a1c4529cab1b41427d,T-35a1c4529cab1b41427d,definition_version,msft-segment-presentation-fy2024,definition_mismatch_blocked,modify_definition,msft-segment-presentation-fy2025,US-MSFT-FY2025-Q4-RELEASE:/html/body/div[3]/div/div[2]/main/div/div/div/div[2]/div/div/div/div[1]/div/div/div[2]/div[2]/div/div/table[9]/tbody/tr[3]/td[5],Distinct source segment display version; policy cause uninvestigated.,msft-segment-presentation-fy2024,msft-segment-presentation-fy2025,agent_registry_application_not_independent_gold
T-35a1c4529cab1b41427d,T-35a1c4529cab1b41427d,period,FY,actual_dates_duration_and_kind_retained,use,2024-07-01/2025-06-30,US-MSFT-FY2025-Q4-RELEASE:/html/body/div[3]/div/div[2]/main/div/div/div/div[2]/div/div/div/div[1]/div/div/div[2]/div[2]/div/div/table[9]/tbody/tr[3]/td[5],"No fiscal/calendar, quarterly/annual, balance/flow merge; leap-year annual duration retained.",msft-segment-presentation-fy2024,msft-segment-presentation-fy2025,agent_registry_application_not_independent_gold
T-35a1c4529cab1b41427d,T-35a1c4529cab1b41427d,unit,USD_million,scale_rule_U_USD_MILLION_TO_BASE,use,USD,US-MSFT-FY2025-Q4-RELEASE:/html/body/div[3]/div/div[2]/main/div/div/div/div[2]/div/div/div/div[1]/div/div/div[2]/div[2]/div/div/table[9]/tbody/tr[3]/td[5],Source sign separately retained; capex positive payment normalization is guarded.,msft-segment-presentation-fy2024,msft-segment-presentation-fy2025,agent_registry_application_not_independent_gold
T-6bfc40482f0965b4e642,T-6bfc40482f0965b4e642,metric_and_scope,revenue;US-MSFT-SEG-IC,registered_ID_with_explicit_source_scope,use,revenue;US-MSFT-SEG-IC,US-MSFT-FY2025-Q4-RELEASE:/html/body/div[3]/div/div[2]/main/div/div/div/div[2]/div/div/div/div[1]/div/div/div[2]/div[2]/div/div/table[9]/tbody/tr[3]/td[7],"Segment row name remains entity scope, not a standalone revenue alias.",msft-segment-presentation-fy2024,msft-segment-presentation-fy2025,agent_registry_application_not_independent_gold
T-6bfc40482f0965b4e642,T-6bfc40482f0965b4e642,definition_version,msft-segment-presentation-fy2024,definition_mismatch_blocked,modify_definition,msft-segment-presentation-fy2025,US-MSFT-FY2025-Q4-RELEASE:/html/body/div[3]/div/div[2]/main/div/div/div/div[2]/div/div/div/div[1]/div/div/div[2]/div[2]/div/div/table[9]/tbody/tr[3]/td[7],Distinct source segment display version; policy cause uninvestigated.,msft-segment-presentation-fy2024,msft-segment-presentation-fy2025,agent_registry_application_not_independent_gold
T-6bfc40482f0965b4e642,T-6bfc40482f0965b4e642,period,FY,actual_dates_duration_and_kind_retained,use,2023-07-01/2024-06-30,US-MSFT-FY2025-Q4-RELEASE:/html/body/div[3]/div/div[2]/main/div/div/div/div[2]/div/div/div/div[1]/div/div/div[2]/div[2]/div/div/table[9]/tbody/tr[3]/td[7],"No fiscal/calendar, quarterly/annual, balance/flow merge; leap-year annual duration retained.",msft-segment-presentation-fy2024,msft-segment-presentation-fy2025,agent_registry_application_not_independent_gold
T-6bfc40482f0965b4e642,T-6bfc40482f0965b4e642,unit,USD_million,scale_rule_U_USD_MILLION_TO_BASE,use,USD,US-MSFT-FY2025-Q4-RELEASE:/html/body/div[3]/div/div[2]/main/div/div/div/div[2]/div/div/div/div[1]/div/div/div[2]/div[2]/div/div/table[9]/tbody/tr[3]/td[7],Source sign separately retained; capex positive payment normalization is guarded.,msft-segment-presentation-fy2024,msft-segment-presentation-fy2025,agent_registry_application_not_independent_gold
T-2b4c466b3b1623160b38,T-2b4c466b3b1623160b38,metric_and_scope,revenue;US-MSFT-SEG-MPC,registered_ID_with_explicit_source_scope,use,revenue;US-MSFT-SEG-MPC,US-MSFT-FY2025-Q4-RELEASE:/html/body/div[3]/div/div[2]/main/div/div/div/div[2]/div/div/div/div[1]/div/div/div[2]/div[2]/div/div/table[9]/tbody/tr[4]/td[5],"Segment row name remains entity scope, not a standalone revenue alias.",msft-segment-presentation-fy2024,msft-segment-presentation-fy2025,agent_registry_application_not_independent_gold
T-2b4c466b3b1623160b38,T-2b4c466b3b1623160b38,definition_version,msft-segment-presentation-fy2024,definition_mismatch_blocked,modify_definition,msft-segment-presentation-fy2025,US-MSFT-FY2025-Q4-RELEASE:/html/body/div[3]/div/div[2]/main/div/div/div/div[2]/div/div/div/div[1]/div/div/div[2]/div[2]/div/div/table[9]/tbody/tr[4]/td[5],Distinct source segment display version; policy cause uninvestigated.,msft-segment-presentation-fy2024,msft-segment-presentation-fy2025,agent_registry_application_not_independent_gold
T-2b4c466b3b1623160b38,T-2b4c466b3b1623160b38,period,FY,actual_dates_duration_and_kind_retained,use,2024-07-01/2025-06-30,US-MSFT-FY2025-Q4-RELEASE:/html/body/div[3]/div/div[2]/main/div/div/div/div[2]/div/div/div/div[1]/div/div/div[2]/div[2]/div/div/table[9]/tbody/tr[4]/td[5],"No fiscal/calendar, quarterly/annual, balance/flow merge; leap-year annual duration retained.",msft-segment-presentation-fy2024,msft-segment-presentation-fy2025,agent_registry_application_not_independent_gold
T-2b4c466b3b1623160b38,T-2b4c466b3b1623160b38,unit,USD_million,scale_rule_U_USD_MILLION_TO_BASE,use,USD,US-MSFT-FY2025-Q4-RELEASE:/html/body/div[3]/div/div[2]/main/div/div/div/div[2]/div/div/div/div[1]/div/div/div[2]/div[2]/div/div/table[9]/tbody/tr[4]/td[5],Source sign separately retained; capex positive payment normalization is guarded.,msft-segment-presentation-fy2024,msft-segment-presentation-fy2025,agent_registry_application_not_independent_gold
T-391d8002c9cae1dcc0da,T-391d8002c9cae1dcc0da,metric_and_scope,revenue;US-MSFT-SEG-MPC,registered_ID_with_explicit_source_scope,use,revenue;US-MSFT-SEG-MPC,US-MSFT-FY2025-Q4-RELEASE:/html/body/div[3]/div/div[2]/main/div/div/div/div[2]/div/div/div/div[1]/div/div/div[2]/div[2]/div/div/table[9]/tbody/tr[4]/td[7],"Segment row name remains entity scope, not a standalone revenue alias.",msft-segment-presentation-fy2024,msft-segment-presentation-fy2025,agent_registry_application_not_independent_gold
T-391d8002c9cae1dcc0da,T-391d8002c9cae1dcc0da,definition_version,msft-segment-presentation-fy2024,definition_mismatch_blocked,modify_definition,msft-segment-presentation-fy2025,US-MSFT-FY2025-Q4-RELEASE:/html/body/div[3]/div/div[2]/main/div/div/div/div[2]/div/div/div/div[1]/div/div/div[2]/div[2]/div/div/table[9]/tbody/tr[4]/td[7],Distinct source segment display version; policy cause uninvestigated.,msft-segment-presentation-fy2024,msft-segment-presentation-fy2025,agent_registry_application_not_independent_gold
T-391d8002c9cae1dcc0da,T-391d8002c9cae1dcc0da,period,FY,actual_dates_duration_and_kind_retained,use,2023-07-01/2024-06-30,US-MSFT-FY2025-Q4-RELEASE:/html/body/div[3]/div/div[2]/main/div/div/div/div[2]/div/div/div/div[1]/div/div/div[2]/div[2]/div/div/table[9]/tbody/tr[4]/td[7],"No fiscal/calendar, quarterly/annual, balance/flow merge; leap-year annual duration retained.",msft-segment-presentation-fy2024,msft-segment-presentation-fy2025,agent_registry_application_not_independent_gold
T-391d8002c9cae1dcc0da,T-391d8002c9cae1dcc0da,unit,USD_million,scale_rule_U_USD_MILLION_TO_BASE,use,USD,US-MSFT-FY2025-Q4-RELEASE:/html/body/div[3]/div/div[2]/main/div/div/div/div[2]/div/div/div/div[1]/div/div/div[2]/div[2]/div/div/table[9]/tbody/tr[4]/td[7],Source sign separately retained; capex positive payment normalization is guarded.,msft-segment-presentation-fy2024,msft-segment-presentation-fy2025,agent_registry_application_not_independent_gold
