candidate_id,doc_id,revision_id,source_id,event_family_id,company_id,scope_id,reference_period,fetch_status,rights_status,rights_reason,execution_basis,user_authorization_sha256,manifest_path,audit_version,body_complete,human_audit_status,label_status,evidence_eligible,audit_status,missing_reason,body_selector,body_selector_matches,raw_sha256,body_xpath,body_sha256,canonical_body_chars,retained_dom_chars,selected_dom_chars,excluded_subtree_chars,excluded_subtrees,atom_count,substantive_atom_count,sentence_candidates,span_candidates,span_counts,company_mentions,headline_candidates,subtitle_candidates,byline_candidates,parser_document_encoding,body_hangul_chars,replacement_char_count,headline_search_character_similarity,source_date_candidates,published_date_status,published_date_conflict_reasons,published_timezone_unknown_candidates,modified_date_candidates,original_fetch_observed_at,location_offset_integrity,integrity_errors,diagnostics,body_precision,body_recall,manual_original_comparison,private_body_uri
CAND-0b4858ec19856481,NEWS-0b4858ec19856481,,HANKYUNG,SAM-EARLY-EARN-2024Q1,SAM,unknown_pending_article_body,,deferred_rights_research_permission_explicitly_denied_automated_access,unresolved,research_permission_explicitly_denied_automated_access,user_noncommercial_research,,artifacts\p0\domestic_pilot_20260922\collect_smoke\manifest.csv,p01-domestic-body-audit/0.1,pending_human_original_comparison,pending,provisional_rules_only,False,not_available,deferred_rights_research_permission_explicitly_denied_automated_access,,,,,,,,,,,,,,,,,,,,,,,,,,,,,,,,,,,,
CAND-2e6a4f94614f1e02,NEWS-2e6a4f94614f1e02,3516a5cadc3f0e1c8cbcd13bad7e2c4f5f2a9e71566daaba8a8f7cd82445c6ce,ZDNET_KR,SAM-EARLY-EARN-2024Q1,SAM,unknown_pending_article_body,,downloaded_pending_audit,unresolved,user_research_authorized_source_rights_unresolved,user_noncommercial_research,,artifacts\p0\domestic_pilot_20260922\collect_smoke\manifest.csv,p01-domestic-body-audit/0.1,pending_human_original_comparison,pending,provisional_rules_only,False,local_diagnostics_pending_human,body_completeness_claim_alignment_and_human_review_pending,"//*[@id=""articleBody""]",1,3516a5cadc3f0e1c8cbcd13bad7e2c4f5f2a9e71566daaba8a8f7cd82445c6ce,/html/body/div[5]/div[1]/div[1]/div/div/div[4],fa77e60420b4a039942fdf703cd367ca6754967a6360ef756f3d0c919d84dfdd,1211,1192,1699,507,8,26,7,11,76,"{""quote_candidate"": 6, ""number_candidate"": 29, ""number_unit_candidate"": 18, ""period_candidate"": 13, ""attribution_cue_candidate"": 4, ""company_mention_SAM"": 6}","{""SAM"": 6}",1,1,2,UTF-8,538,0,0.8135593220338984,"[{""kind_candidate"": ""published"", ""location"": ""/html/head/meta[32]/@content"", ""json_path"": null, ""normalized"": {""date"": ""2024-04-30"", ""precision"": ""second"", ""clock"": ""11:07:36"", ""timezone"": ""+09:00""}, ""raw_sha256"": ""75f0865d9649a6511017e8d8dab0430f1d9f3fb4c7254f6bc37a32168593c8c7"", ""basis"": ""meta""}, {""kind_candidate"": ""modified"", ""location"": ""/html/head/meta[33]/@content"", ""json_path"": null, ""normalized"": {""date"": ""2024-04-30"", ""precision"": ""second"", ""clock"": ""11:13:52"", ""timezone"": ""+09:00""}, ""raw_sha256"": ""3f49f4fcc03384eb3642184d555fa9396b50b8439e0ba2a26ccc93564abf6523"", ""basis"": ""meta""}, {""kind_candidate"": ""published"", ""location"": ""/html/head/meta[40]/@content"", ""json_path"": null, ""normalized"": {""date"": ""2024-04-30"", ""precision"": ""second"", ""clock"": ""11:07:36"", ""timezone"": ""+09:00""}, ""raw_sha256"": ""75f0865d9649a6511017e8d8dab0430f1d9f3fb4c7254f6bc37a32168593c8c7"", ""basis"": ""meta""}, {""kind_candidate"": ""published"", ""location"": ""/html/body/div[5]/div[1]/div[1]/div/div/div[1]/p[2]"", ""json_path"": null, ""normalized"": {""date"": ""2024-04-30"", ""precision"": ""minute"", ""clock"": ""11:07"", ""timezone"": null}, ""raw_sha256"": ""e003797247224ba1a3e2a95f58f9da523fac4ccb6c975c1a23886fc85f837fd6"", ""basis"": ""visible_header""}, {""kind_candidate"": ""modified"", ""location"": ""/html/body/div[5]/div[1]/div[1]/div/div/div[1]/p[2]"", ""json_path"": null, ""normalized"": {""date"": ""2024-04-30"", ""precision"": ""minute"", ""clock"": ""11:13"", ""timezone"": null}, ""raw_sha256"": ""673f174264e2bc9fefd0df86520016bb9a3c96c3101a434c9a1c326d07efb2f4"", ""basis"": ""visible_header""}, {""kind_candidate"": ""published"", ""location"": ""/html/head/script[1]"", ""json_path"": ""$.datePublished"", ""normalized"": {""date"": ""2024-04-30"", ""precision"": ""second"", ""clock"": ""11:07:36"", ""timezone"": ""+09:00""}, ""raw_sha256"": ""75f0865d9649a6511017e8d8dab0430f1d9f3fb4c7254f6bc37a32168593c8c7"", ""basis"": ""json_ld""}, {""kind_candidate"": ""modified"", ""location"": ""/html/head/script[1]"", ""json_path"": ""$.dateModified"", ""normalized"": {""date"": ""2024-04-30"", ""precision"": ""second"", ""clock"": ""11:13:52"", ""timezone"": ""+09:00""}, ""raw_sha256"": ""3f49f4fcc03384eb3642184d555fa9396b50b8439e0ba2a26ccc93564abf6523"", ""basis"": ""json_ld""}]",compatible_at_shared_precision_pending_review,,1,3,2026-09-22T07:22:56.138674+00:00,pass,,,not_measured,not_measured,not_performed,raw/documents.jsonl
CAND-841fb4aaf6e16301,NEWS-841fb4aaf6e16301,6c703bc157d8fd317143624fc866b2ac5c3707e21fe5e52e746dcbd3d4ccc5bc,ETNEWS,SAM-EARLY-EARN-2024Q1,SAM,unknown_pending_article_body,,downloaded_pending_audit,unresolved,user_research_authorized_source_rights_unresolved,user_noncommercial_research,,artifacts\p0\domestic_pilot_20260922\collect_smoke\manifest.csv,p01-domestic-body-audit/0.1,pending_human_original_comparison,pending,provisional_rules_only,False,local_diagnostics_pending_human,body_completeness_claim_alignment_and_human_review_pending,"//*[@id=""articleBody""]",1,6c703bc157d8fd317143624fc866b2ac5c3707e21fe5e52e746dcbd3d4ccc5bc,/html/body/main/div/div[1]/article/div[2],4fee29306ee64f62e35a3083226f847e45085d5d53802ea5bdf284a6d44f889e,1402,1386,1452,66,4,34,15,25,123,"{""quote_candidate"": 3, ""number_candidate"": 49, ""number_unit_candidate"": 33, ""period_candidate"": 24, ""attribution_cue_candidate"": 3, ""company_mention_SAM"": 11}","{""SAM"": 11}",1,1,1,UTF-8,786,0,0.8979591836734694,"[{""kind_candidate"": ""published"", ""location"": ""/html/head/meta[36]/@content"", ""json_path"": null, ""normalized"": {""date"": ""2024-04-30"", ""precision"": ""date_only"", ""clock"": null, ""timezone"": null}, ""raw_sha256"": ""b82792cae3e35b0a9a92d16df60067a646f2e58da1a1eb242db8f55e1655ca4e"", ""basis"": ""meta""}, {""kind_candidate"": ""published"", ""location"": ""/html/head/meta[41]/@content"", ""json_path"": null, ""normalized"": {""date"": ""2024-04-30"", ""precision"": ""second"", ""clock"": ""14:34:36"", ""timezone"": ""+09:00""}, ""raw_sha256"": ""72388d73ab9039e99ba75b250b076001c292595419464637af8afd864f244a97"", ""basis"": ""meta""}, {""kind_candidate"": ""published"", ""location"": ""/html/body/main/div/div[1]/article/div[1]/div[2]/div[1]/time[1]"", ""json_path"": null, ""normalized"": {""date"": ""2024-04-30"", ""precision"": ""minute"", ""clock"": ""14:34"", ""timezone"": null}, ""raw_sha256"": ""872151d9c73a9c3a49d1550eea983fdad82185c6f1e9d7325b80f3452cc5325a"", ""basis"": ""visible_header""}, {""kind_candidate"": ""unknown"", ""location"": ""/html/body/main/div/div[1]/article/div[1]/div[2]/div[1]/time[2]"", ""json_path"": null, ""normalized"": {""date"": ""2024-05-01"", ""precision"": ""date_only"", ""clock"": null, ""timezone"": null}, ""raw_sha256"": ""8f0f008422f435c8237ceb52d5e7515867ddbafbe00cef166a50d1afe0d4896b"", ""basis"": ""visible_header""}]",compatible_at_shared_precision_pending_review,,1,0,2026-09-22T07:23:01.692363+00:00,pass,,,not_measured,not_measured,not_performed,raw/documents.jsonl
CAND-778b7f81a68f3e6b,NEWS-778b7f81a68f3e6b,,NEWSPIM,SAM-LATE-EARN-2026Q1,SAM,unknown_pending_article_body,,deferred_rights_research_permission_explicitly_denied_automated_access,unresolved,research_permission_explicitly_denied_automated_access,user_noncommercial_research,,artifacts\p0\domestic_pilot_20260922\collect_smoke\manifest.csv,p01-domestic-body-audit/0.1,pending_human_original_comparison,pending,provisional_rules_only,False,not_available,deferred_rights_research_permission_explicitly_denied_automated_access,,,,,,,,,,,,,,,,,,,,,,,,,,,,,,,,,,,,
CAND-101310c877eae582,NEWS-101310c877eae582,360f7493222d4ebbd5e1bdd6395f42008702887fd4f2ad525f9decc2d1ca961a,EDAILY,SAM-EARLY-DEV-HBM3E12H,SAM,unknown_pending_article_body,,downloaded_pending_audit,unresolved,user_research_authorized_source_rights_unresolved,user_noncommercial_research,,artifacts\p0\domestic_pilot_20260922\collect_smoke\manifest.csv,p01-domestic-body-audit/0.1,pending_human_original_comparison,pending,provisional_rules_only,False,local_diagnostics_pending_human,body_completeness_claim_alignment_and_human_review_pending,"//div[@itemprop=""articleBody"" and contains(concat("" "",normalize-space(@class),"" ""),"" news_body "")]",1,360f7493222d4ebbd5e1bdd6395f42008702887fd4f2ad525f9decc2d1ca961a,/html/body/div/div[5]/section[1]/section[1]/div[1]/div[3]/div[1],43a2d2216265219d8a2a2bdd790ccc58c45b2f1020ebcc0518d4687e74a9193a,1829,1812,2424,612,3,21,17,21,73,"{""quote_candidate"": 4, ""number_candidate"": 35, ""number_unit_candidate"": 14, ""period_candidate"": 4, ""attribution_cue_candidate"": 2, ""company_mention_SAM"": 13, ""company_mention_SKH"": 1}","{""SAM"": 13, ""SKH"": 1}",1,1,1,utf-8,1000,0,1.0,"[{""kind_candidate"": ""published"", ""location"": ""/html/head/meta[12]/@content"", ""json_path"": null, ""normalized"": {""date"": ""2024-02-27"", ""precision"": ""second"", ""clock"": ""11:00:00"", ""timezone"": ""+09:00""}, ""raw_sha256"": ""a60bd81d2639908915a344d20be82fe96838a68c9526a599a6bf36a60083f100"", ""basis"": ""meta""}, {""kind_candidate"": ""published"", ""location"": ""/html/body/div/div[5]/section[1]/section[1]/div[1]/div[1]/div/div/div[2]/ul/li[1]/p[1]"", ""json_path"": null, ""normalized"": {""date"": ""2024-02-27"", ""precision"": ""second"", ""clock"": ""11:00:00"", ""timezone"": null}, ""raw_sha256"": ""df8b1af95a0c2f3b027b18dcad8c91ae3ab54a6338461e22085b2e66b53c0c2e"", ""basis"": ""visible_header""}, {""kind_candidate"": ""modified"", ""location"": ""/html/body/div/div[5]/section[1]/section[1]/div[1]/div[1]/div/div/div[2]/ul/li[1]/p[2]"", ""json_path"": null, ""normalized"": {""date"": ""2024-02-27"", ""precision"": ""second"", ""clock"": ""11:00:00"", ""timezone"": null}, ""raw_sha256"": ""df8b1af95a0c2f3b027b18dcad8c91ae3ab54a6338461e22085b2e66b53c0c2e"", ""basis"": ""visible_header""}]",compatible_at_shared_precision_pending_review,,1,1,2026-09-22T07:23:04.869684+00:00,pass,,,not_measured,not_measured,not_performed,raw/documents.jsonl
CAND-717ce98282b8b961,NEWS-717ce98282b8b961,,HANKYUNG,SAM-LATE-EARN-2026Q1,SAM,unknown_pending_article_body,,deferred_rights_research_permission_explicitly_denied_automated_access,unresolved,research_permission_explicitly_denied_automated_access,user_noncommercial_research,,artifacts\p0\domestic_pilot_20260922\collect_remaining\manifest.csv,p01-domestic-body-audit/0.1,pending_human_original_comparison,pending,provisional_rules_only,False,not_available,deferred_rights_research_permission_explicitly_denied_automated_access,,,,,,,,,,,,,,,,,,,,,,,,,,,,,,,,,,,,
CAND-c37bb7c373a1ce35,NEWS-c37bb7c373a1ce35,1a816d8032047c6db67637048db268fb8f1370b65faef24ebd31f6dbaeeb72f0,ETNEWS,SAM-LATE-EARN-2026Q1,SAM,unknown_pending_article_body,,downloaded_pending_audit,unresolved,user_research_authorized_source_rights_unresolved,user_noncommercial_research,,artifacts\p0\domestic_pilot_20260922\collect_remaining\manifest.csv,p01-domestic-body-audit/0.1,pending_human_original_comparison,pending,provisional_rules_only,False,local_diagnostics_pending_human,body_completeness_claim_alignment_and_human_review_pending,"//*[@id=""articleBody""]",1,1a816d8032047c6db67637048db268fb8f1370b65faef24ebd31f6dbaeeb72f0,/html/body/main/div/div[1]/article/div[2],5fcdbc2fee86d668113b9b1bbd133d72cf841fdef9906e855b7214659b299c89,1490,1478,1478,0,1,28,13,22,66,"{""quote_candidate"": 4, ""number_candidate"": 24, ""number_unit_candidate"": 14, ""period_candidate"": 14, ""attribution_cue_candidate"": 3, ""company_mention_SAM"": 7}","{""SAM"": 7}",1,0,1,UTF-8,929,0,0.9019607843137255,"[{""kind_candidate"": ""published"", ""location"": ""/html/head/meta[36]/@content"", ""json_path"": null, ""normalized"": {""date"": ""2026-04-30"", ""precision"": ""date_only"", ""clock"": null, ""timezone"": null}, ""raw_sha256"": ""4d0cc92ab7875d8c6aae54fdfb81b40a735b393403bdab68b2267d46228608b7"", ""basis"": ""meta""}, {""kind_candidate"": ""published"", ""location"": ""/html/head/meta[41]/@content"", ""json_path"": null, ""normalized"": {""date"": ""2026-04-30"", ""precision"": ""second"", ""clock"": ""13:01:37"", ""timezone"": ""+09:00""}, ""raw_sha256"": ""8132319b7ca124dcbc2018ba24f245ce94b27d4c1106685f2a78b4c47528a8e5"", ""basis"": ""meta""}, {""kind_candidate"": ""published"", ""location"": ""/html/body/main/div/div[1]/article/div[1]/div[2]/div[1]/time"", ""json_path"": null, ""normalized"": {""date"": ""2026-04-30"", ""precision"": ""minute"", ""clock"": ""13:01"", ""timezone"": null}, ""raw_sha256"": ""4500c46a9da33ef5584166d6363aa46bc2045bedcc933b4e96a5567f42ca55d6"", ""basis"": ""visible_header""}]",compatible_at_shared_precision_pending_review,,1,0,2026-09-22T07:23:55.946562+00:00,pass,,,not_measured,not_measured,not_performed,raw/documents.jsonl
CAND-e5956a719c2acb3d,NEWS-e5956a719c2acb3d,ca85357209a9c3256a7fd7b2b93c2bfff5abbd35dfc7eeb19c655da1b676f457,ZDNET_KR,SAM-EARLY-DEV-HBM3E12H,SAM,unknown_pending_article_body,,downloaded_pending_audit,unresolved,user_research_authorized_source_rights_unresolved,user_noncommercial_research,,artifacts\p0\domestic_pilot_20260922\collect_remaining\manifest.csv,p01-domestic-body-audit/0.1,pending_human_original_comparison,pending,provisional_rules_only,False,local_diagnostics_pending_human,body_completeness_claim_alignment_and_human_review_pending,"//*[@id=""articleBody""]",1,ca85357209a9c3256a7fd7b2b93c2bfff5abbd35dfc7eeb19c655da1b676f457,/html/body/div[5]/div[1]/div[1]/div/div/div[4],4c0e4b1de41569510e1591fb591b0dc850bebe41c4ba0bdc354c2cf4c6733dae,1766,1741,2249,508,8,38,13,19,67,"{""quote_candidate"": 2, ""number_candidate"": 28, ""number_unit_candidate"": 22, ""period_candidate"": 1, ""attribution_cue_candidate"": 2, ""company_mention_SAM"": 12}","{""SAM"": 12}",1,1,2,UTF-8,864,0,0.8450704225352113,"[{""kind_candidate"": ""published"", ""location"": ""/html/head/meta[32]/@content"", ""json_path"": null, ""normalized"": {""date"": ""2024-02-27"", ""precision"": ""second"", ""clock"": ""11:00:01"", ""timezone"": ""+09:00""}, ""raw_sha256"": ""9b7cf165391a615b0fb37cb7d1031349f1671da07dcc122d9cc3411b7afeebd8"", ""basis"": ""meta""}, {""kind_candidate"": ""modified"", ""location"": ""/html/head/meta[33]/@content"", ""json_path"": null, ""normalized"": {""date"": ""2024-02-27"", ""precision"": ""second"", ""clock"": ""11:17:33"", ""timezone"": ""+09:00""}, ""raw_sha256"": ""5149f1e213eab800fe78023559beb821da2fb33ee2de898484bd0b9a4452a9b7"", ""basis"": ""meta""}, {""kind_candidate"": ""published"", ""location"": ""/html/head/meta[40]/@content"", ""json_path"": null, ""normalized"": {""date"": ""2024-02-27"", ""precision"": ""second"", ""clock"": ""11:00:01"", ""timezone"": ""+09:00""}, ""raw_sha256"": ""9b7cf165391a615b0fb37cb7d1031349f1671da07dcc122d9cc3411b7afeebd8"", ""basis"": ""meta""}, {""kind_candidate"": ""published"", ""location"": ""/html/body/div[5]/div[1]/div[1]/div/div/div[1]/p[2]"", ""json_path"": null, ""normalized"": {""date"": ""2024-02-27"", ""precision"": ""minute"", ""clock"": ""11:00"", ""timezone"": null}, ""raw_sha256"": ""41d31f8c321ab97250e74b4fdcd656dbb0a75ef9ad8e44bbeb47b17933128470"", ""basis"": ""visible_header""}, {""kind_candidate"": ""modified"", ""location"": ""/html/body/div[5]/div[1]/div[1]/div/div/div[1]/p[2]"", ""json_path"": null, ""normalized"": {""date"": ""2024-02-27"", ""precision"": ""minute"", ""clock"": ""11:17"", ""timezone"": null}, ""raw_sha256"": ""82f0e351ed13ed675dc9bcf3441bca5267dbf7b5966a167766c0e7a829b29f8f"", ""basis"": ""visible_header""}, {""kind_candidate"": ""published"", ""location"": ""/html/head/script[1]"", ""json_path"": ""$.datePublished"", ""normalized"": {""date"": ""2024-02-27"", ""precision"": ""second"", ""clock"": ""11:00:01"", ""timezone"": ""+09:00""}, ""raw_sha256"": ""9b7cf165391a615b0fb37cb7d1031349f1671da07dcc122d9cc3411b7afeebd8"", ""basis"": ""json_ld""}, {""kind_candidate"": ""modified"", ""location"": ""/html/head/script[1]"", ""json_path"": ""$.dateModified"", ""normalized"": {""date"": ""2024-02-27"", ""precision"": ""second"", ""clock"": ""11:17:33"", ""timezone"": ""+09:00""}, ""raw_sha256"": ""5149f1e213eab800fe78023559beb821da2fb33ee2de898484bd0b9a4452a9b7"", ""basis"": ""json_ld""}]",compatible_at_shared_precision_pending_review,,1,3,2026-09-22T07:24:00.498072+00:00,pass,,,not_measured,not_measured,not_performed,raw/documents.jsonl
CAND-a2f1fd61caf3173c,NEWS-a2f1fd61caf3173c,,NEWSPIM,SAM-EARLY-DEV-HBM3E12H,SAM,unknown_pending_article_body,,deferred_rights_research_permission_explicitly_denied_automated_access,unresolved,research_permission_explicitly_denied_automated_access,user_noncommercial_research,,artifacts\p0\domestic_pilot_20260922\collect_remaining\manifest.csv,p01-domestic-body-audit/0.1,pending_human_original_comparison,pending,provisional_rules_only,False,not_available,deferred_rights_research_permission_explicitly_denied_automated_access,,,,,,,,,,,,,,,,,,,,,,,,,,,,,,,,,,,,
CAND-d1a4496b76951a01,NEWS-d1a4496b76951a01,,NEWSPIM,SAM-EARLY-PROD-VNAND9,SAM,unknown_pending_article_body,,deferred_rights_research_permission_explicitly_denied_automated_access,unresolved,research_permission_explicitly_denied_automated_access,user_noncommercial_research,,artifacts\p0\domestic_pilot_20260922\collect_remaining\manifest.csv,p01-domestic-body-audit/0.1,pending_human_original_comparison,pending,provisional_rules_only,False,not_available,deferred_rights_research_permission_explicitly_denied_automated_access,,,,,,,,,,,,,,,,,,,,,,,,,,,,,,,,,,,,
CAND-17ed102897bd3a4d,NEWS-17ed102897bd3a4d,2589a1ffcaf2dc60eb0b2cdf15f2c0bd30370afb5fa6c53f21f8159c26017535,ETNEWS,SAM-EARLY-PROD-VNAND9,SAM,unknown_pending_article_body,,downloaded_pending_audit,unresolved,user_research_authorized_source_rights_unresolved,user_noncommercial_research,,artifacts\p0\domestic_pilot_20260922\collect_remaining\manifest.csv,p01-domestic-body-audit/0.1,pending_human_original_comparison,pending,provisional_rules_only,False,local_diagnostics_pending_human,body_completeness_claim_alignment_and_human_review_pending,"//*[@id=""articleBody""]",1,2589a1ffcaf2dc60eb0b2cdf15f2c0bd30370afb5fa6c53f21f8159c26017535,/html/body/main/div/div[1]/article/div[2],a9672226a3aafeb9389e854145e17dc116576ace9e208bd41747bcfb36736ac9,1187,1178,1178,0,1,24,11,19,58,"{""quote_candidate"": 2, ""number_candidate"": 28, ""number_unit_candidate"": 13, ""period_candidate"": 3, ""attribution_cue_candidate"": 4, ""company_mention_SAM"": 8}","{""SAM"": 8}",1,0,1,UTF-8,689,0,0.8936170212765957,"[{""kind_candidate"": ""published"", ""location"": ""/html/head/meta[36]/@content"", ""json_path"": null, ""normalized"": {""date"": ""2024-04-23"", ""precision"": ""date_only"", ""clock"": null, ""timezone"": null}, ""raw_sha256"": ""c03200e8f6547004af4ae8aa49adc04224744fa903cdb46c2aeaf2d6ccdaf5fb"", ""basis"": ""meta""}, {""kind_candidate"": ""published"", ""location"": ""/html/head/meta[41]/@content"", ""json_path"": null, ""normalized"": {""date"": ""2024-04-23"", ""precision"": ""second"", ""clock"": ""13:39:16"", ""timezone"": ""+09:00""}, ""raw_sha256"": ""09f62b75187267a36d00e8b3b115a5197e266c8dd8b5de48ec5e83c8017e0639"", ""basis"": ""meta""}, {""kind_candidate"": ""published"", ""location"": ""/html/body/main/div/div[1]/article/div[1]/div[2]/div[1]/time[1]"", ""json_path"": null, ""normalized"": {""date"": ""2024-04-23"", ""precision"": ""minute"", ""clock"": ""13:39"", ""timezone"": null}, ""raw_sha256"": ""a7250094acbae5a39d40c1f85a88249306a140c5172ec44faf1ee51c9be1d4f0"", ""basis"": ""visible_header""}, {""kind_candidate"": ""unknown"", ""location"": ""/html/body/main/div/div[1]/article/div[1]/div[2]/div[1]/time[2]"", ""json_path"": null, ""normalized"": {""date"": ""2024-04-24"", ""precision"": ""date_only"", ""clock"": null, ""timezone"": null}, ""raw_sha256"": ""d1bb9b867d41248f347c9ce00dfbd4a01deaad1066346edbf720c516709f641d"", ""basis"": ""visible_header""}]",compatible_at_shared_precision_pending_review,,1,0,2026-09-22T07:24:03.725637+00:00,pass,,,not_measured,not_measured,not_performed,raw/documents.jsonl
CAND-1cd2491b60d1efd6,NEWS-1cd2491b60d1efd6,,HANKYUNG,SAM-EARLY-PROD-VNAND9,SAM,unknown_pending_article_body,,deferred_rights_research_permission_explicitly_denied_automated_access,unresolved,research_permission_explicitly_denied_automated_access,user_noncommercial_research,,artifacts\p0\domestic_pilot_20260922\collect_remaining\manifest.csv,p01-domestic-body-audit/0.1,pending_human_original_comparison,pending,provisional_rules_only,False,not_available,deferred_rights_research_permission_explicitly_denied_automated_access,,,,,,,,,,,,,,,,,,,,,,,,,,,,,,,,,,,,
CAND-0f8bbd92ba887234,NEWS-0f8bbd92ba887234,,HANKYUNG,SAM-LATE-PROD-HBM4,SAM,unknown_pending_article_body,,deferred_rights_research_permission_explicitly_denied_automated_access,unresolved,research_permission_explicitly_denied_automated_access,user_noncommercial_research,,artifacts\p0\domestic_pilot_20260922\collect_remaining\manifest.csv,p01-domestic-body-audit/0.1,pending_human_original_comparison,pending,provisional_rules_only,False,not_available,deferred_rights_research_permission_explicitly_denied_automated_access,,,,,,,,,,,,,,,,,,,,,,,,,,,,,,,,,,,,
CAND-f32eb7be816b4b0a,NEWS-f32eb7be816b4b0a,e176c5c893cc577294ba449db263bd858e22e769a8782d7ac62ac3e33bd55fcd,ETNEWS,SAM-LATE-PROD-HBM4,SAM,unknown_pending_article_body,,downloaded_pending_audit,unresolved,user_research_authorized_source_rights_unresolved,user_noncommercial_research,,artifacts\p0\domestic_pilot_20260922\collect_remaining\manifest.csv,p01-domestic-body-audit/0.1,pending_human_original_comparison,pending,provisional_rules_only,False,local_diagnostics_pending_human,body_completeness_claim_alignment_and_human_review_pending,"//*[@id=""articleBody""]",1,e176c5c893cc577294ba449db263bd858e22e769a8782d7ac62ac3e33bd55fcd,/html/body/main/div/div[1]/article/div[2],15ad9209d2e273874337ab6a0ce3781d6f001c1aea7c034b88bcb379cb69e425,924,913,913,0,1,26,12,18,52,"{""quote_candidate"": 2, ""number_candidate"": 21, ""number_unit_candidate"": 15, ""period_candidate"": 4, ""attribution_cue_candidate"": 1, ""company_mention_SAM"": 9}","{""SAM"": 9}",1,0,1,UTF-8,539,0,0.8717948717948718,"[{""kind_candidate"": ""published"", ""location"": ""/html/head/meta[36]/@content"", ""json_path"": null, ""normalized"": {""date"": ""2026-02-12"", ""precision"": ""date_only"", ""clock"": null, ""timezone"": null}, ""raw_sha256"": ""2b8965894908761a4b5c26d48e265fb81a851498ff2ff3ca0d69482fe602d374"", ""basis"": ""meta""}, {""kind_candidate"": ""published"", ""location"": ""/html/head/meta[41]/@content"", ""json_path"": null, ""normalized"": {""date"": ""2026-02-12"", ""precision"": ""second"", ""clock"": ""15:19:26"", ""timezone"": ""+09:00""}, ""raw_sha256"": ""469fb3c4475544ddffb484fda2c9cddce80c02158e7c1a13adad39d3e5a139b1"", ""basis"": ""meta""}, {""kind_candidate"": ""published"", ""location"": ""/html/body/main/div/div[1]/article/div[1]/div[2]/div[1]/time"", ""json_path"": null, ""normalized"": {""date"": ""2026-02-12"", ""precision"": ""minute"", ""clock"": ""15:19"", ""timezone"": null}, ""raw_sha256"": ""970cb73f271bbfd85bfcf49811fb2f376a7712b7201d82d5592fb743726918f9"", ""basis"": ""visible_header""}]",compatible_at_shared_precision_pending_review,,1,0,2026-09-22T07:24:03.895890+00:00,pass,,,not_measured,not_measured,not_performed,raw/documents.jsonl
CAND-c986008a83b8e863,NEWS-c986008a83b8e863,925bd4a6a75d33b6eab455b7e2cec2bf759b5ed9da9a0fb4485eb63b7f8231c8,EDAILY,SAM-LATE-PROD-HBM4,SAM,unknown_pending_article_body,,downloaded_pending_audit,unresolved,user_research_authorized_source_rights_unresolved,user_noncommercial_research,,artifacts\p0\domestic_pilot_20260922\collect_remaining\manifest.csv,p01-domestic-body-audit/0.1,pending_human_original_comparison,pending,provisional_rules_only,False,local_diagnostics_pending_human,body_completeness_claim_alignment_and_human_review_pending,"//div[@itemprop=""articleBody"" and contains(concat("" "",normalize-space(@class),"" ""),"" news_body "")]",1,925bd4a6a75d33b6eab455b7e2cec2bf759b5ed9da9a0fb4485eb63b7f8231c8,/html/body/div/div[5]/section[1]/section[1]/div[1]/div[3]/div[1],486ae8c8d21a3d889ccc9ed633c2e2461d83f045e3dd8b5145283b4bcc3e57dc,2396,2377,2989,612,3,20,14,36,87,"{""quote_candidate"": 7, ""number_candidate"": 29, ""number_unit_candidate"": 20, ""period_candidate"": 5, ""attribution_cue_candidate"": 1, ""company_mention_SAM"": 20, ""company_mention_SKH"": 5}","{""SAM"": 20, ""SKH"": 5}",1,1,1,utf-8,1478,0,1.0,"[{""kind_candidate"": ""published"", ""location"": ""/html/head/meta[12]/@content"", ""json_path"": null, ""normalized"": {""date"": ""2026-02-12"", ""precision"": ""second"", ""clock"": ""17:30:05"", ""timezone"": ""+09:00""}, ""raw_sha256"": ""0f0c5d46520f21cee3cc74d802a1c1c28ccbaadd9557f67468544250bac1c35b"", ""basis"": ""meta""}, {""kind_candidate"": ""published"", ""location"": ""/html/body/div/div[5]/section[1]/section[1]/div[1]/div[1]/div/div/div[2]/ul/li[1]/p[1]"", ""json_path"": null, ""normalized"": {""date"": ""2026-02-12"", ""precision"": ""second"", ""clock"": ""17:30:05"", ""timezone"": null}, ""raw_sha256"": ""dc630c98b699f618916ba4f30ad80e07d605b9547edc9c23b519e8d73c4255ec"", ""basis"": ""visible_header""}, {""kind_candidate"": ""modified"", ""location"": ""/html/body/div/div[5]/section[1]/section[1]/div[1]/div[1]/div/div/div[2]/ul/li[1]/p[2]"", ""json_path"": null, ""normalized"": {""date"": ""2026-02-13"", ""precision"": ""second"", ""clock"": ""05:50:08"", ""timezone"": null}, ""raw_sha256"": ""9700b179939fd7aab2ce4611ea8838b0902cb5fd0478f9c96786db85dbb92d84"", ""basis"": ""visible_header""}]",compatible_at_shared_precision_pending_review,,1,1,2026-09-22T07:24:06.879895+00:00,pass,,,not_measured,not_measured,not_performed,raw/documents.jsonl
CAND-851942367c39ca23,NEWS-851942367c39ca23,,HANKYUNG,SAM-LATE-INV-AMD,SAM,unknown_pending_article_body,,deferred_rights_research_permission_explicitly_denied_automated_access,unresolved,research_permission_explicitly_denied_automated_access,user_noncommercial_research,,artifacts\p0\domestic_pilot_20260922\collect_remaining\manifest.csv,p01-domestic-body-audit/0.1,pending_human_original_comparison,pending,provisional_rules_only,False,not_available,deferred_rights_research_permission_explicitly_denied_automated_access,,,,,,,,,,,,,,,,,,,,,,,,,,,,,,,,,,,,
CAND-943c54423e0b510a,NEWS-943c54423e0b510a,d5d83ab14f53f45de8de199105e827431cc9029213a3e42ad7e9f7da3d202450,ZDNET_KR,SAM-LATE-INV-AMD,SAM,unknown_pending_article_body,,downloaded_pending_audit,unresolved,user_research_authorized_source_rights_unresolved,user_noncommercial_research,,artifacts\p0\domestic_pilot_20260922\collect_remaining\manifest.csv,p01-domestic-body-audit/0.1,pending_human_original_comparison,pending,provisional_rules_only,False,local_diagnostics_pending_human,body_completeness_claim_alignment_and_human_review_pending,"//*[@id=""articleBody""]",1,d5d83ab14f53f45de8de199105e827431cc9029213a3e42ad7e9f7da3d202450,/html/body/div[5]/div[1]/div[1]/div/div/div[4],706ca46a44914ac2f438ae57ea79101c72cf265da6b30e9c03463e5a64df45a6,2136,2092,2579,487,8,66,22,30,38,"{""quote_candidate"": 4, ""number_candidate"": 8, ""number_unit_candidate"": 1, ""period_candidate"": 4, ""attribution_cue_candidate"": 3, ""company_mention_SAM"": 18}","{""SAM"": 18}",1,1,2,UTF-8,1013,0,0.819672131147541,"[{""kind_candidate"": ""published"", ""location"": ""/html/head/meta[32]/@content"", ""json_path"": null, ""normalized"": {""date"": ""2026-03-18"", ""precision"": ""second"", ""clock"": ""17:01:02"", ""timezone"": ""+09:00""}, ""raw_sha256"": ""0cf8e35809f9b6ceb2fc4f662c1eed7d882d29acdfaaa0a12799eed86ee5c5c4"", ""basis"": ""meta""}, {""kind_candidate"": ""modified"", ""location"": ""/html/head/meta[33]/@content"", ""json_path"": null, ""normalized"": {""date"": ""2026-03-19"", ""precision"": ""second"", ""clock"": ""08:25:58"", ""timezone"": ""+09:00""}, ""raw_sha256"": ""6c7e7c1e20595c5363ba52b9504107dc91a8efd381cac611c5bb315482a821bd"", ""basis"": ""meta""}, {""kind_candidate"": ""published"", ""location"": ""/html/head/meta[40]/@content"", ""json_path"": null, ""normalized"": {""date"": ""2026-03-18"", ""precision"": ""second"", ""clock"": ""17:01:02"", ""timezone"": ""+09:00""}, ""raw_sha256"": ""0cf8e35809f9b6ceb2fc4f662c1eed7d882d29acdfaaa0a12799eed86ee5c5c4"", ""basis"": ""meta""}, {""kind_candidate"": ""published"", ""location"": ""/html/body/div[5]/div[1]/div[1]/div/div/div[1]/p[2]"", ""json_path"": null, ""normalized"": {""date"": ""2026-03-18"", ""precision"": ""minute"", ""clock"": ""17:01"", ""timezone"": null}, ""raw_sha256"": ""d0f5a57631fa78192ecc7777342f10ad496755783ac8e7b4a54ef2e68390621e"", ""basis"": ""visible_header""}, {""kind_candidate"": ""modified"", ""location"": ""/html/body/div[5]/div[1]/div[1]/div/div/div[1]/p[2]"", ""json_path"": null, ""normalized"": {""date"": ""2026-03-19"", ""precision"": ""minute"", ""clock"": ""08:25"", ""timezone"": null}, ""raw_sha256"": ""7fbb7ba7c2af671b377e64425aea3bd1ee91630327bcef2361c3d640299977f0"", ""basis"": ""visible_header""}, {""kind_candidate"": ""published"", ""location"": ""/html/head/script[1]"", ""json_path"": ""$.datePublished"", ""normalized"": {""date"": ""2026-03-18"", ""precision"": ""second"", ""clock"": ""17:01:02"", ""timezone"": ""+09:00""}, ""raw_sha256"": ""0cf8e35809f9b6ceb2fc4f662c1eed7d882d29acdfaaa0a12799eed86ee5c5c4"", ""basis"": ""json_ld""}, {""kind_candidate"": ""modified"", ""location"": ""/html/head/script[1]"", ""json_path"": ""$.dateModified"", ""normalized"": {""date"": ""2026-03-19"", ""precision"": ""second"", ""clock"": ""08:25:58"", ""timezone"": ""+09:00""}, ""raw_sha256"": ""6c7e7c1e20595c5363ba52b9504107dc91a8efd381cac611c5bb315482a821bd"", ""basis"": ""json_ld""}]",compatible_at_shared_precision_pending_review,,1,3,2026-09-22T07:24:10.363481+00:00,pass,,,not_measured,not_measured,not_performed,raw/documents.jsonl
CAND-01464710478b6a50,NEWS-01464710478b6a50,fcd2850364854a1942c660977e4be119350234c8465ca0ce2bbe89dcea9b5b84,ETNEWS,SAM-LATE-INV-AMD,SAM,unknown_pending_article_body,,downloaded_pending_audit,unresolved,user_research_authorized_source_rights_unresolved,user_noncommercial_research,,artifacts\p0\domestic_pilot_20260922\collect_remaining\manifest.csv,p01-domestic-body-audit/0.1,pending_human_original_comparison,pending,provisional_rules_only,False,local_diagnostics_pending_human,body_completeness_claim_alignment_and_human_review_pending,"//*[@id=""articleBody""]",1,fcd2850364854a1942c660977e4be119350234c8465ca0ce2bbe89dcea9b5b84,/html/body/main/div/div[1]/article/div[2],4e19d47d9858c98879c6a3153d1f1550f454e2e9de52398569b9c3d4e48ea0c2,1855,1841,1841,0,1,34,16,28,22,"{""quote_candidate"": 5, ""number_candidate"": 5, ""period_candidate"": 2, ""attribution_cue_candidate"": 2, ""company_mention_SAM"": 8}","{""SAM"": 8}",1,0,1,UTF-8,1126,0,0.927536231884058,"[{""kind_candidate"": ""published"", ""location"": ""/html/head/meta[36]/@content"", ""json_path"": null, ""normalized"": {""date"": ""2026-03-18"", ""precision"": ""date_only"", ""clock"": null, ""timezone"": null}, ""raw_sha256"": ""a8cc920134ad99bd07411a0ab234da32e474d0e9867f6d6f9785bc7b6795e999"", ""basis"": ""meta""}, {""kind_candidate"": ""published"", ""location"": ""/html/head/meta[41]/@content"", ""json_path"": null, ""normalized"": {""date"": ""2026-03-18"", ""precision"": ""second"", ""clock"": ""17:00:00"", ""timezone"": ""+09:00""}, ""raw_sha256"": ""7aa3faf9706d5672225e13c20ae96ee2230211cf1ff5a43aac980bc4f764e6f3"", ""basis"": ""meta""}, {""kind_candidate"": ""published"", ""location"": ""/html/body/main/div/div[1]/article/div[1]/div[2]/div[1]/time[1]"", ""json_path"": null, ""normalized"": {""date"": ""2026-03-18"", ""precision"": ""minute"", ""clock"": ""17:00"", ""timezone"": null}, ""raw_sha256"": ""07d648399ce6710cc4980a172850e8f892fb36524b7db83540904e27e62c69c5"", ""basis"": ""visible_header""}, {""kind_candidate"": ""unknown"", ""location"": ""/html/body/main/div/div[1]/article/div[1]/div[2]/div[1]/time[2]"", ""json_path"": null, ""normalized"": {""date"": ""2026-03-19"", ""precision"": ""date_only"", ""clock"": null, ""timezone"": null}, ""raw_sha256"": ""0a5f718268b3f88b0056a32751f4747258573b4c6d90414a0b640904c5bdeb1c"", ""basis"": ""visible_header""}]",compatible_at_shared_precision_pending_review,,1,0,2026-09-22T07:24:10.579370+00:00,pass,,,not_measured,not_measured,not_performed,raw/documents.jsonl
CAND-bbe2c737aa819064,NEWS-bbe2c737aa819064,,HANKYUNG,SKH-EARLY-EARN-2024Q1,SKH,unknown_pending_article_body,,deferred_rights_research_permission_explicitly_denied_automated_access,unresolved,research_permission_explicitly_denied_automated_access,user_noncommercial_research,,artifacts\p0\domestic_pilot_20260922\collect_remaining\manifest.csv,p01-domestic-body-audit/0.1,pending_human_original_comparison,pending,provisional_rules_only,False,not_available,deferred_rights_research_permission_explicitly_denied_automated_access,,,,,,,,,,,,,,,,,,,,,,,,,,,,,,,,,,,,
CAND-d6ef03257775547f,NEWS-d6ef03257775547f,052dae3bc012b8b67deef36fc6a6833b942a7d678eb06840d140ae0f92ec5f0c,ZDNET_KR,SKH-EARLY-EARN-2024Q1,SKH,unknown_pending_article_body,,downloaded_pending_audit,unresolved,user_research_authorized_source_rights_unresolved,user_noncommercial_research,,artifacts\p0\domestic_pilot_20260922\collect_remaining\manifest.csv,p01-domestic-body-audit/0.1,pending_human_original_comparison,pending,provisional_rules_only,False,local_diagnostics_pending_human,body_completeness_claim_alignment_and_human_review_pending,"//*[@id=""articleBody""]",1,052dae3bc012b8b67deef36fc6a6833b942a7d678eb06840d140ae0f92ec5f0c,/html/body/div[5]/div[1]/div[1]/div/div/div[4],95b39bd1f1164278e68003e6b35a3018c60dc002af1818d8de7116f708411717,346,335,393,58,5,13,2,4,21,"{""number_candidate"": 7, ""number_unit_candidate"": 7, ""period_candidate"": 4, ""company_mention_SKH"": 3}","{""SKH"": 3}",1,0,2,UTF-8,98,0,0.8253968253968254,"[{""kind_candidate"": ""published"", ""location"": ""/html/head/meta[32]/@content"", ""json_path"": null, ""normalized"": {""date"": ""2024-04-25"", ""precision"": ""second"", ""clock"": ""08:11:34"", ""timezone"": ""+09:00""}, ""raw_sha256"": ""134f863d378c30a6e4fd8892288c4fcedbb26ae18ccf0fe84affa6a4340b9512"", ""basis"": ""meta""}, {""kind_candidate"": ""modified"", ""location"": ""/html/head/meta[33]/@content"", ""json_path"": null, ""normalized"": {""date"": ""2024-04-25"", ""precision"": ""second"", ""clock"": ""08:12:36"", ""timezone"": ""+09:00""}, ""raw_sha256"": ""b11f33034105d40dcb739f3df0cd5b7f7ec9d96dfe21b8759bf9686d5999124a"", ""basis"": ""meta""}, {""kind_candidate"": ""published"", ""location"": ""/html/head/meta[40]/@content"", ""json_path"": null, ""normalized"": {""date"": ""2024-04-25"", ""precision"": ""second"", ""clock"": ""08:11:34"", ""timezone"": ""+09:00""}, ""raw_sha256"": ""134f863d378c30a6e4fd8892288c4fcedbb26ae18ccf0fe84affa6a4340b9512"", ""basis"": ""meta""}, {""kind_candidate"": ""published"", ""location"": ""/html/body/div[5]/div[1]/div[1]/div/div/div[1]/p"", ""json_path"": null, ""normalized"": {""date"": ""2024-04-25"", ""precision"": ""minute"", ""clock"": ""08:11"", ""timezone"": null}, ""raw_sha256"": ""349f1960bf0ddb81dde7d8d1485468042d1d5052ffb8a0df7138e59f623cc53a"", ""basis"": ""visible_header""}, {""kind_candidate"": ""modified"", ""location"": ""/html/body/div[5]/div[1]/div[1]/div/div/div[1]/p"", ""json_path"": null, ""normalized"": {""date"": ""2024-04-25"", ""precision"": ""minute"", ""clock"": ""08:12"", ""timezone"": null}, ""raw_sha256"": ""0236aba3d4622d604d7c3d50046a8dd11dda943190dccc804385aa4a5776ed55"", ""basis"": ""visible_header""}, {""kind_candidate"": ""published"", ""location"": ""/html/head/script[1]"", ""json_path"": ""$.datePublished"", ""normalized"": {""date"": ""2024-04-25"", ""precision"": ""second"", ""clock"": ""08:11:34"", ""timezone"": ""+09:00""}, ""raw_sha256"": ""134f863d378c30a6e4fd8892288c4fcedbb26ae18ccf0fe84affa6a4340b9512"", ""basis"": ""json_ld""}, {""kind_candidate"": ""modified"", ""location"": ""/html/head/script[1]"", ""json_path"": ""$.dateModified"", ""normalized"": {""date"": ""2024-04-25"", ""precision"": ""second"", ""clock"": ""08:12:36"", ""timezone"": ""+09:00""}, ""raw_sha256"": ""b11f33034105d40dcb739f3df0cd5b7f7ec9d96dfe21b8759bf9686d5999124a"", ""basis"": ""json_ld""}]",compatible_at_shared_precision_pending_review,,1,3,2026-09-22T07:24:10.736969+00:00,pass,,short_body_manual_review,not_measured,not_measured,not_performed,raw/documents.jsonl
CAND-89b8828b3f4360af,NEWS-89b8828b3f4360af,,NEWSPIM,SKH-EARLY-EARN-2024Q1,SKH,unknown_pending_article_body,,deferred_rights_research_permission_explicitly_denied_automated_access,unresolved,research_permission_explicitly_denied_automated_access,user_noncommercial_research,,artifacts\p0\domestic_pilot_20260922\collect_remaining\manifest.csv,p01-domestic-body-audit/0.1,pending_human_original_comparison,pending,provisional_rules_only,False,not_available,deferred_rights_research_permission_explicitly_denied_automated_access,,,,,,,,,,,,,,,,,,,,,,,,,,,,,,,,,,,,
CAND-a4ad35dfaa691933,NEWS-a4ad35dfaa691933,,HANKYUNG,SKH-LATE-EARN-2026Q1,SKH,unknown_pending_article_body,,deferred_rights_research_permission_explicitly_denied_automated_access,unresolved,research_permission_explicitly_denied_automated_access,user_noncommercial_research,,artifacts\p0\domestic_pilot_20260922\collect_remaining\manifest.csv,p01-domestic-body-audit/0.1,pending_human_original_comparison,pending,provisional_rules_only,False,not_available,deferred_rights_research_permission_explicitly_denied_automated_access,,,,,,,,,,,,,,,,,,,,,,,,,,,,,,,,,,,,
CAND-9ae9511bbde8e70f,NEWS-9ae9511bbde8e70f,,NEWSPIM,SKH-LATE-EARN-2026Q1,SKH,unknown_pending_article_body,,deferred_rights_research_permission_explicitly_denied_automated_access,unresolved,research_permission_explicitly_denied_automated_access,user_noncommercial_research,,artifacts\p0\domestic_pilot_20260922\collect_remaining\manifest.csv,p01-domestic-body-audit/0.1,pending_human_original_comparison,pending,provisional_rules_only,False,not_available,deferred_rights_research_permission_explicitly_denied_automated_access,,,,,,,,,,,,,,,,,,,,,,,,,,,,,,,,,,,,
CAND-2940d12737ff63ed,NEWS-2940d12737ff63ed,e367b829c29bfbd471ef5a17ef1558bbe4f5faccaad4ea6b5487667c1c377ed3,EDAILY,SKH-LATE-EARN-2026Q1,SKH,unknown_pending_article_body,,downloaded_pending_audit,unresolved,user_research_authorized_source_rights_unresolved,user_noncommercial_research,,artifacts\p0\domestic_pilot_20260922\collect_remaining\manifest.csv,p01-domestic-body-audit/0.1,pending_human_original_comparison,pending,provisional_rules_only,False,local_diagnostics_pending_human,body_completeness_claim_alignment_and_human_review_pending,"//div[@itemprop=""articleBody"" and contains(concat("" "",normalize-space(@class),"" ""),"" news_body "")]",1,e367b829c29bfbd471ef5a17ef1558bbe4f5faccaad4ea6b5487667c1c377ed3,/html/body/div/div[5]/section[1]/section[1]/div[1]/div[3]/div[1],d632cf876493a2ad38e0656980f57537f823c38c4f70ca33db2bdb041f7e7a8c,1071,1058,1670,612,3,14,10,17,61,"{""quote_candidate"": 3, ""number_candidate"": 23, ""number_unit_candidate"": 17, ""period_candidate"": 9, ""attribution_cue_candidate"": 2, ""company_mention_SKH"": 7}","{""SKH"": 7}",1,1,1,utf-8,624,0,1.0,"[{""kind_candidate"": ""published"", ""location"": ""/html/head/meta[12]/@content"", ""json_path"": null, ""normalized"": {""date"": ""2026-04-23"", ""precision"": ""second"", ""clock"": ""07:46:49"", ""timezone"": ""+09:00""}, ""raw_sha256"": ""1da0cc6a94b729f6c812eda18de1101ee3a99c0742821d7af15cc8a865e9084f"", ""basis"": ""meta""}, {""kind_candidate"": ""published"", ""location"": ""/html/body/div/div[5]/section[1]/section[1]/div[1]/div[1]/div/div/div[2]/ul/li[1]/p[1]"", ""json_path"": null, ""normalized"": {""date"": ""2026-04-23"", ""precision"": ""second"", ""clock"": ""07:46:49"", ""timezone"": null}, ""raw_sha256"": ""fc3f6d00bb6a139bdc1613cc93bb1061c36adef8b7e7d3f44cd6d5e262dd4302"", ""basis"": ""visible_header""}, {""kind_candidate"": ""modified"", ""location"": ""/html/body/div/div[5]/section[1]/section[1]/div[1]/div[1]/div/div/div[2]/ul/li[1]/p[2]"", ""json_path"": null, ""normalized"": {""date"": ""2026-04-23"", ""precision"": ""second"", ""clock"": ""08:09:05"", ""timezone"": null}, ""raw_sha256"": ""98370d85b1e73efe49689763e286aff1797513c4a97351db014418e95ea05a5a"", ""basis"": ""visible_header""}]",compatible_at_shared_precision_pending_review,,1,1,2026-09-22T07:24:14.013890+00:00,pass,,,not_measured,not_measured,not_performed,raw/documents.jsonl
CAND-8f1980754b34ecbf,NEWS-8f1980754b34ecbf,,HANKYUNG,SKH-EARLY-DEV-HBM4SAMPLE,SKH,unknown_pending_article_body,,deferred_rights_research_permission_explicitly_denied_automated_access,unresolved,research_permission_explicitly_denied_automated_access,user_noncommercial_research,,artifacts\p0\domestic_pilot_20260922\collect_remaining\manifest.csv,p01-domestic-body-audit/0.1,pending_human_original_comparison,pending,provisional_rules_only,False,not_available,deferred_rights_research_permission_explicitly_denied_automated_access,,,,,,,,,,,,,,,,,,,,,,,,,,,,,,,,,,,,
CAND-e51cfe357b5ab59d,NEWS-e51cfe357b5ab59d,1f07dedbcd4557c5f4217e2ac346326d027c5828dd4a20178c5464b98016b0f9,ZDNET_KR,SKH-EARLY-DEV-HBM4SAMPLE,SKH,unknown_pending_article_body,,downloaded_pending_audit,unresolved,user_research_authorized_source_rights_unresolved,user_noncommercial_research,,artifacts\p0\domestic_pilot_20260922\collect_remaining\manifest.csv,p01-domestic-body-audit/0.1,pending_human_original_comparison,pending,provisional_rules_only,False,local_diagnostics_pending_human,body_completeness_claim_alignment_and_human_review_pending,"//*[@id=""articleBody""]",1,1f07dedbcd4557c5f4217e2ac346326d027c5828dd4a20178c5464b98016b0f9,/html/body/div[5]/div[1]/div[1]/div/div/div[4],692719d4dee267939c0f051d35f0b4b29d072f65bb76466e6ab2c6062cb733b0,1203,1182,1666,484,8,30,9,12,47,"{""quote_candidate"": 4, ""number_candidate"": 19, ""number_unit_candidate"": 13, ""period_candidate"": 3, ""attribution_cue_candidate"": 2, ""company_mention_SKH"": 6}","{""SKH"": 6}",1,1,2,UTF-8,541,0,0.8253968253968254,"[{""kind_candidate"": ""published"", ""location"": ""/html/head/meta[32]/@content"", ""json_path"": null, ""normalized"": {""date"": ""2025-03-19"", ""precision"": ""second"", ""clock"": ""09:58:48"", ""timezone"": ""+09:00""}, ""raw_sha256"": ""612d69732058c8f4dd1dbb91a025a1ff0ccf54b97c278f3a8920ce62910061da"", ""basis"": ""meta""}, {""kind_candidate"": ""modified"", ""location"": ""/html/head/meta[33]/@content"", ""json_path"": null, ""normalized"": {""date"": ""2025-03-19"", ""precision"": ""second"", ""clock"": ""10:31:02"", ""timezone"": ""+09:00""}, ""raw_sha256"": ""e54c31fb434e950af2c914bc4318174d1e18b880aa14b92d80ebf5f4db487194"", ""basis"": ""meta""}, {""kind_candidate"": ""published"", ""location"": ""/html/head/meta[40]/@content"", ""json_path"": null, ""normalized"": {""date"": ""2025-03-19"", ""precision"": ""second"", ""clock"": ""09:58:48"", ""timezone"": ""+09:00""}, ""raw_sha256"": ""612d69732058c8f4dd1dbb91a025a1ff0ccf54b97c278f3a8920ce62910061da"", ""basis"": ""meta""}, {""kind_candidate"": ""published"", ""location"": ""/html/body/div[5]/div[1]/div[1]/div/div/div[1]/p[2]"", ""json_path"": null, ""normalized"": {""date"": ""2025-03-19"", ""precision"": ""minute"", ""clock"": ""09:58"", ""timezone"": null}, ""raw_sha256"": ""31f1f20d3d28a5cc8480d21c771f20746ac33086eddcda4de72de0258695c0e3"", ""basis"": ""visible_header""}, {""kind_candidate"": ""modified"", ""location"": ""/html/body/div[5]/div[1]/div[1]/div/div/div[1]/p[2]"", ""json_path"": null, ""normalized"": {""date"": ""2025-03-19"", ""precision"": ""minute"", ""clock"": ""10:31"", ""timezone"": null}, ""raw_sha256"": ""ffb61fed7d9782d2dbcb376e9b270a037a76ab20dfe1a25bffadbe66a2d97bd8"", ""basis"": ""visible_header""}, {""kind_candidate"": ""published"", ""location"": ""/html/head/script[1]"", ""json_path"": ""$.datePublished"", ""normalized"": {""date"": ""2025-03-19"", ""precision"": ""second"", ""clock"": ""09:58:48"", ""timezone"": ""+09:00""}, ""raw_sha256"": ""612d69732058c8f4dd1dbb91a025a1ff0ccf54b97c278f3a8920ce62910061da"", ""basis"": ""json_ld""}, {""kind_candidate"": ""modified"", ""location"": ""/html/head/script[1]"", ""json_path"": ""$.dateModified"", ""normalized"": {""date"": ""2025-03-19"", ""precision"": ""second"", ""clock"": ""10:31:02"", ""timezone"": ""+09:00""}, ""raw_sha256"": ""e54c31fb434e950af2c914bc4318174d1e18b880aa14b92d80ebf5f4db487194"", ""basis"": ""json_ld""}]",compatible_at_shared_precision_pending_review,,1,3,2026-09-22T07:24:14.467579+00:00,pass,,,not_measured,not_measured,not_performed,raw/documents.jsonl
CAND-0339b616cc951dda,NEWS-0339b616cc951dda,f05180d8b0f4a64d7797e3c3432b206593f02d27722fb76b88625ec4e9e16149,ETNEWS,SKH-EARLY-DEV-HBM4SAMPLE,SKH,unknown_pending_article_body,,downloaded_pending_audit,unresolved,user_research_authorized_source_rights_unresolved,user_noncommercial_research,,artifacts\p0\domestic_pilot_20260922\collect_remaining\manifest.csv,p01-domestic-body-audit/0.1,pending_human_original_comparison,pending,provisional_rules_only,False,local_diagnostics_pending_human,body_completeness_claim_alignment_and_human_review_pending,"//*[@id=""articleBody""]",1,f05180d8b0f4a64d7797e3c3432b206593f02d27722fb76b88625ec4e9e16149,/html/body/main/div/div[1]/article/div[2],a49176cd29b94f0c28404d376d08dc6eae275dfd80bf559b724d8a0fb815ebbd,1367,1351,1351,0,1,34,17,28,51,"{""quote_candidate"": 4, ""number_candidate"": 17, ""number_unit_candidate"": 9, ""period_candidate"": 8, ""attribution_cue_candidate"": 2, ""company_mention_SAM"": 1, ""company_mention_SKH"": 10}","{""SAM"": 1, ""SKH"": 10}",1,1,1,UTF-8,803,0,0.9122807017543859,"[{""kind_candidate"": ""published"", ""location"": ""/html/head/meta[36]/@content"", ""json_path"": null, ""normalized"": {""date"": ""2025-03-19"", ""precision"": ""date_only"", ""clock"": null, ""timezone"": null}, ""raw_sha256"": ""683ec350a715a06a6e365cda024a1176b2157ac88d2d4523bbe23f111da84eb5"", ""basis"": ""meta""}, {""kind_candidate"": ""published"", ""location"": ""/html/head/meta[41]/@content"", ""json_path"": null, ""normalized"": {""date"": ""2025-03-19"", ""precision"": ""second"", ""clock"": ""10:31:05"", ""timezone"": ""+09:00""}, ""raw_sha256"": ""57b1483469366f343b4b1e8abe950e477bdc0e1bab2162b647ac859275ea3852"", ""basis"": ""meta""}, {""kind_candidate"": ""published"", ""location"": ""/html/body/main/div/div[1]/article/div[1]/div[2]/div[1]/time[1]"", ""json_path"": null, ""normalized"": {""date"": ""2025-03-19"", ""precision"": ""minute"", ""clock"": ""10:31"", ""timezone"": null}, ""raw_sha256"": ""4b0a2e53a05db132a79b9b413be01e53804b1fa74ba05729124ca93c7ad5baa1"", ""basis"": ""visible_header""}, {""kind_candidate"": ""unknown"", ""location"": ""/html/body/main/div/div[1]/article/div[1]/div[2]/div[1]/time[2]"", ""json_path"": null, ""normalized"": {""date"": ""2025-03-20"", ""precision"": ""date_only"", ""clock"": null, ""timezone"": null}, ""raw_sha256"": ""ee19b08495094528242f0ea6ccfe17a3f7297f81ff8bcc9750c170aa8a79a6de"", ""basis"": ""visible_header""}]",compatible_at_shared_precision_pending_review,,1,0,2026-09-22T07:24:16.603636+00:00,pass,,,not_measured,not_measured,not_performed,raw/documents.jsonl
CAND-8f7b59c78c5590e2,NEWS-8f7b59c78c5590e2,75dda617136cecb729c1204c27901dbff0e7cd5935c41fdb5feaa9fbeea3ccff,ZDNET_KR,SKH-LATE-DEV-HBM4READY,SKH,unknown_pending_article_body,,downloaded_pending_audit,unresolved,user_research_authorized_source_rights_unresolved,user_noncommercial_research,,artifacts\p0\domestic_pilot_20260922\collect_remaining\manifest.csv,p01-domestic-body-audit/0.1,pending_human_original_comparison,pending,provisional_rules_only,False,local_diagnostics_pending_human,body_completeness_claim_alignment_and_human_review_pending,"//*[@id=""articleBody""]",1,75dda617136cecb729c1204c27901dbff0e7cd5935c41fdb5feaa9fbeea3ccff,/html/body/div[5]/div[1]/div[1]/div/div/div[4],904a7d4c294bee2a9069f95fa5b0928c86b1a3bbba38bb9e0914d51e6c20c22a,1758,1735,2258,523,8,37,14,15,41,"{""quote_candidate"": 6, ""number_candidate"": 13, ""number_unit_candidate"": 11, ""attribution_cue_candidate"": 4, ""company_mention_SKH"": 7}","{""SKH"": 7}",1,1,2,UTF-8,907,0,0.835820895522388,"[{""kind_candidate"": ""published"", ""location"": ""/html/head/meta[32]/@content"", ""json_path"": null, ""normalized"": {""date"": ""2025-09-12"", ""precision"": ""second"", ""clock"": ""08:51:15"", ""timezone"": ""+09:00""}, ""raw_sha256"": ""cbd9095474b549ce7edf85b9039341514b213fe8f637c6a0684d14bbb8fd3eb9"", ""basis"": ""meta""}, {""kind_candidate"": ""modified"", ""location"": ""/html/head/meta[33]/@content"", ""json_path"": null, ""normalized"": {""date"": ""2025-09-12"", ""precision"": ""second"", ""clock"": ""09:39:38"", ""timezone"": ""+09:00""}, ""raw_sha256"": ""826ad05a84c5d168657e96b09068771f600eb2915cede55a0f8a61e009dd717c"", ""basis"": ""meta""}, {""kind_candidate"": ""published"", ""location"": ""/html/head/meta[40]/@content"", ""json_path"": null, ""normalized"": {""date"": ""2025-09-12"", ""precision"": ""second"", ""clock"": ""08:51:15"", ""timezone"": ""+09:00""}, ""raw_sha256"": ""cbd9095474b549ce7edf85b9039341514b213fe8f637c6a0684d14bbb8fd3eb9"", ""basis"": ""meta""}, {""kind_candidate"": ""published"", ""location"": ""/html/body/div[5]/div[1]/div[1]/div/div/div[1]/p[2]"", ""json_path"": null, ""normalized"": {""date"": ""2025-09-12"", ""precision"": ""minute"", ""clock"": ""08:51"", ""timezone"": null}, ""raw_sha256"": ""ba922d8cf1448208b6a9e4d10616f7b81c94b9ae9742ef251a88437f272ac82e"", ""basis"": ""visible_header""}, {""kind_candidate"": ""modified"", ""location"": ""/html/body/div[5]/div[1]/div[1]/div/div/div[1]/p[2]"", ""json_path"": null, ""normalized"": {""date"": ""2025-09-12"", ""precision"": ""minute"", ""clock"": ""09:39"", ""timezone"": null}, ""raw_sha256"": ""d8a21276ef85a305c707068d953947715dc2792feef4943207451bd38a2dd77f"", ""basis"": ""visible_header""}, {""kind_candidate"": ""published"", ""location"": ""/html/head/script[1]"", ""json_path"": ""$.datePublished"", ""normalized"": {""date"": ""2025-09-12"", ""precision"": ""second"", ""clock"": ""08:51:15"", ""timezone"": ""+09:00""}, ""raw_sha256"": ""cbd9095474b549ce7edf85b9039341514b213fe8f637c6a0684d14bbb8fd3eb9"", ""basis"": ""json_ld""}, {""kind_candidate"": ""modified"", ""location"": ""/html/head/script[1]"", ""json_path"": ""$.dateModified"", ""normalized"": {""date"": ""2025-09-12"", ""precision"": ""second"", ""clock"": ""09:39:38"", ""timezone"": ""+09:00""}, ""raw_sha256"": ""826ad05a84c5d168657e96b09068771f600eb2915cede55a0f8a61e009dd717c"", ""basis"": ""json_ld""}]",compatible_at_shared_precision_pending_review,,1,3,2026-09-22T07:24:16.764717+00:00,pass,,,not_measured,not_measured,not_performed,raw/documents.jsonl
CAND-be71e3dc137fd53e,NEWS-be71e3dc137fd53e,8e6dbd91c9003224dd63b949378e1553e5c9b79e01a450ddc2e1db5bf538453c,ETNEWS,SKH-LATE-DEV-HBM4READY,SKH,unknown_pending_article_body,,downloaded_pending_audit,unresolved,user_research_authorized_source_rights_unresolved,user_noncommercial_research,,artifacts\p0\domestic_pilot_20260922\collect_remaining\manifest.csv,p01-domestic-body-audit/0.1,pending_human_original_comparison,pending,provisional_rules_only,False,local_diagnostics_pending_human,body_completeness_claim_alignment_and_human_review_pending,"//*[@id=""articleBody""]",1,8e6dbd91c9003224dd63b949378e1553e5c9b79e01a450ddc2e1db5bf538453c,/html/body/main/div/div[1]/article/div[2],bb40273cb9915800d87acb6cef0854a03676ffcf6a1a33b58eb9470c8484a788,1100,1092,1092,0,1,20,9,15,43,"{""quote_candidate"": 6, ""number_candidate"": 12, ""number_unit_candidate"": 11, ""attribution_cue_candidate"": 5, ""company_mention_SAM"": 1, ""company_mention_SKH"": 8}","{""SAM"": 1, ""SKH"": 8}",1,0,1,UTF-8,640,0,0.9019607843137255,"[{""kind_candidate"": ""published"", ""location"": ""/html/head/meta[36]/@content"", ""json_path"": null, ""normalized"": {""date"": ""2025-09-12"", ""precision"": ""date_only"", ""clock"": null, ""timezone"": null}, ""raw_sha256"": ""662926dc3ecea30200ad02b8bc9dff1b7ff0606874b08492705b76c5d74eff4d"", ""basis"": ""meta""}, {""kind_candidate"": ""published"", ""location"": ""/html/head/meta[41]/@content"", ""json_path"": null, ""normalized"": {""date"": ""2025-09-12"", ""precision"": ""second"", ""clock"": ""09:47:28"", ""timezone"": ""+09:00""}, ""raw_sha256"": ""372483e3bdcd20d8c68f79ffc1dea071a93835ecd6fde2d0eb122b9d4d1f8373"", ""basis"": ""meta""}, {""kind_candidate"": ""published"", ""location"": ""/html/body/main/div/div[1]/article/div[1]/div[2]/div[1]/time"", ""json_path"": null, ""normalized"": {""date"": ""2025-09-12"", ""precision"": ""minute"", ""clock"": ""09:47"", ""timezone"": null}, ""raw_sha256"": ""faffe4f24565326e9a98d049ae59ac8c8f62ea4399c2f267a51a087d1a41986d"", ""basis"": ""visible_header""}]",compatible_at_shared_precision_pending_review,,1,0,2026-09-22T07:24:19.620866+00:00,pass,,,not_measured,not_measured,not_performed,raw/documents.jsonl
CAND-abbfe2e6d3e45b54,NEWS-abbfe2e6d3e45b54,,HANKYUNG,SKH-LATE-DEV-HBM4READY,SKH,unknown_pending_article_body,,deferred_rights_research_permission_explicitly_denied_automated_access,unresolved,research_permission_explicitly_denied_automated_access,user_noncommercial_research,,artifacts\p0\domestic_pilot_20260922\collect_remaining\manifest.csv,p01-domestic-body-audit/0.1,pending_human_original_comparison,pending,provisional_rules_only,False,not_available,deferred_rights_research_permission_explicitly_denied_automated_access,,,,,,,,,,,,,,,,,,,,,,,,,,,,,,,,,,,,
CAND-f8202e43579ac465,NEWS-f8202e43579ac465,,NEWSPIM,SKH-EARLY-PROD-HBM3E,SKH,unknown_pending_article_body,,deferred_rights_research_permission_explicitly_denied_automated_access,unresolved,research_permission_explicitly_denied_automated_access,user_noncommercial_research,,artifacts\p0\domestic_pilot_20260922\collect_remaining\manifest.csv,p01-domestic-body-audit/0.1,pending_human_original_comparison,pending,provisional_rules_only,False,not_available,deferred_rights_research_permission_explicitly_denied_automated_access,,,,,,,,,,,,,,,,,,,,,,,,,,,,,,,,,,,,
CAND-964d332319389cc2,NEWS-964d332319389cc2,38d6c7a499fc7ed4c604169d56267dfbc70f873219f35789e76f1f2133e5a0d8,ZDNET_KR,SKH-EARLY-PROD-HBM3E,SKH,unknown_pending_article_body,,downloaded_pending_audit,unresolved,user_research_authorized_source_rights_unresolved,user_noncommercial_research,,artifacts\p0\domestic_pilot_20260922\collect_remaining\manifest.csv,p01-domestic-body-audit/0.1,pending_human_original_comparison,pending,provisional_rules_only,False,local_diagnostics_pending_human,body_completeness_claim_alignment_and_human_review_pending,"//*[@id=""articleBody""]",1,38d6c7a499fc7ed4c604169d56267dfbc70f873219f35789e76f1f2133e5a0d8,/html/body/div[5]/div[1]/div[1]/div/div/div[4],f0a6c9955bffcb6305e7220328fee075f25a7dfecd10ac615b86d00a38688494,1663,1639,2154,515,8,36,12,17,31,"{""quote_candidate"": 4, ""number_candidate"": 11, ""number_unit_candidate"": 4, ""period_candidate"": 1, ""attribution_cue_candidate"": 3, ""company_mention_SKH"": 8}","{""SKH"": 8}",1,1,2,UTF-8,827,0,0.8450704225352113,"[{""kind_candidate"": ""published"", ""location"": ""/html/head/meta[32]/@content"", ""json_path"": null, ""normalized"": {""date"": ""2024-03-19"", ""precision"": ""second"", ""clock"": ""10:26:41"", ""timezone"": ""+09:00""}, ""raw_sha256"": ""815b3df7fc6ec9810c2067eb67cea6567fd81ec12a0dcafbe11d0a565fe17d26"", ""basis"": ""meta""}, {""kind_candidate"": ""modified"", ""location"": ""/html/head/meta[33]/@content"", ""json_path"": null, ""normalized"": {""date"": ""2024-03-19"", ""precision"": ""second"", ""clock"": ""15:48:58"", ""timezone"": ""+09:00""}, ""raw_sha256"": ""28ddc86b04467d84664ce48eca2c2a5547a6b15f36b5257967fa0d7154c0f352"", ""basis"": ""meta""}, {""kind_candidate"": ""published"", ""location"": ""/html/head/meta[40]/@content"", ""json_path"": null, ""normalized"": {""date"": ""2024-03-19"", ""precision"": ""second"", ""clock"": ""10:26:41"", ""timezone"": ""+09:00""}, ""raw_sha256"": ""815b3df7fc6ec9810c2067eb67cea6567fd81ec12a0dcafbe11d0a565fe17d26"", ""basis"": ""meta""}, {""kind_candidate"": ""published"", ""location"": ""/html/body/div[5]/div[1]/div[1]/div/div/div[1]/p[2]"", ""json_path"": null, ""normalized"": {""date"": ""2024-03-19"", ""precision"": ""minute"", ""clock"": ""10:26"", ""timezone"": null}, ""raw_sha256"": ""7d8efab5756fbc79dcc9e9b0e19ecc8d4449f1f3ae15a93426103f29e3f801f4"", ""basis"": ""visible_header""}, {""kind_candidate"": ""modified"", ""location"": ""/html/body/div[5]/div[1]/div[1]/div/div/div[1]/p[2]"", ""json_path"": null, ""normalized"": {""date"": ""2024-03-19"", ""precision"": ""minute"", ""clock"": ""15:48"", ""timezone"": null}, ""raw_sha256"": ""40bd8b1e621983de73a506e635b5922198ac006846d60a69b283c630fd12207e"", ""basis"": ""visible_header""}, {""kind_candidate"": ""published"", ""location"": ""/html/head/script[1]"", ""json_path"": ""$.datePublished"", ""normalized"": {""date"": ""2024-03-19"", ""precision"": ""second"", ""clock"": ""10:26:41"", ""timezone"": ""+09:00""}, ""raw_sha256"": ""815b3df7fc6ec9810c2067eb67cea6567fd81ec12a0dcafbe11d0a565fe17d26"", ""basis"": ""json_ld""}, {""kind_candidate"": ""modified"", ""location"": ""/html/head/script[1]"", ""json_path"": ""$.dateModified"", ""normalized"": {""date"": ""2024-03-19"", ""precision"": ""second"", ""clock"": ""15:48:58"", ""timezone"": ""+09:00""}, ""raw_sha256"": ""28ddc86b04467d84664ce48eca2c2a5547a6b15f36b5257967fa0d7154c0f352"", ""basis"": ""json_ld""}]",compatible_at_shared_precision_pending_review,,1,3,2026-09-22T07:24:19.791150+00:00,pass,,,not_measured,not_measured,not_performed,raw/documents.jsonl
CAND-0573f32d2a65b426,NEWS-0573f32d2a65b426,d1b21ef914dec89554fbd4fb181adfc691c1e8da2d710f42b52b9de2fc27c257,ETNEWS,SKH-EARLY-PROD-HBM3E,SKH,unknown_pending_article_body,,downloaded_pending_audit,unresolved,user_research_authorized_source_rights_unresolved,user_noncommercial_research,,artifacts\p0\domestic_pilot_20260922\collect_remaining\manifest.csv,p01-domestic-body-audit/0.1,pending_human_original_comparison,pending,provisional_rules_only,False,local_diagnostics_pending_human,body_completeness_claim_alignment_and_human_review_pending,"//*[@id=""articleBody""]",1,d1b21ef914dec89554fbd4fb181adfc691c1e8da2d710f42b52b9de2fc27c257,/html/body/main/div/div[1]/article/div[2],608212943b7d3a0431f8ffa727a15625640194eda672227539437dcfc000947a,769,763,763,0,1,16,7,14,25,"{""quote_candidate"": 2, ""number_candidate"": 10, ""number_unit_candidate"": 3, ""period_candidate"": 1, ""attribution_cue_candidate"": 2, ""company_mention_SKH"": 7}","{""SKH"": 7}",1,0,1,UTF-8,427,0,0.9090909090909091,"[{""kind_candidate"": ""published"", ""location"": ""/html/head/meta[36]/@content"", ""json_path"": null, ""normalized"": {""date"": ""2024-03-19"", ""precision"": ""date_only"", ""clock"": null, ""timezone"": null}, ""raw_sha256"": ""ede61987f0a08e874d517e7736f4e9bab6b54f8040ce336b8a5ec4d18b33f846"", ""basis"": ""meta""}, {""kind_candidate"": ""published"", ""location"": ""/html/head/meta[41]/@content"", ""json_path"": null, ""normalized"": {""date"": ""2024-03-19"", ""precision"": ""second"", ""clock"": ""10:56:57"", ""timezone"": ""+09:00""}, ""raw_sha256"": ""f1b07e56530d329d7537976b84815c3ad80547cc4f0f4a597f48850708451bf7"", ""basis"": ""meta""}, {""kind_candidate"": ""published"", ""location"": ""/html/body/main/div/div[1]/article/div[1]/div[2]/div[1]/time"", ""json_path"": null, ""normalized"": {""date"": ""2024-03-19"", ""precision"": ""minute"", ""clock"": ""10:56"", ""timezone"": null}, ""raw_sha256"": ""2d1feda189f0c3bf8c559ab1c4ff752fcf630fef27f94c1cecb7db77317129b0"", ""basis"": ""visible_header""}]",compatible_at_shared_precision_pending_review,,1,0,2026-09-22T07:24:22.591158+00:00,pass,,,not_measured,not_measured,not_performed,raw/documents.jsonl
CAND-20d200ccd155fa01,NEWS-20d200ccd155fa01,,NEWSPIM,SKH-LATE-PROD-QLC321,SKH,unknown_pending_article_body,,deferred_rights_research_permission_explicitly_denied_automated_access,unresolved,research_permission_explicitly_denied_automated_access,user_noncommercial_research,,artifacts\p0\domestic_pilot_20260922\collect_remaining\manifest.csv,p01-domestic-body-audit/0.1,pending_human_original_comparison,pending,provisional_rules_only,False,not_available,deferred_rights_research_permission_explicitly_denied_automated_access,,,,,,,,,,,,,,,,,,,,,,,,,,,,,,,,,,,,
CAND-02e770544a5cabc5,NEWS-02e770544a5cabc5,74d16c99e6a761a41d144c419065a10db44dcdfaa17c62414cc61393db8e8c41,ETNEWS,SKH-LATE-PROD-QLC321,SKH,unknown_pending_article_body,,downloaded_pending_audit,unresolved,user_research_authorized_source_rights_unresolved,user_noncommercial_research,,artifacts\p0\domestic_pilot_20260922\collect_remaining\manifest.csv,p01-domestic-body-audit/0.1,pending_human_original_comparison,pending,provisional_rules_only,False,local_diagnostics_pending_human,body_completeness_claim_alignment_and_human_review_pending,"//*[@id=""articleBody""]",1,74d16c99e6a761a41d144c419065a10db44dcdfaa17c62414cc61393db8e8c41,/html/body/main/div/div[1]/article/div[2],22733c90221f903892f1e874b816a41d4384e3e3402222e623a84b18d722eeed,859,852,852,0,1,18,8,14,51,"{""quote_candidate"": 1, ""number_candidate"": 19, ""number_unit_candidate"": 17, ""period_candidate"": 2, ""attribution_cue_candidate"": 5, ""company_mention_SKH"": 7}","{""SKH"": 7}",1,0,1,UTF-8,520,0,0.8837209302325582,"[{""kind_candidate"": ""published"", ""location"": ""/html/head/meta[36]/@content"", ""json_path"": null, ""normalized"": {""date"": ""2025-08-25"", ""precision"": ""date_only"", ""clock"": null, ""timezone"": null}, ""raw_sha256"": ""212b9526f46c3de6f6ee55ebf09bee57cba1eb7096d67a1a4b7537d5c3bf6189"", ""basis"": ""meta""}, {""kind_candidate"": ""published"", ""location"": ""/html/head/meta[41]/@content"", ""json_path"": null, ""normalized"": {""date"": ""2025-08-25"", ""precision"": ""second"", ""clock"": ""13:58:24"", ""timezone"": ""+09:00""}, ""raw_sha256"": ""5e78da672f393ffe2dc4066f3428df12c28b6a99480fbe630371ed4345e181ae"", ""basis"": ""meta""}, {""kind_candidate"": ""published"", ""location"": ""/html/body/main/div/div[1]/article/div[1]/div[2]/div[1]/time[1]"", ""json_path"": null, ""normalized"": {""date"": ""2025-08-25"", ""precision"": ""minute"", ""clock"": ""13:58"", ""timezone"": null}, ""raw_sha256"": ""6083cf2c22454327a84bc5a3ac21076bd57e9d65d009901b2751359f8225ef2a"", ""basis"": ""visible_header""}, {""kind_candidate"": ""unknown"", ""location"": ""/html/body/main/div/div[1]/article/div[1]/div[2]/div[1]/time[2]"", ""json_path"": null, ""normalized"": {""date"": ""2025-08-26"", ""precision"": ""date_only"", ""clock"": null, ""timezone"": null}, ""raw_sha256"": ""e8129b81ca704aeba95f67bd0b10ab8645bb5158ed1452d223080ceb3fa30256"", ""basis"": ""visible_header""}]",compatible_at_shared_precision_pending_review,,1,0,2026-09-22T07:24:22.808477+00:00,pass,,,not_measured,not_measured,not_performed,raw/documents.jsonl
CAND-4777711726295645,NEWS-4777711726295645,9d741185c29ea6d67be7e22c0e932b84f837ce46b2d2694515f5b4934413f1c6,ZDNET_KR,SKH-LATE-PROD-QLC321,SKH,unknown_pending_article_body,,downloaded_pending_audit,unresolved,user_research_authorized_source_rights_unresolved,user_noncommercial_research,,artifacts\p0\domestic_pilot_20260922\collect_remaining\manifest.csv,p01-domestic-body-audit/0.1,pending_human_original_comparison,pending,provisional_rules_only,False,local_diagnostics_pending_human,body_completeness_claim_alignment_and_human_review_pending,"//*[@id=""articleBody""]",1,9d741185c29ea6d67be7e22c0e932b84f837ce46b2d2694515f5b4934413f1c6,/html/body/div[5]/div[1]/div[1]/div/div/div[4],c319a4d0b429838382a1fa7bc76fdff96ac8fc9d33240da4292d0d1de2ff2b04,1544,1522,2032,510,8,34,12,16,52,"{""quote_candidate"": 4, ""number_candidate"": 20, ""number_unit_candidate"": 18, ""period_candidate"": 2, ""attribution_cue_candidate"": 2, ""company_mention_SKH"": 6}","{""SKH"": 6}",1,1,2,UTF-8,790,0,0.8533333333333334,"[{""kind_candidate"": ""published"", ""location"": ""/html/head/meta[32]/@content"", ""json_path"": null, ""normalized"": {""date"": ""2025-08-25"", ""precision"": ""second"", ""clock"": ""10:41:33"", ""timezone"": ""+09:00""}, ""raw_sha256"": ""12312869fc6d5fde0f7c0482a2368d0c681a14c8b39c1d60a9fc23e8e91cb4fe"", ""basis"": ""meta""}, {""kind_candidate"": ""modified"", ""location"": ""/html/head/meta[33]/@content"", ""json_path"": null, ""normalized"": null, ""raw_sha256"": ""e3b0c44298fc1c149afbf4c8996fb92427ae41e4649b934ca495991b7852b855"", ""basis"": ""meta""}, {""kind_candidate"": ""published"", ""location"": ""/html/head/meta[40]/@content"", ""json_path"": null, ""normalized"": {""date"": ""2025-08-25"", ""precision"": ""second"", ""clock"": ""10:41:33"", ""timezone"": ""+09:00""}, ""raw_sha256"": ""12312869fc6d5fde0f7c0482a2368d0c681a14c8b39c1d60a9fc23e8e91cb4fe"", ""basis"": ""meta""}, {""kind_candidate"": ""published"", ""location"": ""/html/body/div[5]/div[1]/div[1]/div/div/div[1]/p[2]"", ""json_path"": null, ""normalized"": {""date"": ""2025-08-25"", ""precision"": ""minute"", ""clock"": ""10:41"", ""timezone"": null}, ""raw_sha256"": ""4b01543d3fffc1598630c7bce7160f166dbdf709c8631ecd6932a63e2cb81063"", ""basis"": ""visible_header""}, {""kind_candidate"": ""published"", ""location"": ""/html/head/script[1]"", ""json_path"": ""$.datePublished"", ""normalized"": {""date"": ""2025-08-25"", ""precision"": ""second"", ""clock"": ""10:41:33"", ""timezone"": ""+09:00""}, ""raw_sha256"": ""12312869fc6d5fde0f7c0482a2368d0c681a14c8b39c1d60a9fc23e8e91cb4fe"", ""basis"": ""json_ld""}, {""kind_candidate"": ""modified"", ""location"": ""/html/head/script[1]"", ""json_path"": ""$.dateModified"", ""normalized"": null, ""raw_sha256"": ""e3b0c44298fc1c149afbf4c8996fb92427ae41e4649b934ca495991b7852b855"", ""basis"": ""json_ld""}]",compatible_at_shared_precision_pending_review,,1,2,2026-09-22T07:24:25.824221+00:00,pass,,,not_measured,not_measured,not_performed,raw/documents.jsonl
CAND-9d019270b624e4aa,NEWS-9d019270b624e4aa,e543e3b822b87c9d710f0660b6c9a96f04c5eaabb226b3beeede73ea513611e2,ETNEWS,SKH-EARLY-INV-INDIANA,SKH,unknown_pending_article_body,,downloaded_pending_audit,unresolved,user_research_authorized_source_rights_unresolved,user_noncommercial_research,,artifacts\p0\domestic_pilot_20260922\collect_remaining\manifest.csv,p01-domestic-body-audit/0.1,pending_human_original_comparison,pending,provisional_rules_only,False,local_diagnostics_pending_human,body_completeness_claim_alignment_and_human_review_pending,"//*[@id=""articleBody""]",1,e543e3b822b87c9d710f0660b6c9a96f04c5eaabb226b3beeede73ea513611e2,/html/body/main/div/div[1]/article/div[2],e6b007009eebe830877b627bf3e6f4e95fe742de692ebae091828053edc32824,2032,2019,2019,0,1,30,14,27,54,"{""quote_candidate"": 10, ""number_candidate"": 9, ""number_unit_candidate"": 6, ""period_candidate"": 5, ""attribution_cue_candidate"": 8, ""company_mention_SKH"": 16}","{""SKH"": 16}",1,0,1,UTF-8,1353,0,0.9295774647887324,"[{""kind_candidate"": ""published"", ""location"": ""/html/head/meta[36]/@content"", ""json_path"": null, ""normalized"": {""date"": ""2024-04-04"", ""precision"": ""date_only"", ""clock"": null, ""timezone"": null}, ""raw_sha256"": ""10ef6e3e1a41001e895673255e5b65e57e9d269ceb133e038120fe53f8767029"", ""basis"": ""meta""}, {""kind_candidate"": ""published"", ""location"": ""/html/head/meta[41]/@content"", ""json_path"": null, ""normalized"": {""date"": ""2024-04-04"", ""precision"": ""second"", ""clock"": ""03:50:00"", ""timezone"": ""+09:00""}, ""raw_sha256"": ""95c4f084639c8fedcf2317d16de9be4325a3aa8b4fc691ca9e32ccd7e0e5b3c8"", ""basis"": ""meta""}, {""kind_candidate"": ""published"", ""location"": ""/html/body/main/div/div[1]/article/div[1]/div[2]/div[1]/time"", ""json_path"": null, ""normalized"": {""date"": ""2024-04-04"", ""precision"": ""minute"", ""clock"": ""03:50"", ""timezone"": null}, ""raw_sha256"": ""484cf16edbfcc62fe02ed340a0f73ee1dd52a4a57a42bf601f47bb99d6cf1599"", ""basis"": ""visible_header""}]",compatible_at_shared_precision_pending_review,,1,0,2026-09-22T07:24:26.052214+00:00,pass,,,not_measured,not_measured,not_performed,raw/documents.jsonl
CAND-5e4b131be1a6a865,NEWS-5e4b131be1a6a865,,HANKYUNG,SKH-EARLY-INV-INDIANA,SKH,unknown_pending_article_body,,deferred_rights_research_permission_explicitly_denied_automated_access,unresolved,research_permission_explicitly_denied_automated_access,user_noncommercial_research,,artifacts\p0\domestic_pilot_20260922\collect_remaining\manifest.csv,p01-domestic-body-audit/0.1,pending_human_original_comparison,pending,provisional_rules_only,False,not_available,deferred_rights_research_permission_explicitly_denied_automated_access,,,,,,,,,,,,,,,,,,,,,,,,,,,,,,,,,,,,
CAND-93fb7f14e6aa58ee,NEWS-93fb7f14e6aa58ee,58a052053ab2df4ae991d58911d1b3fcb629880a3763decf7b2960a1069368d3,ZDNET_KR,SKH-EARLY-INV-INDIANA,SKH,unknown_pending_article_body,,downloaded_pending_audit,unresolved,user_research_authorized_source_rights_unresolved,user_noncommercial_research,,artifacts\p0\domestic_pilot_20260922\collect_remaining\manifest.csv,p01-domestic-body-audit/0.1,pending_human_original_comparison,pending,provisional_rules_only,False,local_diagnostics_pending_human,body_completeness_claim_alignment_and_human_review_pending,"//*[@id=""articleBody""]",1,58a052053ab2df4ae991d58911d1b3fcb629880a3763decf7b2960a1069368d3,/html/body/div[5]/div[1]/div[1]/div/div/div[4],a6376d6526f51736b83a58d5bc289791b386d0190858c03a0c239ec772202414,3531,3486,3993,507,9,70,24,40,94,"{""quote_candidate"": 13, ""number_candidate"": 29, ""number_unit_candidate"": 9, ""period_candidate"": 9, ""attribution_cue_candidate"": 9, ""company_mention_SKH"": 25}","{""SKH"": 25}",1,1,2,UTF-8,2056,0,0.8735632183908046,"[{""kind_candidate"": ""published"", ""location"": ""/html/head/meta[32]/@content"", ""json_path"": null, ""normalized"": {""date"": ""2024-04-04"", ""precision"": ""second"", ""clock"": ""03:50:01"", ""timezone"": ""+09:00""}, ""raw_sha256"": ""087011c0185acc94a3aa2c9d51c7ae4cc56cd571c1b24b84a145935d813fb161"", ""basis"": ""meta""}, {""kind_candidate"": ""modified"", ""location"": ""/html/head/meta[33]/@content"", ""json_path"": null, ""normalized"": {""date"": ""2024-04-12"", ""precision"": ""second"", ""clock"": ""15:04:28"", ""timezone"": ""+09:00""}, ""raw_sha256"": ""288dc711400e61b353872e5724fe9c411fafd14dd638b5f2ee4ac7dbbcb5f26d"", ""basis"": ""meta""}, {""kind_candidate"": ""published"", ""location"": ""/html/head/meta[40]/@content"", ""json_path"": null, ""normalized"": {""date"": ""2024-04-04"", ""precision"": ""second"", ""clock"": ""03:50:01"", ""timezone"": ""+09:00""}, ""raw_sha256"": ""087011c0185acc94a3aa2c9d51c7ae4cc56cd571c1b24b84a145935d813fb161"", ""basis"": ""meta""}, {""kind_candidate"": ""published"", ""location"": ""/html/body/div[5]/div[1]/div[1]/div/div/div[1]/p[2]"", ""json_path"": null, ""normalized"": {""date"": ""2024-04-04"", ""precision"": ""minute"", ""clock"": ""03:50"", ""timezone"": null}, ""raw_sha256"": ""cd2323ad285227d46f201e43d22f1c4dc1d17f178809f139631c57923517a1a1"", ""basis"": ""visible_header""}, {""kind_candidate"": ""modified"", ""location"": ""/html/body/div[5]/div[1]/div[1]/div/div/div[1]/p[2]"", ""json_path"": null, ""normalized"": {""date"": ""2024-04-12"", ""precision"": ""minute"", ""clock"": ""15:04"", ""timezone"": null}, ""raw_sha256"": ""3c154f425fd6b56a13a806b7fd9062215535341c77d3273a47bbe48cc2d2edc2"", ""basis"": ""visible_header""}, {""kind_candidate"": ""published"", ""location"": ""/html/head/script[1]"", ""json_path"": ""$.datePublished"", ""normalized"": {""date"": ""2024-04-04"", ""precision"": ""second"", ""clock"": ""03:50:01"", ""timezone"": ""+09:00""}, ""raw_sha256"": ""087011c0185acc94a3aa2c9d51c7ae4cc56cd571c1b24b84a145935d813fb161"", ""basis"": ""json_ld""}, {""kind_candidate"": ""modified"", ""location"": ""/html/head/script[1]"", ""json_path"": ""$.dateModified"", ""normalized"": {""date"": ""2024-04-12"", ""precision"": ""second"", ""clock"": ""15:04:28"", ""timezone"": ""+09:00""}, ""raw_sha256"": ""288dc711400e61b353872e5724fe9c411fafd14dd638b5f2ee4ac7dbbcb5f26d"", ""basis"": ""json_ld""}]",compatible_at_shared_precision_pending_review,,1,3,2026-09-22T07:24:28.820884+00:00,pass,,,not_measured,not_measured,not_performed,raw/documents.jsonl
