doc_id,revision_id,source_id,event_family_id,body_chars,sentence_candidates,eligible_sentence_candidates,mean_sentence_chars,median_sentence_chars,quoted_sentence_candidates,indirect_attribution_candidates,body_diagnostics,assessment
NEWS-2e6a4f94614f1e02,3516a5cadc3f0e1c8cbcd13bad7e2c4f5f2a9e71566daaba8a8f7cd82445c6ce,ZDNET_KR,SAM-EARLY-EARN-2024Q1,1211,11,8,85.09,74,3,2,,descriptive_rule_counts_content_genre_and_speaker_uncontrolled
NEWS-841fb4aaf6e16301,6c703bc157d8fd317143624fc866b2ac5c3707e21fe5e52e746dcbd3d4ccc5bc,ETNEWS,SAM-EARLY-EARN-2024Q1,1402,25,19,52.28,48,2,2,,descriptive_rule_counts_content_genre_and_speaker_uncontrolled
NEWS-101310c877eae582,360f7493222d4ebbd5e1bdd6395f42008702887fd4f2ad525f9decc2d1ca961a,EDAILY,SAM-EARLY-DEV-HBM3E12H,1829,21,18,82.29,86,3,2,,descriptive_rule_counts_content_genre_and_speaker_uncontrolled
NEWS-c37bb7c373a1ce35,1a816d8032047c6db67637048db268fb8f1370b65faef24ebd31f6dbaeeb72f0,ETNEWS,SAM-LATE-EARN-2026Q1,1490,22,18,65.36,52.5,2,1,,descriptive_rule_counts_content_genre_and_speaker_uncontrolled
NEWS-e5956a719c2acb3d,ca85357209a9c3256a7fd7b2b93c2bfff5abbd35dfc7eeb19c655da1b676f457,ZDNET_KR,SAM-EARLY-DEV-HBM3E12H,1766,19,16,77.53,78,1,1,,descriptive_rule_counts_content_genre_and_speaker_uncontrolled
NEWS-17ed102897bd3a4d,2589a1ffcaf2dc60eb0b2cdf15f2c0bd30370afb5fa6c53f21f8159c26017535,ETNEWS,SAM-EARLY-PROD-VNAND9,1187,19,12,60.16,53,1,3,,descriptive_rule_counts_content_genre_and_speaker_uncontrolled
NEWS-f32eb7be816b4b0a,e176c5c893cc577294ba449db263bd858e22e769a8782d7ac62ac3e33bd55fcd,ETNEWS,SAM-LATE-PROD-HBM4,924,18,11,48.78,47.5,1,1,,descriptive_rule_counts_content_genre_and_speaker_uncontrolled
NEWS-c986008a83b8e863,925bd4a6a75d33b6eab455b7e2cec2bf759b5ed9da9a0fb4485eb63b7f8231c8,EDAILY,SAM-LATE-PROD-HBM4,2396,36,29,63.17,64.0,5,1,,descriptive_rule_counts_content_genre_and_speaker_uncontrolled
NEWS-943c54423e0b510a,d5d83ab14f53f45de8de199105e827431cc9029213a3e42ad7e9f7da3d202450,ZDNET_KR,SAM-LATE-INV-AMD,2136,30,18,56.03,60.0,4,0,,descriptive_rule_counts_content_genre_and_speaker_uncontrolled
NEWS-01464710478b6a50,fcd2850364854a1942c660977e4be119350234c8465ca0ce2bbe89dcea9b5b84,ETNEWS,SAM-LATE-INV-AMD,1855,28,21,64.04,72.0,4,0,,descriptive_rule_counts_content_genre_and_speaker_uncontrolled
NEWS-d6ef03257775547f,052dae3bc012b8b67deef36fc6a6833b942a7d678eb06840d140ae0f92ec5f0c,ZDNET_KR,SKH-EARLY-EARN-2024Q1,346,4,1,42.75,40.5,0,0,short_body_manual_review,descriptive_rule_counts_content_genre_and_speaker_uncontrolled
NEWS-2940d12737ff63ed,e367b829c29bfbd471ef5a17ef1558bbe4f5faccaad4ea6b5487667c1c377ed3,EDAILY,SKH-LATE-EARN-2026Q1,1071,17,11,57.65,53,2,0,,descriptive_rule_counts_content_genre_and_speaker_uncontrolled
NEWS-e51cfe357b5ab59d,1f07dedbcd4557c5f4217e2ac346326d027c5828dd4a20178c5464b98016b0f9,ZDNET_KR,SKH-EARLY-DEV-HBM4SAMPLE,1203,12,10,77.08,62.5,2,1,,descriptive_rule_counts_content_genre_and_speaker_uncontrolled
NEWS-0339b616cc951dda,f05180d8b0f4a64d7797e3c3432b206593f02d27722fb76b88625ec4e9e16149,ETNEWS,SKH-EARLY-DEV-HBM4SAMPLE,1367,28,15,46.39,41.0,2,0,,descriptive_rule_counts_content_genre_and_speaker_uncontrolled
NEWS-8f7b59c78c5590e2,75dda617136cecb729c1204c27901dbff0e7cd5935c41fdb5feaa9fbeea3ccff,ZDNET_KR,SKH-LATE-DEV-HBM4READY,1758,15,13,98.33,89,3,1,,descriptive_rule_counts_content_genre_and_speaker_uncontrolled
NEWS-be71e3dc137fd53e,8e6dbd91c9003224dd63b949378e1553e5c9b79e01a450ddc2e1db5bf538453c,ETNEWS,SKH-LATE-DEV-HBM4READY,1100,15,11,70.87,53,3,2,,descriptive_rule_counts_content_genre_and_speaker_uncontrolled
NEWS-964d332319389cc2,38d6c7a499fc7ed4c604169d56267dfbc70f873219f35789e76f1f2133e5a0d8,ZDNET_KR,SKH-EARLY-PROD-HBM3E,1663,17,16,80.94,72,2,1,,descriptive_rule_counts_content_genre_and_speaker_uncontrolled
NEWS-0573f32d2a65b426,d1b21ef914dec89554fbd4fb181adfc691c1e8da2d710f42b52b9de2fc27c257,ETNEWS,SKH-EARLY-PROD-HBM3E,769,14,8,52.64,42.0,1,1,,descriptive_rule_counts_content_genre_and_speaker_uncontrolled
NEWS-02e770544a5cabc5,74d16c99e6a761a41d144c419065a10db44dcdfaa17c62414cc61393db8e8c41,ETNEWS,SKH-LATE-PROD-QLC321,859,14,9,58.93,58.5,1,4,,descriptive_rule_counts_content_genre_and_speaker_uncontrolled
NEWS-4777711726295645,9d741185c29ea6d67be7e22c0e932b84f837ce46b2d2694515f5b4934413f1c6,ZDNET_KR,SKH-LATE-PROD-QLC321,1544,16,15,78.81,63.0,2,1,,descriptive_rule_counts_content_genre_and_speaker_uncontrolled
NEWS-9d019270b624e4aa,e543e3b822b87c9d710f0660b6c9a96f04c5eaabb226b3beeede73ea513611e2,ETNEWS,SKH-EARLY-INV-INDIANA,2032,27,22,73.07,62,5,3,,descriptive_rule_counts_content_genre_and_speaker_uncontrolled
NEWS-93fb7f14e6aa58ee,58a052053ab2df4ae991d58911d1b3fcb629880a3763decf7b2960a1069368d3,ZDNET_KR,SKH-EARLY-INV-INDIANA,3531,40,30,77.7,73.0,8,3,,descriptive_rule_counts_content_genre_and_speaker_uncontrolled
