corpus_group,doc_id,revision_id,source_id,storage_uri,expected_sha256,observed_sha256,byte_size,integrity_status,published_date,time_precision,date_conflict
official_documents,SAM-2025-FY-DART,20260310002820,DART,artifacts/p0/raw/SAM-2025-FY-DART.zip,56aec6645106e1438845e6c583777e551915fec10c5eba0df0fad00679c918b4,56aec6645106e1438845e6c583777e551915fec10c5eba0df0fad00679c918b4,780394,pass,20260310,date,not_recorded
official_documents,SKH-2025-FY-DART,20260317000635,DART,artifacts/p0/raw/SKH-2025-FY-DART.zip,a35107e6d41e630edd035da243af5b876c2838533808ed2e0a21ff2b24c9c4f5,a35107e6d41e630edd035da243af5b876c2838533808ed2e0a21ff2b24c9c4f5,685293,pass,20260317,date,not_recorded
official_documents,SAM-2025Q4-IR,4559931039957693,SAMSUNG_IR,artifacts/p0/raw/SAM-2025Q4-IR.pdf,4559931039957693adf164a03a7ae76aaf2ff272c4e1ff8773a44c91ef3c3052,4559931039957693adf164a03a7ae76aaf2ff272c4e1ff8773a44c91ef3c3052,3116904,pass,,unknown,not_recorded
official_documents,SAM-2026Q1-IR,629eb49c47b483be,SAMSUNG_IR,artifacts/p0/raw/SAM-2026Q1-IR.pdf,629eb49c47b483be1d73ce5f1560f9570e347492e341d1713a5827cd50f46d59,629eb49c47b483be1d73ce5f1560f9570e347492e341d1713a5827cd50f46d59,3524225,pass,,unknown,not_recorded
official_documents,SKH-2025Q4-IR-ALT,581a8e28f3db3a5d,SKH_NEWSROOM,artifacts/p0/raw/SKH-2025Q4-IR-ALT.html,581a8e28f3db3a5daaf58d71ec5a29718113bd890af8222b1f3b535a4912e864,581a8e28f3db3a5daaf58d71ec5a29718113bd890af8222b1f3b535a4912e864,154554,pass,,unknown,not_recorded
official_documents,SKH-2026Q1-IR-ALT,c2fe1454c8e2362e,SKH_NEWSROOM,artifacts/p0/raw/SKH-2026Q1-IR-ALT.html,c2fe1454c8e2362e960d114a295737cf2eb384b49017043ebbc9401098637399,c2fe1454c8e2362e960d114a295737cf2eb384b49017043ebbc9401098637399,149645,pass,,unknown,not_recorded
official_documents,SAM-2024Q1-DART,20240516001421,DART,artifacts/p0/raw/SAM-2024Q1-DART.zip,a5b829d914c376ea66886bc7fa181ba969006e7c4a581891638f4f604a33ce15,a5b829d914c376ea66886bc7fa181ba969006e7c4a581891638f4f604a33ce15,258884,pass,20240516,date,not_recorded
official_documents,SAM-2024Q2-DART,20240814003284,DART,artifacts/p0/raw/SAM-2024Q2-DART.zip,b3efd5ad61258d8db82f7a87d296bedb6513562a6b00bbb62b9f1641a8c70166,b3efd5ad61258d8db82f7a87d296bedb6513562a6b00bbb62b9f1641a8c70166,378450,pass,20240814,date,not_recorded
official_documents,SAM-2024Q3-DART,20241114002642,DART,artifacts/p0/raw/SAM-2024Q3-DART.zip,c04396d14e99f1811620ce571ee88c4941f1ec0eba2648efa96baf03bf9e5fa5,c04396d14e99f1811620ce571ee88c4941f1ec0eba2648efa96baf03bf9e5fa5,263255,pass,20241114,date,not_recorded
official_documents,SAM-2024Q4-DART,20250311001085,DART,artifacts/p0/raw/SAM-2024Q4-DART.zip,606ffc728a5a275fcfc27d798560f3fd73e9880641399389d72b35fdc1fbb2d6,606ffc728a5a275fcfc27d798560f3fd73e9880641399389d72b35fdc1fbb2d6,676026,pass,20250311,date,not_recorded
official_documents,SAM-2025Q1-DART,20250515001922,DART,artifacts/p0/raw/SAM-2025Q1-DART.zip,82d6fae2a6ce6ec2b0b750e112ae8b34609881bbb7277854f0c7c5012268c8f7,82d6fae2a6ce6ec2b0b750e112ae8b34609881bbb7277854f0c7c5012268c8f7,295923,pass,20250515,date,not_recorded
official_documents,SAM-2025Q2-DART,20250814003156,DART,artifacts/p0/raw/SAM-2025Q2-DART.zip,459beb75bd07240bc0692f9e2ce5a850fca39e852ecdabfeef33fb22b39dc897,459beb75bd07240bc0692f9e2ce5a850fca39e852ecdabfeef33fb22b39dc897,474331,pass,20250814,date,not_recorded
official_documents,SAM-2025Q3-DART,20251114002447,DART,artifacts/p0/raw/SAM-2025Q3-DART.zip,54987b245dd8938c14dd1fe5c2a53a93951ccdd3e81151dc2609a912b61a8abc,54987b245dd8938c14dd1fe5c2a53a93951ccdd3e81151dc2609a912b61a8abc,359440,pass,20251114,date,not_recorded
official_documents,SAM-2026Q1-DART,20260515002181,DART,artifacts/p0/raw/SAM-2026Q1-DART.zip,abfe91f6c1a1304ad6cab42143868ea0c4f474c929dec7cd9fbaf20d02dcaf72,abfe91f6c1a1304ad6cab42143868ea0c4f474c929dec7cd9fbaf20d02dcaf72,351660,pass,20260515,date,not_recorded
official_documents,SAM-2026Q2-DART,20260814003699,DART,artifacts/p0/raw/SAM-2026Q2-DART.zip,b1799f30f4dbd6da79bced771eee139ed622cfd2a2edeb047824b9e1091f39ec,b1799f30f4dbd6da79bced771eee139ed622cfd2a2edeb047824b9e1091f39ec,526304,pass,20260814,date,not_recorded
official_documents,SKH-2024Q1-DART,20240516001638,DART,artifacts/p0/raw/SKH-2024Q1-DART.zip,a884c5b32f374c2005008c8c270c6c5c3539d98ca4c4c4b563382411bc172fe9,a884c5b32f374c2005008c8c270c6c5c3539d98ca4c4c4b563382411bc172fe9,184114,pass,20240516,date,not_recorded
official_documents,SKH-2024Q2-DART,20240814001887,DART,artifacts/p0/raw/SKH-2024Q2-DART.zip,a1d114af6f00866692edb2447ccccd5185b7627bfcf69785dd9a6dab351ccf66,a1d114af6f00866692edb2447ccccd5185b7627bfcf69785dd9a6dab351ccf66,297506,pass,20240814,date,not_recorded
official_documents,SKH-2024Q3-DART,20241114001712,DART,artifacts/p0/raw/SKH-2024Q3-DART.zip,7e6c082b12856b9a8afb524147e87046688e520b8f464a278859e3d6883d3bc2,7e6c082b12856b9a8afb524147e87046688e520b8f464a278859e3d6883d3bc2,194108,pass,20241114,date,not_recorded
official_documents,SKH-2024Q4-DART,20250319000665,DART,artifacts/p0/raw/SKH-2024Q4-DART.zip,aeceed9e9190e8736749130e618f58a2df1b8edf290f4d1706b07bd341c0cb41,aeceed9e9190e8736749130e618f58a2df1b8edf290f4d1706b07bd341c0cb41,593574,pass,20250319,date,not_recorded
official_documents,SKH-2025Q1-DART,20250515002103,DART,artifacts/p0/raw/SKH-2025Q1-DART.zip,6eadd018b5979c108d58a635a10c0fb97563259d2ccce30343defc2d164f9d83,6eadd018b5979c108d58a635a10c0fb97563259d2ccce30343defc2d164f9d83,228171,pass,20250515,date,not_recorded
official_documents,SKH-2025Q2-DART,20250814003049,DART,artifacts/p0/raw/SKH-2025Q2-DART.zip,ac355f12b360fedf8146ffb700172080274e9dcaf93461b0d8310af966a20c94,ac355f12b360fedf8146ffb700172080274e9dcaf93461b0d8310af966a20c94,389050,pass,20250814,date,not_recorded
official_documents,SKH-2025Q3-DART,20251114001805,DART,artifacts/p0/raw/SKH-2025Q3-DART.zip,30405a45453d1c89d784ec2e29a8e09addeb096edf305f2c12b486528810f53c,30405a45453d1c89d784ec2e29a8e09addeb096edf305f2c12b486528810f53c,296988,pass,20251114,date,not_recorded
official_documents,SKH-2026Q1-DART,20260515002287,DART,artifacts/p0/raw/SKH-2026Q1-DART.zip,f4b6e6f5631c989613b02b695b3aa5299c0131523d77dbf97d1294e5fc05d6f5,f4b6e6f5631c989613b02b695b3aa5299c0131523d77dbf97d1294e5fc05d6f5,293059,pass,20260515,date,not_recorded
official_documents,SKH-2026Q2-DART,20260814003509,DART,artifacts/p0/raw/SKH-2026Q2-DART.zip,0298aad7ccdbef3910383eecaf0b8d000316bdca1ffcba873e4a9b2e14695083,0298aad7ccdbef3910383eecaf0b8d000316bdca1ffcba873e4a9b2e14695083,419763,pass,20260814,date,not_recorded
official_documents,SAM-2024Q1-IR,3704942ea4a57008,SAMSUNG_IR,artifacts/p0/raw/SAM-2024Q1-IR.pdf,3704942ea4a57008c6633f917abc0a68167fe8b8739cf68ffca2de1fd4adaea6,3704942ea4a57008c6633f917abc0a68167fe8b8739cf68ffca2de1fd4adaea6,3226935,pass,,unknown,not_recorded
official_documents,SAM-2024Q2-IR,07eda5c5913e409d,SAMSUNG_IR,artifacts/p0/raw/SAM-2024Q2-IR.pdf,07eda5c5913e409d29f82be775ebf1f45aa24e1d759710b130414cf4ea7d2c89,07eda5c5913e409d29f82be775ebf1f45aa24e1d759710b130414cf4ea7d2c89,3304891,pass,,unknown,not_recorded
official_documents,SAM-2024Q3-IR,1bcd023cf6e184f4,SAMSUNG_IR,artifacts/p0/raw/SAM-2024Q3-IR.pdf,1bcd023cf6e184f4e813286031f9c585cb7a33f994c4bc51f6f1cb81452516a3,1bcd023cf6e184f4e813286031f9c585cb7a33f994c4bc51f6f1cb81452516a3,3594885,pass,,unknown,not_recorded
official_documents,SAM-2024Q4-IR,dfcbb562d8ca2d0c,SAMSUNG_IR,artifacts/p0/raw/SAM-2024Q4-IR.pdf,dfcbb562d8ca2d0c475a18e1ac6390deb8a71ed5cdfff5efea2de6bca4f9d5da,dfcbb562d8ca2d0c475a18e1ac6390deb8a71ed5cdfff5efea2de6bca4f9d5da,3008801,pass,,unknown,not_recorded
official_documents,SAM-2025Q1-IR,640f16bcbfacfb51,SAMSUNG_IR,artifacts/p0/raw/SAM-2025Q1-IR.pdf,640f16bcbfacfb519c10c37cdbd7f415739d049423517965474755f6942e4b82,640f16bcbfacfb519c10c37cdbd7f415739d049423517965474755f6942e4b82,2992975,pass,,unknown,not_recorded
official_documents,SAM-2025Q2-IR,418b375ae3d54132,SAMSUNG_IR,artifacts/p0/raw/SAM-2025Q2-IR.pdf,418b375ae3d54132d9f215937e95195ea4734c321ac410c2bb40e753e04ba488,418b375ae3d54132d9f215937e95195ea4734c321ac410c2bb40e753e04ba488,2984664,pass,,unknown,not_recorded
official_documents,SAM-2025Q3-IR,4171272e07dabbfa,SAMSUNG_IR,artifacts/p0/raw/SAM-2025Q3-IR.pdf,4171272e07dabbfa104fe2d1af2a6abc71edefc682fc7d8b103571192f37cca0,4171272e07dabbfa104fe2d1af2a6abc71edefc682fc7d8b103571192f37cca0,3138297,pass,,unknown,not_recorded
official_documents,SAM-2026Q2-IR,481ff0158bbd94c8,SAMSUNG_IR,artifacts/p0/raw/SAM-2026Q2-IR.pdf,481ff0158bbd94c8ad8f82c6a1db58c850159bbc8f2dfbb34afa78cde3111f3b,481ff0158bbd94c8ad8f82c6a1db58c850159bbc8f2dfbb34afa78cde3111f3b,3538204,pass,,unknown,not_recorded
official_documents,SKH-2024Q1-IR,095dfb7262a4ab45,SKH_IR,artifacts/p0/raw/SKH-2024Q1-IR.pdf,095dfb7262a4ab45625aff15d67dc78d440349127aca1a7ae56b5fea2c256841,095dfb7262a4ab45625aff15d67dc78d440349127aca1a7ae56b5fea2c256841,3584371,pass,,unknown,not_recorded
official_documents,SKH-2024Q2-IR,2b3eeae58857c1a7,SKH_IR,artifacts/p0/raw/SKH-2024Q2-IR.pdf,2b3eeae58857c1a7975fe30e143d92eeed43b0643f308abc0b24e279339cc4fc,2b3eeae58857c1a7975fe30e143d92eeed43b0643f308abc0b24e279339cc4fc,2370523,pass,,unknown,not_recorded
official_documents,SKH-2024Q3-IR,7c32fa5eb98ec393,SKH_IR,artifacts/p0/raw/SKH-2024Q3-IR.pdf,7c32fa5eb98ec39345b4615cfd336eaa3f357824635834249981e4201b9c42b9,7c32fa5eb98ec39345b4615cfd336eaa3f357824635834249981e4201b9c42b9,2149550,pass,,unknown,not_recorded
official_documents,SKH-2024Q4-IR,985b58ab9d72b5e4,SKH_IR,artifacts/p0/raw/SKH-2024Q4-IR.pdf,985b58ab9d72b5e4f88e20a57404c14d40aa79f399876862b00314f028338ac5,985b58ab9d72b5e4f88e20a57404c14d40aa79f399876862b00314f028338ac5,3248457,pass,,unknown,not_recorded
official_documents,SKH-2025Q1-IR,fe8e2858f2818eaa,SKH_IR,artifacts/p0/raw/SKH-2025Q1-IR.pdf,fe8e2858f2818eaa4401c609deec9b6d6330e9cb72d5fdbd61433d651da58184,fe8e2858f2818eaa4401c609deec9b6d6330e9cb72d5fdbd61433d651da58184,2437706,pass,,unknown,not_recorded
official_documents,SKH-2025Q2-IR,728f54d5c1d4be1f,SKH_IR,artifacts/p0/raw/SKH-2025Q2-IR.pdf,728f54d5c1d4be1f64f613c4bde69fbf612f80e933fd8160d01ab193fbcdb32a,728f54d5c1d4be1f64f613c4bde69fbf612f80e933fd8160d01ab193fbcdb32a,2460040,pass,,unknown,not_recorded
official_documents,SKH-2025Q3-IR,6a857d9ff35c9967,SKH_IR,artifacts/p0/raw/SKH-2025Q3-IR.pdf,6a857d9ff35c9967dcd028fd438141599557e0f3671c99f3bd94227095ae892a,6a857d9ff35c9967dcd028fd438141599557e0f3671c99f3bd94227095ae892a,2161801,pass,,unknown,not_recorded
official_documents,SKH-2025Q4-IR,e81b27d744d44923,SKH_IR,artifacts/p0/raw/SKH-2025Q4-IR.pdf,e81b27d744d449234e78a6b84cf32eae8064277ba4222a35404d57868ca13081,e81b27d744d449234e78a6b84cf32eae8064277ba4222a35404d57868ca13081,3251114,pass,,unknown,not_recorded
official_documents,SKH-2026Q1-IR,c7fc763e5b93cbd6,SKH_IR,artifacts/p0/raw/SKH-2026Q1-IR.pdf,c7fc763e5b93cbd656ae909587e02ef0d4322eebaffc9decca5df51996174e75,c7fc763e5b93cbd656ae909587e02ef0d4322eebaffc9decca5df51996174e75,3009444,pass,,unknown,not_recorded
official_documents,SKH-2026Q2-IR,332909850fc2c959,SKH_IR,artifacts/p0/raw/SKH-2026Q2-IR.pdf,332909850fc2c95989b5f4d7c4385fbf9f36bb6d1f60585430daa7edabc3eee5,332909850fc2c95989b5f4d7c4385fbf9f36bb6d1f60585430daa7edabc3eee5,3024827,pass,,unknown,not_recorded
official_news_pilot,SAM-2024Q1-NEWS-HBM3E,62ca908dad13e578,SAM_NEWSROOM,artifacts/p0/news_raw/SAM-2024Q1-NEWS-HBM3E.html,62ca908dad13e578c41534e4740b00da455ecfd55c2c0cd8dddf1555888e7c22,62ca908dad13e578c41534e4740b00da455ecfd55c2c0cd8dddf1555888e7c22,137428,pass,2024-02-27,date_only,False
official_news_pilot,SAM-2026Q1-NEWS-HBM4,803cea72f2a35573,SAM_NEWSROOM,artifacts/p0/news_raw/SAM-2026Q1-NEWS-HBM4.html,803cea72f2a355734d6db117d046955c007b798286a56e2852148eea43e684cd,803cea72f2a355734d6db117d046955c007b798286a56e2852148eea43e684cd,144971,pass,2026-02-12,date_only,False
official_news_pilot,SKH-2025Q4-IR-ALT,581a8e28f3db3a5d,SKH_NEWSROOM,artifacts/p0/raw/SKH-2025Q4-IR-ALT.html,581a8e28f3db3a5daaf58d71ec5a29718113bd890af8222b1f3b535a4912e864,581a8e28f3db3a5daaf58d71ec5a29718113bd890af8222b1f3b535a4912e864,154554,pass,2026-01-28,date_only,False
official_news_pilot,SKH-2026Q1-IR-ALT,c2fe1454c8e2362e,SKH_NEWSROOM,artifacts/p0/raw/SKH-2026Q1-IR-ALT.html,c2fe1454c8e2362e960d114a295737cf2eb384b49017043ebbc9401098637399,c2fe1454c8e2362e960d114a295737cf2eb384b49017043ebbc9401098637399,149645,pass,2026-04-22,date_only,True
