path,sha256_before,sha256_after,unchanged
artifacts/p0/document_manifest.csv,56d04bcc532ef520e435551627a2bc230cfc51e82f62c2ebfb840987ff133fc2,56d04bcc532ef520e435551627a2bc230cfc51e82f62c2ebfb840987ff133fc2,True
artifacts/p0/news_manifest.csv,9deb03f66560a280c898e2c53d67e34d911feb9b32da11f5d72bd8a820493aff,9deb03f66560a280c898e2c53d67e34d911feb9b32da11f5d72bd8a820493aff,True
artifacts/p0/news_body_manifest.csv,fa2609aa9dfeb3ac247ab695d6ef4330430673f06374fa25215d9ac95a653322,fa2609aa9dfeb3ac247ab695d6ef4330430673f06374fa25215d9ac95a653322,True
artifacts/p0/coverage_matrix.csv,cc14d715d08f5839f7feeab02c0d95b85c61dde7a47f3578f1490eb14d38bc55,cc14d715d08f5839f7feeab02c0d95b85c61dde7a47f3578f1490eb14d38bc55,True
artifacts/p0/entities.csv,b1f0feda58d6da05247749b7d5b6371486f752f694560024cb534087ca4fb0cd,b1f0feda58d6da05247749b7d5b6371486f752f694560024cb534087ca4fb0cd,True
artifacts/p0/company_overview.csv,959a0ba3a8b5358aeeea4906b66ddac777d89894c1f68a23b97b777dacf5b2a4,959a0ba3a8b5358aeeea4906b66ddac777d89894c1f68a23b97b777dacf5b2a4,True
artifacts/p0/access_trials.csv,759649536f1e4e5cb1c8c1a9fd100ba1fb66d60bfb21957849304bbdf85a26a7,759649536f1e4e5cb1c8c1a9fd100ba1fb66d60bfb21957849304bbdf85a26a7,True
artifacts/p0/parser_trials.csv,fdaaac52ca508f659488c48453c2c5a50f7aa1b4a778a7ff7f9d201d4bad0e93,fdaaac52ca508f659488c48453c2c5a50f7aa1b4a778a7ff7f9d201d4bad0e93,True
artifacts/p0/extraction_audit.csv,d1305dc7abf608326dc3761d0406e7fed2d70d945eb9d8b06baeb3e1900b24df,d1305dc7abf608326dc3761d0406e7fed2d70d945eb9d8b06baeb3e1900b24df,True
artifacts/p0/numeric_reconciliation.csv,9aa2cfd9bbbdb99af7a9d178462c6023205ce994bb5e8295dec499daa6d14dcd,9aa2cfd9bbbdb99af7a9d178462c6023205ce994bb5e8295dec499daa6d14dcd,True
artifacts/p0/document_relations.csv,78587b3755b3fe398fc684c95c55881f444101ac87c1247a7b5bea812ed7dd3b,78587b3755b3fe398fc684c95c55881f444101ac87c1247a7b5bea812ed7dd3b,True
artifacts/p0/block_counts.csv,6760ddd462c8e08349c0c2cef6470a670e80dd9773aa7b3aa4688e6a980182b6,6760ddd462c8e08349c0c2cef6470a670e80dd9773aa7b3aa4688e6a980182b6,True
artifacts/p0/table_registry.csv,62c5f822e18562dd4d8692d9e3e2d4ad1a4458931e298dfa2796827e1349b86a,62c5f822e18562dd4d8692d9e3e2d4ad1a4458931e298dfa2796827e1349b86a,True
artifacts/p0/block_validation.json,801ad2fda6e2275e3250a12efc5f53c9510422d34fb4c7ee9fba04f01547cf1a,801ad2fda6e2275e3250a12efc5f53c9510422d34fb4c7ee9fba04f01547cf1a,True
artifacts/p0/source_registry.csv,e094a436e2e8000b4e768426d7ba2fa714954ec178835377658c833f8fc54e83,e094a436e2e8000b4e768426d7ba2fa714954ec178835377658c833f8fc54e83,True
artifacts/p0/scope.md,13492ab293ea14d207917571010dd43124898a62b1c41eb335c09cbce12b19eb,13492ab293ea14d207917571010dd43124898a62b1c41eb335c09cbce12b19eb,True
artifacts/p0/data_feasibility.md,6babe1f7009c5fcd5a337e55369c8334e565ea1ba85ac551b504f033ec1f1476,6babe1f7009c5fcd5a337e55369c8334e565ea1ba85ac551b504f033ec1f1476,True
artifacts/p0/document_selection.md,e121443db162c140f1e48beea8da644ba5f7a51b70affefb7355766b5bff479a,e121443db162c140f1e48beea8da644ba5f7a51b70affefb7355766b5bff479a,True
