review_slot_id,candidate_id,doc_id,revision_id,source_id,event_family_id,selection_rank,selection_basis,short_body_priority,reviewer_slot,reviewer_name,review_status,independent_review_required,review_dimensions,source_url,body_sha256,body_xpath,private_document_ref,sentence_index_ref,completed_at,decision,review_notes
P01-20260922-01-R1,CAND-d6ef03257775547f,NEWS-d6ef03257775547f,052dae3bc012b8b67deef36fc6a6833b942a7d678eb06840d140ae0f92ec5f0c,ZDNET_KR,SKH-EARLY-EARN-2024Q1,1,short_body_first_then_family_diversity_then_source_balance,True,human_reviewer_1,unassigned,pending,True,body_completeness|byline_dates|genre|origin|scope|event_link|claim_alignment|speaker_position,https://zdnet.co.kr/view/?no=20240425080841,95b39bd1f1164278e68003e6b35a3018c60dc002af1818d8de7116f708411717,/html/body/div[5]/div[1]/div[1]/div/div/div[4],artifacts\p0\domestic_pilot_20260922\body_audit_003\raw\documents.jsonl#doc_id=NEWS-d6ef03257775547f,artifacts\p0\domestic_pilot_20260922\body_audit_003\sentence_index.jsonl#doc_id=NEWS-d6ef03257775547f,,,
P01-20260922-01-R2,CAND-d6ef03257775547f,NEWS-d6ef03257775547f,052dae3bc012b8b67deef36fc6a6833b942a7d678eb06840d140ae0f92ec5f0c,ZDNET_KR,SKH-EARLY-EARN-2024Q1,1,short_body_first_then_family_diversity_then_source_balance,True,human_reviewer_2,unassigned,pending,True,body_completeness|byline_dates|genre|origin|scope|event_link|claim_alignment|speaker_position,https://zdnet.co.kr/view/?no=20240425080841,95b39bd1f1164278e68003e6b35a3018c60dc002af1818d8de7116f708411717,/html/body/div[5]/div[1]/div[1]/div/div/div[4],artifacts\p0\domestic_pilot_20260922\body_audit_003\raw\documents.jsonl#doc_id=NEWS-d6ef03257775547f,artifacts\p0\domestic_pilot_20260922\body_audit_003\sentence_index.jsonl#doc_id=NEWS-d6ef03257775547f,,,
P01-20260922-02-R1,CAND-841fb4aaf6e16301,NEWS-841fb4aaf6e16301,6c703bc157d8fd317143624fc866b2ac5c3707e21fe5e52e746dcbd3d4ccc5bc,ETNEWS,SAM-EARLY-EARN-2024Q1,2,short_body_first_then_family_diversity_then_source_balance,False,human_reviewer_1,unassigned,pending,True,body_completeness|byline_dates|genre|origin|scope|event_link|claim_alignment|speaker_position,https://www.etnews.com/20240430000247,4fee29306ee64f62e35a3083226f847e45085d5d53802ea5bdf284a6d44f889e,/html/body/main/div/div[1]/article/div[2],artifacts\p0\domestic_pilot_20260922\body_audit_003\raw\documents.jsonl#doc_id=NEWS-841fb4aaf6e16301,artifacts\p0\domestic_pilot_20260922\body_audit_003\sentence_index.jsonl#doc_id=NEWS-841fb4aaf6e16301,,,
P01-20260922-02-R2,CAND-841fb4aaf6e16301,NEWS-841fb4aaf6e16301,6c703bc157d8fd317143624fc866b2ac5c3707e21fe5e52e746dcbd3d4ccc5bc,ETNEWS,SAM-EARLY-EARN-2024Q1,2,short_body_first_then_family_diversity_then_source_balance,False,human_reviewer_2,unassigned,pending,True,body_completeness|byline_dates|genre|origin|scope|event_link|claim_alignment|speaker_position,https://www.etnews.com/20240430000247,4fee29306ee64f62e35a3083226f847e45085d5d53802ea5bdf284a6d44f889e,/html/body/main/div/div[1]/article/div[2],artifacts\p0\domestic_pilot_20260922\body_audit_003\raw\documents.jsonl#doc_id=NEWS-841fb4aaf6e16301,artifacts\p0\domestic_pilot_20260922\body_audit_003\sentence_index.jsonl#doc_id=NEWS-841fb4aaf6e16301,,,
P01-20260922-03-R1,CAND-101310c877eae582,NEWS-101310c877eae582,360f7493222d4ebbd5e1bdd6395f42008702887fd4f2ad525f9decc2d1ca961a,EDAILY,SAM-EARLY-DEV-HBM3E12H,3,short_body_first_then_family_diversity_then_source_balance,False,human_reviewer_1,unassigned,pending,True,body_completeness|byline_dates|genre|origin|scope|event_link|claim_alignment|speaker_position,https://www.edaily.co.kr/News/Read?mediaCodeNo=257&newsId=02066406638794784,43a2d2216265219d8a2a2bdd790ccc58c45b2f1020ebcc0518d4687e74a9193a,/html/body/div/div[5]/section[1]/section[1]/div[1]/div[3]/div[1],artifacts\p0\domestic_pilot_20260922\body_audit_003\raw\documents.jsonl#doc_id=NEWS-101310c877eae582,artifacts\p0\domestic_pilot_20260922\body_audit_003\sentence_index.jsonl#doc_id=NEWS-101310c877eae582,,,
P01-20260922-03-R2,CAND-101310c877eae582,NEWS-101310c877eae582,360f7493222d4ebbd5e1bdd6395f42008702887fd4f2ad525f9decc2d1ca961a,EDAILY,SAM-EARLY-DEV-HBM3E12H,3,short_body_first_then_family_diversity_then_source_balance,False,human_reviewer_2,unassigned,pending,True,body_completeness|byline_dates|genre|origin|scope|event_link|claim_alignment|speaker_position,https://www.edaily.co.kr/News/Read?mediaCodeNo=257&newsId=02066406638794784,43a2d2216265219d8a2a2bdd790ccc58c45b2f1020ebcc0518d4687e74a9193a,/html/body/div/div[5]/section[1]/section[1]/div[1]/div[3]/div[1],artifacts\p0\domestic_pilot_20260922\body_audit_003\raw\documents.jsonl#doc_id=NEWS-101310c877eae582,artifacts\p0\domestic_pilot_20260922\body_audit_003\sentence_index.jsonl#doc_id=NEWS-101310c877eae582,,,
P01-20260922-04-R1,CAND-c37bb7c373a1ce35,NEWS-c37bb7c373a1ce35,1a816d8032047c6db67637048db268fb8f1370b65faef24ebd31f6dbaeeb72f0,ETNEWS,SAM-LATE-EARN-2026Q1,4,short_body_first_then_family_diversity_then_source_balance,False,human_reviewer_1,unassigned,pending,True,body_completeness|byline_dates|genre|origin|scope|event_link|claim_alignment|speaker_position,https://www.etnews.com/20260430000211,5fcdbc2fee86d668113b9b1bbd133d72cf841fdef9906e855b7214659b299c89,/html/body/main/div/div[1]/article/div[2],artifacts\p0\domestic_pilot_20260922\body_audit_003\raw\documents.jsonl#doc_id=NEWS-c37bb7c373a1ce35,artifacts\p0\domestic_pilot_20260922\body_audit_003\sentence_index.jsonl#doc_id=NEWS-c37bb7c373a1ce35,,,
P01-20260922-04-R2,CAND-c37bb7c373a1ce35,NEWS-c37bb7c373a1ce35,1a816d8032047c6db67637048db268fb8f1370b65faef24ebd31f6dbaeeb72f0,ETNEWS,SAM-LATE-EARN-2026Q1,4,short_body_first_then_family_diversity_then_source_balance,False,human_reviewer_2,unassigned,pending,True,body_completeness|byline_dates|genre|origin|scope|event_link|claim_alignment|speaker_position,https://www.etnews.com/20260430000211,5fcdbc2fee86d668113b9b1bbd133d72cf841fdef9906e855b7214659b299c89,/html/body/main/div/div[1]/article/div[2],artifacts\p0\domestic_pilot_20260922\body_audit_003\raw\documents.jsonl#doc_id=NEWS-c37bb7c373a1ce35,artifacts\p0\domestic_pilot_20260922\body_audit_003\sentence_index.jsonl#doc_id=NEWS-c37bb7c373a1ce35,,,
P01-20260922-05-R1,CAND-c986008a83b8e863,NEWS-c986008a83b8e863,925bd4a6a75d33b6eab455b7e2cec2bf759b5ed9da9a0fb4485eb63b7f8231c8,EDAILY,SAM-LATE-PROD-HBM4,5,short_body_first_then_family_diversity_then_source_balance,False,human_reviewer_1,unassigned,pending,True,body_completeness|byline_dates|genre|origin|scope|event_link|claim_alignment|speaker_position,https://www.edaily.co.kr/news/read?mediaCodeNo=257&newsId=05533366645349864,486ae8c8d21a3d889ccc9ed633c2e2461d83f045e3dd8b5145283b4bcc3e57dc,/html/body/div/div[5]/section[1]/section[1]/div[1]/div[3]/div[1],artifacts\p0\domestic_pilot_20260922\body_audit_003\raw\documents.jsonl#doc_id=NEWS-c986008a83b8e863,artifacts\p0\domestic_pilot_20260922\body_audit_003\sentence_index.jsonl#doc_id=NEWS-c986008a83b8e863,,,
P01-20260922-05-R2,CAND-c986008a83b8e863,NEWS-c986008a83b8e863,925bd4a6a75d33b6eab455b7e2cec2bf759b5ed9da9a0fb4485eb63b7f8231c8,EDAILY,SAM-LATE-PROD-HBM4,5,short_body_first_then_family_diversity_then_source_balance,False,human_reviewer_2,unassigned,pending,True,body_completeness|byline_dates|genre|origin|scope|event_link|claim_alignment|speaker_position,https://www.edaily.co.kr/news/read?mediaCodeNo=257&newsId=05533366645349864,486ae8c8d21a3d889ccc9ed633c2e2461d83f045e3dd8b5145283b4bcc3e57dc,/html/body/div/div[5]/section[1]/section[1]/div[1]/div[3]/div[1],artifacts\p0\domestic_pilot_20260922\body_audit_003\raw\documents.jsonl#doc_id=NEWS-c986008a83b8e863,artifacts\p0\domestic_pilot_20260922\body_audit_003\sentence_index.jsonl#doc_id=NEWS-c986008a83b8e863,,,
P01-20260922-06-R1,CAND-943c54423e0b510a,NEWS-943c54423e0b510a,d5d83ab14f53f45de8de199105e827431cc9029213a3e42ad7e9f7da3d202450,ZDNET_KR,SAM-LATE-INV-AMD,6,short_body_first_then_family_diversity_then_source_balance,False,human_reviewer_1,unassigned,pending,True,body_completeness|byline_dates|genre|origin|scope|event_link|claim_alignment|speaker_position,https://zdnet.co.kr/view/?no=20260318160725,706ca46a44914ac2f438ae57ea79101c72cf265da6b30e9c03463e5a64df45a6,/html/body/div[5]/div[1]/div[1]/div/div/div[4],artifacts\p0\domestic_pilot_20260922\body_audit_003\raw\documents.jsonl#doc_id=NEWS-943c54423e0b510a,artifacts\p0\domestic_pilot_20260922\body_audit_003\sentence_index.jsonl#doc_id=NEWS-943c54423e0b510a,,,
P01-20260922-06-R2,CAND-943c54423e0b510a,NEWS-943c54423e0b510a,d5d83ab14f53f45de8de199105e827431cc9029213a3e42ad7e9f7da3d202450,ZDNET_KR,SAM-LATE-INV-AMD,6,short_body_first_then_family_diversity_then_source_balance,False,human_reviewer_2,unassigned,pending,True,body_completeness|byline_dates|genre|origin|scope|event_link|claim_alignment|speaker_position,https://zdnet.co.kr/view/?no=20260318160725,706ca46a44914ac2f438ae57ea79101c72cf265da6b30e9c03463e5a64df45a6,/html/body/div[5]/div[1]/div[1]/div/div/div[4],artifacts\p0\domestic_pilot_20260922\body_audit_003\raw\documents.jsonl#doc_id=NEWS-943c54423e0b510a,artifacts\p0\domestic_pilot_20260922\body_audit_003\sentence_index.jsonl#doc_id=NEWS-943c54423e0b510a,,,
P01-20260922-07-R1,CAND-17ed102897bd3a4d,NEWS-17ed102897bd3a4d,2589a1ffcaf2dc60eb0b2cdf15f2c0bd30370afb5fa6c53f21f8159c26017535,ETNEWS,SAM-EARLY-PROD-VNAND9,7,short_body_first_then_family_diversity_then_source_balance,False,human_reviewer_1,unassigned,pending,True,body_completeness|byline_dates|genre|origin|scope|event_link|claim_alignment|speaker_position,https://www.etnews.com/20240423000216,a9672226a3aafeb9389e854145e17dc116576ace9e208bd41747bcfb36736ac9,/html/body/main/div/div[1]/article/div[2],artifacts\p0\domestic_pilot_20260922\body_audit_003\raw\documents.jsonl#doc_id=NEWS-17ed102897bd3a4d,artifacts\p0\domestic_pilot_20260922\body_audit_003\sentence_index.jsonl#doc_id=NEWS-17ed102897bd3a4d,,,
P01-20260922-07-R2,CAND-17ed102897bd3a4d,NEWS-17ed102897bd3a4d,2589a1ffcaf2dc60eb0b2cdf15f2c0bd30370afb5fa6c53f21f8159c26017535,ETNEWS,SAM-EARLY-PROD-VNAND9,7,short_body_first_then_family_diversity_then_source_balance,False,human_reviewer_2,unassigned,pending,True,body_completeness|byline_dates|genre|origin|scope|event_link|claim_alignment|speaker_position,https://www.etnews.com/20240423000216,a9672226a3aafeb9389e854145e17dc116576ace9e208bd41747bcfb36736ac9,/html/body/main/div/div[1]/article/div[2],artifacts\p0\domestic_pilot_20260922\body_audit_003\raw\documents.jsonl#doc_id=NEWS-17ed102897bd3a4d,artifacts\p0\domestic_pilot_20260922\body_audit_003\sentence_index.jsonl#doc_id=NEWS-17ed102897bd3a4d,,,
P01-20260922-08-R1,CAND-2940d12737ff63ed,NEWS-2940d12737ff63ed,e367b829c29bfbd471ef5a17ef1558bbe4f5faccaad4ea6b5487667c1c377ed3,EDAILY,SKH-LATE-EARN-2026Q1,8,short_body_first_then_family_diversity_then_source_balance,False,human_reviewer_1,unassigned,pending,True,body_completeness|byline_dates|genre|origin|scope|event_link|claim_alignment|speaker_position,https://www.edaily.co.kr/News/Read?mediaCodeNo=257&newsId=02761766645419072,d632cf876493a2ad38e0656980f57537f823c38c4f70ca33db2bdb041f7e7a8c,/html/body/div/div[5]/section[1]/section[1]/div[1]/div[3]/div[1],artifacts\p0\domestic_pilot_20260922\body_audit_003\raw\documents.jsonl#doc_id=NEWS-2940d12737ff63ed,artifacts\p0\domestic_pilot_20260922\body_audit_003\sentence_index.jsonl#doc_id=NEWS-2940d12737ff63ed,,,
P01-20260922-08-R2,CAND-2940d12737ff63ed,NEWS-2940d12737ff63ed,e367b829c29bfbd471ef5a17ef1558bbe4f5faccaad4ea6b5487667c1c377ed3,EDAILY,SKH-LATE-EARN-2026Q1,8,short_body_first_then_family_diversity_then_source_balance,False,human_reviewer_2,unassigned,pending,True,body_completeness|byline_dates|genre|origin|scope|event_link|claim_alignment|speaker_position,https://www.edaily.co.kr/News/Read?mediaCodeNo=257&newsId=02761766645419072,d632cf876493a2ad38e0656980f57537f823c38c4f70ca33db2bdb041f7e7a8c,/html/body/div/div[5]/section[1]/section[1]/div[1]/div[3]/div[1],artifacts\p0\domestic_pilot_20260922\body_audit_003\raw\documents.jsonl#doc_id=NEWS-2940d12737ff63ed,artifacts\p0\domestic_pilot_20260922\body_audit_003\sentence_index.jsonl#doc_id=NEWS-2940d12737ff63ed,,,
P01-20260922-09-R1,CAND-e51cfe357b5ab59d,NEWS-e51cfe357b5ab59d,1f07dedbcd4557c5f4217e2ac346326d027c5828dd4a20178c5464b98016b0f9,ZDNET_KR,SKH-EARLY-DEV-HBM4SAMPLE,9,short_body_first_then_family_diversity_then_source_balance,False,human_reviewer_1,unassigned,pending,True,body_completeness|byline_dates|genre|origin|scope|event_link|claim_alignment|speaker_position,https://zdnet.co.kr/view/?no=20250319094651,692719d4dee267939c0f051d35f0b4b29d072f65bb76466e6ab2c6062cb733b0,/html/body/div[5]/div[1]/div[1]/div/div/div[4],artifacts\p0\domestic_pilot_20260922\body_audit_003\raw\documents.jsonl#doc_id=NEWS-e51cfe357b5ab59d,artifacts\p0\domestic_pilot_20260922\body_audit_003\sentence_index.jsonl#doc_id=NEWS-e51cfe357b5ab59d,,,
P01-20260922-09-R2,CAND-e51cfe357b5ab59d,NEWS-e51cfe357b5ab59d,1f07dedbcd4557c5f4217e2ac346326d027c5828dd4a20178c5464b98016b0f9,ZDNET_KR,SKH-EARLY-DEV-HBM4SAMPLE,9,short_body_first_then_family_diversity_then_source_balance,False,human_reviewer_2,unassigned,pending,True,body_completeness|byline_dates|genre|origin|scope|event_link|claim_alignment|speaker_position,https://zdnet.co.kr/view/?no=20250319094651,692719d4dee267939c0f051d35f0b4b29d072f65bb76466e6ab2c6062cb733b0,/html/body/div[5]/div[1]/div[1]/div/div/div[4],artifacts\p0\domestic_pilot_20260922\body_audit_003\raw\documents.jsonl#doc_id=NEWS-e51cfe357b5ab59d,artifacts\p0\domestic_pilot_20260922\body_audit_003\sentence_index.jsonl#doc_id=NEWS-e51cfe357b5ab59d,,,
P01-20260922-10-R1,CAND-8f7b59c78c5590e2,NEWS-8f7b59c78c5590e2,75dda617136cecb729c1204c27901dbff0e7cd5935c41fdb5feaa9fbeea3ccff,ZDNET_KR,SKH-LATE-DEV-HBM4READY,10,short_body_first_then_family_diversity_then_source_balance,False,human_reviewer_1,unassigned,pending,True,body_completeness|byline_dates|genre|origin|scope|event_link|claim_alignment|speaker_position,https://zdnet.co.kr/view/?no=20250912083503,904a7d4c294bee2a9069f95fa5b0928c86b1a3bbba38bb9e0914d51e6c20c22a,/html/body/div[5]/div[1]/div[1]/div/div/div[4],artifacts\p0\domestic_pilot_20260922\body_audit_003\raw\documents.jsonl#doc_id=NEWS-8f7b59c78c5590e2,artifacts\p0\domestic_pilot_20260922\body_audit_003\sentence_index.jsonl#doc_id=NEWS-8f7b59c78c5590e2,,,
P01-20260922-10-R2,CAND-8f7b59c78c5590e2,NEWS-8f7b59c78c5590e2,75dda617136cecb729c1204c27901dbff0e7cd5935c41fdb5feaa9fbeea3ccff,ZDNET_KR,SKH-LATE-DEV-HBM4READY,10,short_body_first_then_family_diversity_then_source_balance,False,human_reviewer_2,unassigned,pending,True,body_completeness|byline_dates|genre|origin|scope|event_link|claim_alignment|speaker_position,https://zdnet.co.kr/view/?no=20250912083503,904a7d4c294bee2a9069f95fa5b0928c86b1a3bbba38bb9e0914d51e6c20c22a,/html/body/div[5]/div[1]/div[1]/div/div/div[4],artifacts\p0\domestic_pilot_20260922\body_audit_003\raw\documents.jsonl#doc_id=NEWS-8f7b59c78c5590e2,artifacts\p0\domestic_pilot_20260922\body_audit_003\sentence_index.jsonl#doc_id=NEWS-8f7b59c78c5590e2,,,
P01-20260922-11-R1,CAND-0573f32d2a65b426,NEWS-0573f32d2a65b426,d1b21ef914dec89554fbd4fb181adfc691c1e8da2d710f42b52b9de2fc27c257,ETNEWS,SKH-EARLY-PROD-HBM3E,11,short_body_first_then_family_diversity_then_source_balance,False,human_reviewer_1,unassigned,pending,True,body_completeness|byline_dates|genre|origin|scope|event_link|claim_alignment|speaker_position,https://www.etnews.com/20240319000111,608212943b7d3a0431f8ffa727a15625640194eda672227539437dcfc000947a,/html/body/main/div/div[1]/article/div[2],artifacts\p0\domestic_pilot_20260922\body_audit_003\raw\documents.jsonl#doc_id=NEWS-0573f32d2a65b426,artifacts\p0\domestic_pilot_20260922\body_audit_003\sentence_index.jsonl#doc_id=NEWS-0573f32d2a65b426,,,
P01-20260922-11-R2,CAND-0573f32d2a65b426,NEWS-0573f32d2a65b426,d1b21ef914dec89554fbd4fb181adfc691c1e8da2d710f42b52b9de2fc27c257,ETNEWS,SKH-EARLY-PROD-HBM3E,11,short_body_first_then_family_diversity_then_source_balance,False,human_reviewer_2,unassigned,pending,True,body_completeness|byline_dates|genre|origin|scope|event_link|claim_alignment|speaker_position,https://www.etnews.com/20240319000111,608212943b7d3a0431f8ffa727a15625640194eda672227539437dcfc000947a,/html/body/main/div/div[1]/article/div[2],artifacts\p0\domestic_pilot_20260922\body_audit_003\raw\documents.jsonl#doc_id=NEWS-0573f32d2a65b426,artifacts\p0\domestic_pilot_20260922\body_audit_003\sentence_index.jsonl#doc_id=NEWS-0573f32d2a65b426,,,
P01-20260922-12-R1,CAND-02e770544a5cabc5,NEWS-02e770544a5cabc5,74d16c99e6a761a41d144c419065a10db44dcdfaa17c62414cc61393db8e8c41,ETNEWS,SKH-LATE-PROD-QLC321,12,short_body_first_then_family_diversity_then_source_balance,False,human_reviewer_1,unassigned,pending,True,body_completeness|byline_dates|genre|origin|scope|event_link|claim_alignment|speaker_position,https://www.etnews.com/20250825000248,22733c90221f903892f1e874b816a41d4384e3e3402222e623a84b18d722eeed,/html/body/main/div/div[1]/article/div[2],artifacts\p0\domestic_pilot_20260922\body_audit_003\raw\documents.jsonl#doc_id=NEWS-02e770544a5cabc5,artifacts\p0\domestic_pilot_20260922\body_audit_003\sentence_index.jsonl#doc_id=NEWS-02e770544a5cabc5,,,
P01-20260922-12-R2,CAND-02e770544a5cabc5,NEWS-02e770544a5cabc5,74d16c99e6a761a41d144c419065a10db44dcdfaa17c62414cc61393db8e8c41,ETNEWS,SKH-LATE-PROD-QLC321,12,short_body_first_then_family_diversity_then_source_balance,False,human_reviewer_2,unassigned,pending,True,body_completeness|byline_dates|genre|origin|scope|event_link|claim_alignment|speaker_position,https://www.etnews.com/20250825000248,22733c90221f903892f1e874b816a41d4384e3e3402222e623a84b18d722eeed,/html/body/main/div/div[1]/article/div[2],artifacts\p0\domestic_pilot_20260922\body_audit_003\raw\documents.jsonl#doc_id=NEWS-02e770544a5cabc5,artifacts\p0\domestic_pilot_20260922\body_audit_003\sentence_index.jsonl#doc_id=NEWS-02e770544a5cabc5,,,
P01-20260922-13-R1,CAND-93fb7f14e6aa58ee,NEWS-93fb7f14e6aa58ee,58a052053ab2df4ae991d58911d1b3fcb629880a3763decf7b2960a1069368d3,ZDNET_KR,SKH-EARLY-INV-INDIANA,13,short_body_first_then_family_diversity_then_source_balance,False,human_reviewer_1,unassigned,pending,True,body_completeness|byline_dates|genre|origin|scope|event_link|claim_alignment|speaker_position,https://zdnet.co.kr/view/?no=20240404011839,a6376d6526f51736b83a58d5bc289791b386d0190858c03a0c239ec772202414,/html/body/div[5]/div[1]/div[1]/div/div/div[4],artifacts\p0\domestic_pilot_20260922\body_audit_003\raw\documents.jsonl#doc_id=NEWS-93fb7f14e6aa58ee,artifacts\p0\domestic_pilot_20260922\body_audit_003\sentence_index.jsonl#doc_id=NEWS-93fb7f14e6aa58ee,,,
P01-20260922-13-R2,CAND-93fb7f14e6aa58ee,NEWS-93fb7f14e6aa58ee,58a052053ab2df4ae991d58911d1b3fcb629880a3763decf7b2960a1069368d3,ZDNET_KR,SKH-EARLY-INV-INDIANA,13,short_body_first_then_family_diversity_then_source_balance,False,human_reviewer_2,unassigned,pending,True,body_completeness|byline_dates|genre|origin|scope|event_link|claim_alignment|speaker_position,https://zdnet.co.kr/view/?no=20240404011839,a6376d6526f51736b83a58d5bc289791b386d0190858c03a0c239ec772202414,/html/body/div[5]/div[1]/div[1]/div/div/div[4],artifacts\p0\domestic_pilot_20260922\body_audit_003\raw\documents.jsonl#doc_id=NEWS-93fb7f14e6aa58ee,artifacts\p0\domestic_pilot_20260922\body_audit_003\sentence_index.jsonl#doc_id=NEWS-93fb7f14e6aa58ee,,,
P01-20260922-14-R1,CAND-2e6a4f94614f1e02,NEWS-2e6a4f94614f1e02,3516a5cadc3f0e1c8cbcd13bad7e2c4f5f2a9e71566daaba8a8f7cd82445c6ce,ZDNET_KR,SAM-EARLY-EARN-2024Q1,14,short_body_first_then_family_diversity_then_source_balance,False,human_reviewer_1,unassigned,pending,True,body_completeness|byline_dates|genre|origin|scope|event_link|claim_alignment|speaker_position,https://zdnet.co.kr/view/?no=20240430110436,fa77e60420b4a039942fdf703cd367ca6754967a6360ef756f3d0c919d84dfdd,/html/body/div[5]/div[1]/div[1]/div/div/div[4],artifacts\p0\domestic_pilot_20260922\body_audit_003\raw\documents.jsonl#doc_id=NEWS-2e6a4f94614f1e02,artifacts\p0\domestic_pilot_20260922\body_audit_003\sentence_index.jsonl#doc_id=NEWS-2e6a4f94614f1e02,,,
P01-20260922-14-R2,CAND-2e6a4f94614f1e02,NEWS-2e6a4f94614f1e02,3516a5cadc3f0e1c8cbcd13bad7e2c4f5f2a9e71566daaba8a8f7cd82445c6ce,ZDNET_KR,SAM-EARLY-EARN-2024Q1,14,short_body_first_then_family_diversity_then_source_balance,False,human_reviewer_2,unassigned,pending,True,body_completeness|byline_dates|genre|origin|scope|event_link|claim_alignment|speaker_position,https://zdnet.co.kr/view/?no=20240430110436,fa77e60420b4a039942fdf703cd367ca6754967a6360ef756f3d0c919d84dfdd,/html/body/div[5]/div[1]/div[1]/div/div/div[4],artifacts\p0\domestic_pilot_20260922\body_audit_003\raw\documents.jsonl#doc_id=NEWS-2e6a4f94614f1e02,artifacts\p0\domestic_pilot_20260922\body_audit_003\sentence_index.jsonl#doc_id=NEWS-2e6a4f94614f1e02,,,
P01-20260922-15-R1,CAND-f32eb7be816b4b0a,NEWS-f32eb7be816b4b0a,e176c5c893cc577294ba449db263bd858e22e769a8782d7ac62ac3e33bd55fcd,ETNEWS,SAM-LATE-PROD-HBM4,15,short_body_first_then_family_diversity_then_source_balance,False,human_reviewer_1,unassigned,pending,True,body_completeness|byline_dates|genre|origin|scope|event_link|claim_alignment|speaker_position,https://www.etnews.com/20260212000339,15ad9209d2e273874337ab6a0ce3781d6f001c1aea7c034b88bcb379cb69e425,/html/body/main/div/div[1]/article/div[2],artifacts\p0\domestic_pilot_20260922\body_audit_003\raw\documents.jsonl#doc_id=NEWS-f32eb7be816b4b0a,artifacts\p0\domestic_pilot_20260922\body_audit_003\sentence_index.jsonl#doc_id=NEWS-f32eb7be816b4b0a,,,
P01-20260922-15-R2,CAND-f32eb7be816b4b0a,NEWS-f32eb7be816b4b0a,e176c5c893cc577294ba449db263bd858e22e769a8782d7ac62ac3e33bd55fcd,ETNEWS,SAM-LATE-PROD-HBM4,15,short_body_first_then_family_diversity_then_source_balance,False,human_reviewer_2,unassigned,pending,True,body_completeness|byline_dates|genre|origin|scope|event_link|claim_alignment|speaker_position,https://www.etnews.com/20260212000339,15ad9209d2e273874337ab6a0ce3781d6f001c1aea7c034b88bcb379cb69e425,/html/body/main/div/div[1]/article/div[2],artifacts\p0\domestic_pilot_20260922\body_audit_003\raw\documents.jsonl#doc_id=NEWS-f32eb7be816b4b0a,artifacts\p0\domestic_pilot_20260922\body_audit_003\sentence_index.jsonl#doc_id=NEWS-f32eb7be816b4b0a,,,
P01-20260922-16-R1,CAND-e5956a719c2acb3d,NEWS-e5956a719c2acb3d,ca85357209a9c3256a7fd7b2b93c2bfff5abbd35dfc7eeb19c655da1b676f457,ZDNET_KR,SAM-EARLY-DEV-HBM3E12H,16,short_body_first_then_family_diversity_then_source_balance,False,human_reviewer_1,unassigned,pending,True,body_completeness|byline_dates|genre|origin|scope|event_link|claim_alignment|speaker_position,https://zdnet.co.kr/view/?no=20240227081348,4c0e4b1de41569510e1591fb591b0dc850bebe41c4ba0bdc354c2cf4c6733dae,/html/body/div[5]/div[1]/div[1]/div/div/div[4],artifacts\p0\domestic_pilot_20260922\body_audit_003\raw\documents.jsonl#doc_id=NEWS-e5956a719c2acb3d,artifacts\p0\domestic_pilot_20260922\body_audit_003\sentence_index.jsonl#doc_id=NEWS-e5956a719c2acb3d,,,
P01-20260922-16-R2,CAND-e5956a719c2acb3d,NEWS-e5956a719c2acb3d,ca85357209a9c3256a7fd7b2b93c2bfff5abbd35dfc7eeb19c655da1b676f457,ZDNET_KR,SAM-EARLY-DEV-HBM3E12H,16,short_body_first_then_family_diversity_then_source_balance,False,human_reviewer_2,unassigned,pending,True,body_completeness|byline_dates|genre|origin|scope|event_link|claim_alignment|speaker_position,https://zdnet.co.kr/view/?no=20240227081348,4c0e4b1de41569510e1591fb591b0dc850bebe41c4ba0bdc354c2cf4c6733dae,/html/body/div[5]/div[1]/div[1]/div/div/div[4],artifacts\p0\domestic_pilot_20260922\body_audit_003\raw\documents.jsonl#doc_id=NEWS-e5956a719c2acb3d,artifacts\p0\domestic_pilot_20260922\body_audit_003\sentence_index.jsonl#doc_id=NEWS-e5956a719c2acb3d,,,
P01-20260922-17-R1,CAND-01464710478b6a50,NEWS-01464710478b6a50,fcd2850364854a1942c660977e4be119350234c8465ca0ce2bbe89dcea9b5b84,ETNEWS,SAM-LATE-INV-AMD,17,short_body_first_then_family_diversity_then_source_balance,False,human_reviewer_1,unassigned,pending,True,body_completeness|byline_dates|genre|origin|scope|event_link|claim_alignment|speaker_position,https://www.etnews.com/20260318000392,4e19d47d9858c98879c6a3153d1f1550f454e2e9de52398569b9c3d4e48ea0c2,/html/body/main/div/div[1]/article/div[2],artifacts\p0\domestic_pilot_20260922\body_audit_003\raw\documents.jsonl#doc_id=NEWS-01464710478b6a50,artifacts\p0\domestic_pilot_20260922\body_audit_003\sentence_index.jsonl#doc_id=NEWS-01464710478b6a50,,,
P01-20260922-17-R2,CAND-01464710478b6a50,NEWS-01464710478b6a50,fcd2850364854a1942c660977e4be119350234c8465ca0ce2bbe89dcea9b5b84,ETNEWS,SAM-LATE-INV-AMD,17,short_body_first_then_family_diversity_then_source_balance,False,human_reviewer_2,unassigned,pending,True,body_completeness|byline_dates|genre|origin|scope|event_link|claim_alignment|speaker_position,https://www.etnews.com/20260318000392,4e19d47d9858c98879c6a3153d1f1550f454e2e9de52398569b9c3d4e48ea0c2,/html/body/main/div/div[1]/article/div[2],artifacts\p0\domestic_pilot_20260922\body_audit_003\raw\documents.jsonl#doc_id=NEWS-01464710478b6a50,artifacts\p0\domestic_pilot_20260922\body_audit_003\sentence_index.jsonl#doc_id=NEWS-01464710478b6a50,,,
P01-20260922-18-R1,CAND-0339b616cc951dda,NEWS-0339b616cc951dda,f05180d8b0f4a64d7797e3c3432b206593f02d27722fb76b88625ec4e9e16149,ETNEWS,SKH-EARLY-DEV-HBM4SAMPLE,18,short_body_first_then_family_diversity_then_source_balance,False,human_reviewer_1,unassigned,pending,True,body_completeness|byline_dates|genre|origin|scope|event_link|claim_alignment|speaker_position,https://www.etnews.com/20250319000122,a49176cd29b94f0c28404d376d08dc6eae275dfd80bf559b724d8a0fb815ebbd,/html/body/main/div/div[1]/article/div[2],artifacts\p0\domestic_pilot_20260922\body_audit_003\raw\documents.jsonl#doc_id=NEWS-0339b616cc951dda,artifacts\p0\domestic_pilot_20260922\body_audit_003\sentence_index.jsonl#doc_id=NEWS-0339b616cc951dda,,,
P01-20260922-18-R2,CAND-0339b616cc951dda,NEWS-0339b616cc951dda,f05180d8b0f4a64d7797e3c3432b206593f02d27722fb76b88625ec4e9e16149,ETNEWS,SKH-EARLY-DEV-HBM4SAMPLE,18,short_body_first_then_family_diversity_then_source_balance,False,human_reviewer_2,unassigned,pending,True,body_completeness|byline_dates|genre|origin|scope|event_link|claim_alignment|speaker_position,https://www.etnews.com/20250319000122,a49176cd29b94f0c28404d376d08dc6eae275dfd80bf559b724d8a0fb815ebbd,/html/body/main/div/div[1]/article/div[2],artifacts\p0\domestic_pilot_20260922\body_audit_003\raw\documents.jsonl#doc_id=NEWS-0339b616cc951dda,artifacts\p0\domestic_pilot_20260922\body_audit_003\sentence_index.jsonl#doc_id=NEWS-0339b616cc951dda,,,
P01-20260922-19-R1,CAND-964d332319389cc2,NEWS-964d332319389cc2,38d6c7a499fc7ed4c604169d56267dfbc70f873219f35789e76f1f2133e5a0d8,ZDNET_KR,SKH-EARLY-PROD-HBM3E,19,short_body_first_then_family_diversity_then_source_balance,False,human_reviewer_1,unassigned,pending,True,body_completeness|byline_dates|genre|origin|scope|event_link|claim_alignment|speaker_position,https://zdnet.co.kr/view/?no=20240319100451,f0a6c9955bffcb6305e7220328fee075f25a7dfecd10ac615b86d00a38688494,/html/body/div[5]/div[1]/div[1]/div/div/div[4],artifacts\p0\domestic_pilot_20260922\body_audit_003\raw\documents.jsonl#doc_id=NEWS-964d332319389cc2,artifacts\p0\domestic_pilot_20260922\body_audit_003\sentence_index.jsonl#doc_id=NEWS-964d332319389cc2,,,
P01-20260922-19-R2,CAND-964d332319389cc2,NEWS-964d332319389cc2,38d6c7a499fc7ed4c604169d56267dfbc70f873219f35789e76f1f2133e5a0d8,ZDNET_KR,SKH-EARLY-PROD-HBM3E,19,short_body_first_then_family_diversity_then_source_balance,False,human_reviewer_2,unassigned,pending,True,body_completeness|byline_dates|genre|origin|scope|event_link|claim_alignment|speaker_position,https://zdnet.co.kr/view/?no=20240319100451,f0a6c9955bffcb6305e7220328fee075f25a7dfecd10ac615b86d00a38688494,/html/body/div[5]/div[1]/div[1]/div/div/div[4],artifacts\p0\domestic_pilot_20260922\body_audit_003\raw\documents.jsonl#doc_id=NEWS-964d332319389cc2,artifacts\p0\domestic_pilot_20260922\body_audit_003\sentence_index.jsonl#doc_id=NEWS-964d332319389cc2,,,
P01-20260922-20-R1,CAND-be71e3dc137fd53e,NEWS-be71e3dc137fd53e,8e6dbd91c9003224dd63b949378e1553e5c9b79e01a450ddc2e1db5bf538453c,ETNEWS,SKH-LATE-DEV-HBM4READY,20,short_body_first_then_family_diversity_then_source_balance,False,human_reviewer_1,unassigned,pending,True,body_completeness|byline_dates|genre|origin|scope|event_link|claim_alignment|speaker_position,https://www.etnews.com/20250912000042,bb40273cb9915800d87acb6cef0854a03676ffcf6a1a33b58eb9470c8484a788,/html/body/main/div/div[1]/article/div[2],artifacts\p0\domestic_pilot_20260922\body_audit_003\raw\documents.jsonl#doc_id=NEWS-be71e3dc137fd53e,artifacts\p0\domestic_pilot_20260922\body_audit_003\sentence_index.jsonl#doc_id=NEWS-be71e3dc137fd53e,,,
P01-20260922-20-R2,CAND-be71e3dc137fd53e,NEWS-be71e3dc137fd53e,8e6dbd91c9003224dd63b949378e1553e5c9b79e01a450ddc2e1db5bf538453c,ETNEWS,SKH-LATE-DEV-HBM4READY,20,short_body_first_then_family_diversity_then_source_balance,False,human_reviewer_2,unassigned,pending,True,body_completeness|byline_dates|genre|origin|scope|event_link|claim_alignment|speaker_position,https://www.etnews.com/20250912000042,bb40273cb9915800d87acb6cef0854a03676ffcf6a1a33b58eb9470c8484a788,/html/body/main/div/div[1]/article/div[2],artifacts\p0\domestic_pilot_20260922\body_audit_003\raw\documents.jsonl#doc_id=NEWS-be71e3dc137fd53e,artifacts\p0\domestic_pilot_20260922\body_audit_003\sentence_index.jsonl#doc_id=NEWS-be71e3dc137fd53e,,,
