metric_id,canonical_name,definition,metric_kind,level,scope_constraints,product_constraints,canonical_unit,denominator_definition,period_type,occurrence_docs,occurrence_families,company_count,company_denominator,period_count,forecast_linkage_evidence,concept_ids,accounting_basis_constraints,formula_id,input_metric_ids,sign_convention,interpretation_limits,stability_notes,selection_status,definition_version,statistics_status,definition_evidence_refs,aggregation_behavior,accepted_definition_versions
revenue,Revenue,Company-reported GAAP revenue for the stated reporting entity and period.,flow,income_statement,company_consolidated_or_explicit_reporting_segment; same scope and presentation definition required,source_product_scope_required; consolidated_product_id=null,USD,not_applicable,source_start_end_duration_and_quarter_YTD_annual,1,1,1,1,2,not_investigated_forecast_prose_rights_unresolved,revenue_recognition,GAAP,not_applicable,not_applicable,source sign,Not product revenue unless source scope states product; revenue is not bookings or billings.,Segment presentation definitions FY2024/FY2025 must stay separate; identical name is insufficient.,selected_source_reported_cells,us-financial-0.1,checked_selected_table_cells_only_not_universe,US-MSFT-FY2024-Q4-RELEASE:/html/body/div[3]/div/div[2]/main/div/div/div/div[2]/div/div/div/div[1]/div/div/div[2]/div[2]/div[1]/div/div[10]/table;US-MSFT-FY2024-Q4-RELEASE:/html/body/div[3]/div/div[2]/main/div/div/div/div[2]/div/div/div/div[1]/div/div/div[2]/div[2]/div[1]/div/div[6]/table,additive_flow,msft-segment-presentation-fy2024;us-financial-0.1
operating_income,Operating income,Company-reported GAAP operating income; excludes a company non-GAAP operating result unless separately mapped.,flow,income_statement,company_consolidated_only; source_segment_or_product_requires_explicit_definition,source_product_scope_required; consolidated_product_id=null,USD,not_applicable,source_start_end_duration_and_quarter_YTD_annual,1,1,1,1,2,not_investigated_forecast_prose_rights_unresolved,profitability,GAAP,not_applicable,not_applicable,source sign,Company costs and classification policy may differ; not EBITDA or net income.,Versioned source policy and scope required; no retrospective overwrite,selected_source_reported_cells,us-financial-0.1,checked_selected_table_cells_only_not_universe,US-MSFT-FY2024-Q4-RELEASE:/html/body/div[3]/div/div[2]/main/div/div/div/div[2]/div/div/div/div[1]/div/div/div[2]/div[2]/div[1]/div/div[6]/table,additive_flow,us-financial-0.1
net_income,Net income,Company-reported GAAP net income for the stated ownership/consolidation scope.,flow,income_statement,company_consolidated_only; source_segment_or_product_requires_explicit_definition,source_product_scope_required; consolidated_product_id=null,USD,not_applicable,source_start_end_duration_and_quarter_YTD_annual,1,1,1,1,2,not_investigated_forecast_prose_rights_unresolved,earnings_vs_cash,GAAP,not_applicable,not_applicable,source sign,Net income vs net income attributable to parent are distinct if source ownership scopes differ.,Versioned source policy and scope required; no retrospective overwrite,selected_source_reported_cells,us-financial-0.1,checked_selected_table_cells_only_not_universe,US-MSFT-FY2024-Q4-RELEASE:/html/body/div[3]/div/div[2]/main/div/div/div/div[2]/div/div/div/div[1]/div/div/div[2]/div[2]/div[1]/div/div[6]/table,additive_flow,us-financial-0.1
cfo,Cash from operating activities,Company-reported net cash from operating activities for the stated cash-flow period.,flow,cash_flow_statement,company_consolidated_only; source_segment_or_product_requires_explicit_definition,source_product_scope_required; consolidated_product_id=null,USD,not_applicable,source_start_end_duration_and_quarter_YTD_annual,1,1,1,1,2,not_investigated_forecast_prose_rights_unresolved,earnings_vs_cash,GAAP,not_applicable,not_applicable,source sign,CFO includes reported reconciliation; net income or a balance change is not CFO.,Versioned source policy and scope required; no retrospective overwrite,selected_source_reported_cells,us-financial-0.1,checked_selected_table_cells_only_not_universe,US-MSFT-FY2024-Q4-RELEASE:/html/body/div[3]/div/div[2]/main/div/div/div/div[2]/div/div/div/div[1]/div/div/div[2]/div[2]/div[1]/div/div[9]/table,additive_flow,us-financial-0.1
positive_cash_capex,Positive cash capital expenditure,Positive cash amount paid for the selected property and equipment purchase line; normalize explicit cash outflow sign only.,flow,cash_flow_statement,company_consolidated_only; source_segment_or_product_requires_explicit_definition,source_product_scope_required; consolidated_product_id=null,USD,not_applicable,source_start_end_duration_and_quarter_YTD_annual,1,1,1,1,2,not_investigated_forecast_prose_rights_unresolved,capital_expenditure,GAAP_cash_line_with_project_sign_normalization,not_applicable,not_applicable,cash payment positive after guarded sign normalization,Excludes finance-lease acquisitions and noncash investment; investing cash flow total is not capex; source line inclusion must be explicit.,Versioned source policy and scope required; no retrospective overwrite,selected_source_reported_cells,us-financial-0.1,checked_selected_table_cells_only_not_universe,US-MSFT-FY2024-Q4-RELEASE:/html/body/div[3]/div/div[2]/main/div/div/div/div[2]/div/div/div/div[1]/div/div/div[2]/div[2]/div[1]/div/div[9]/table,additive_flow,us-financial-0.1
total_assets,Total assets,Company-reported total assets at the stated balance-sheet date.,balance,balance_sheet,company_consolidated_only; source_segment_or_product_requires_explicit_definition,source_product_scope_required; consolidated_product_id=null,USD,not_applicable,as_of_date,1,1,1,1,1,not_investigated_forecast_prose_rights_unresolved,liquidity,GAAP,not_applicable,not_applicable,source sign,"Point-in-time balance, never a quarter/YTD flow.",Versioned source policy and scope required; no retrospective overwrite,selected_source_reported_cells,us-financial-0.1,checked_selected_table_cells_only_not_universe,US-MSFT-FY2024-Q4-RELEASE:/html/body/div[3]/div/div[2]/main/div/div/div/div[2]/div/div/div/div[1]/div/div/div[2]/div[2]/div[1]/div/div[8]/table,instant_balance,us-financial-0.1
cash_and_equivalents,Cash and cash equivalents,Company-reported cash and cash equivalents at the stated balance-sheet date.,balance,balance_sheet,company_consolidated_only; source_segment_or_product_requires_explicit_definition,source_product_scope_required; consolidated_product_id=null,USD,not_applicable,as_of_date,1,1,1,1,1,not_investigated_forecast_prose_rights_unresolved,liquidity,GAAP,not_applicable,not_applicable,source sign,Do not add short-term investments or restricted cash silently.,Versioned source policy and scope required; no retrospective overwrite,selected_source_reported_cells,us-financial-0.1,checked_selected_table_cells_only_not_universe,US-MSFT-FY2024-Q4-RELEASE:/html/body/div[3]/div/div[2]/main/div/div/div/div[2]/div/div/div/div[1]/div/div/div[2]/div[2]/div[1]/div/div[8]/table,instant_balance,us-financial-0.1
project_fcf,Project free cash flow,"Project-defined CFO minus positive cash PP&E capex with identical entity, period and currency.",derived_flow,project_formula,company_consolidated_only; source_segment_or_product_requires_explicit_definition,source_product_scope_required; consolidated_product_id=null,USD,not_applicable,source_start_end_duration_and_quarter_YTD_annual,0,0,0,1,0,not_investigated_forecast_prose_rights_unresolved,capital_expenditure;earnings_vs_cash,project_defined,F_PROJECT_FCF_CFO_MINUS_CASH_CAPEX,cfo;positive_cash_capex,CFO source sign minus positive cash capex,This project definition is not an observed company FCF; cash line inclusion and all inputs required.,Versioned source policy and scope required; no retrospective overwrite,selected_project_formula_not_source_occurrence,0.1.0,checked_selected_table_cells_only_not_universe,structure/P03_phase2_metric_ontology.md;artifacts/us_equity/p1/financial_annotation_notes.md,additive_flow,0.1.0
company_fcf_us_msft,Microsoft company free cash flow,Reserved company-defined FCF; definition and reconciliation pending an explicit Microsoft source.,flow,company_kpi,US-MSFT-CONSOLIDATED,source_product_scope_required; consolidated_product_id=null,USD,not_applicable,source_start_end_duration_and_quarter_YTD_annual,0,0,0,1,0,not_investigated_forecast_prose_rights_unresolved,non_gaap_comparability,company_defined_non_GAAP,not_applicable,not_applicable,company definition pending,Same name is not equivalent to project FCF or another company FCF.,Versioned source policy and scope required; no retrospective overwrite,candidate_not_observed_in_selected_cells,0.1.0,checked_selected_table_cells_only_not_universe,structure/P03_phase2_metric_ontology.md;artifacts/us_equity/p1/financial_annotation_notes.md,additive_flow,0.1.0
company_fcf_us_nvda,NVIDIA company free cash flow,Reserved company-defined FCF; definition and reconciliation pending an explicit NVIDIA source.,flow,company_kpi,US-NVDA-CONSOLIDATED,source_product_scope_required; consolidated_product_id=null,USD,not_applicable,source_start_end_duration_and_quarter_YTD_annual,0,0,0,1,0,not_investigated_forecast_prose_rights_unresolved,non_gaap_comparability,company_defined_non_GAAP,not_applicable,not_applicable,company definition pending,Same name is not equivalent to project FCF or another company FCF.,Versioned source policy and scope required; no retrospective overwrite,candidate_not_observed_in_selected_cells,0.1.0,checked_selected_table_cells_only_not_universe,structure/P03_phase2_metric_ontology.md;artifacts/us_equity/p1/financial_annotation_notes.md,additive_flow,0.1.0
operating_margin,GAAP operating margin,"GAAP operating income divided by positive GAAP revenue for identical company, scope and reporting period.",derived_ratio,project_formula,company_consolidated_only; source_segment_or_product_requires_explicit_definition,source_product_scope_required; consolidated_product_id=null,percent,positive_revenue_same_scope_period,source_start_end_duration_and_quarter_YTD_annual,0,0,0,1,0,not_investigated_forecast_prose_rights_unresolved,profitability,GAAP,F_OPERATING_MARGIN,operating_income;revenue,numerator source sign / positive revenue,Percentage level is not percentage-point change; GAAP/non-GAAP margins separate.,Versioned source policy and scope required; no retrospective overwrite,selected_project_formula_not_source_occurrence,0.1.0,checked_selected_table_cells_only_not_universe,structure/P03_phase2_metric_ontology.md;artifacts/us_equity/p1/financial_annotation_notes.md,non_additive,0.1.0
production_capacity,Production capacity,"Maximum stated production capability for a specific product, facility, unit and effective period.",capacity,sector_candidate,company_consolidated_only; source_segment_or_product_requires_explicit_definition,source_product_scope_required; consolidated_product_id=null,source_product_unit,not_applicable,source_start_end_duration_and_quarter_YTD_annual,0,0,0,1,0,not_investigated_forecast_prose_rights_unresolved,business_activity,not_applicable,not_applicable,not_applicable,source sign,Capacity is not actual production or shipments; no semiconductor-only scope assumption.,Versioned source policy and scope required; no retrospective overwrite,candidate_not_observed_in_selected_cells,0.1.0,checked_selected_table_cells_only_not_universe,structure/P03_phase2_metric_ontology.md;artifacts/us_equity/p1/financial_annotation_notes.md,non_additive,0.1.0
production_volume,Production volume,"Reported quantity actually produced for a stated product, unit and period.",flow_quantity,sector_candidate,company_consolidated_only; source_segment_or_product_requires_explicit_definition,source_product_scope_required; consolidated_product_id=null,source_product_unit,not_applicable,source_start_end_duration_and_quarter_YTD_annual,0,0,0,1,0,not_investigated_forecast_prose_rights_unresolved,business_activity,not_applicable,not_applicable,not_applicable,source sign,"Capacity, production and shipments retain distinct IDs; yield and inventory not assumed.",Versioned source policy and scope required; no retrospective overwrite,candidate_not_observed_in_selected_cells,0.1.0,checked_selected_table_cells_only_not_universe,structure/P03_phase2_metric_ontology.md;artifacts/us_equity/p1/financial_annotation_notes.md,additive_flow,0.1.0
shipment_volume,Shipment volume,"Reported quantity shipped for a stated product, unit and period.",flow_quantity,sector_candidate,company_consolidated_only; source_segment_or_product_requires_explicit_definition,source_product_scope_required; consolidated_product_id=null,source_product_unit,not_applicable,source_start_end_duration_and_quarter_YTD_annual,0,0,0,1,0,not_investigated_forecast_prose_rights_unresolved,business_activity,not_applicable,not_applicable,not_applicable,source sign,Shipment is not sale or revenue recognition; no units inferred from revenue.,Versioned source policy and scope required; no retrospective overwrite,candidate_not_observed_in_selected_cells,0.1.0,checked_selected_table_cells_only_not_universe,structure/P03_phase2_metric_ontology.md;artifacts/us_equity/p1/financial_annotation_notes.md,additive_flow,0.1.0
