pos_candidate,count,interpretation
NNG,4403,pooled_model_counts_not_outlet_style
SL,941,pooled_model_counts_not_outlet_style
NNP,683,pooled_model_counts_not_outlet_style
XSV,660,pooled_model_counts_not_outlet_style
SN,615,pooled_model_counts_not_outlet_style
JKO,600,pooled_model_counts_not_outlet_style
ETM,598,pooled_model_counts_not_outlet_style
JKB,576,pooled_model_counts_not_outlet_style
EC,530,pooled_model_counts_not_outlet_style
JX,466,pooled_model_counts_not_outlet_style
VV,453,pooled_model_counts_not_outlet_style
EF,453,pooled_model_counts_not_outlet_style
NNB,428,pooled_model_counts_not_outlet_style
SF,402,pooled_model_counts_not_outlet_style
SSO,336,pooled_model_counts_not_outlet_style
SSC,336,pooled_model_counts_not_outlet_style
EP,310,pooled_model_counts_not_outlet_style
VCP,218,pooled_model_counts_not_outlet_style
XSN,212,pooled_model_counts_not_outlet_style
JKS,199,pooled_model_counts_not_outlet_style
SP,194,pooled_model_counts_not_outlet_style
JKG,168,pooled_model_counts_not_outlet_style
MAG,143,pooled_model_counts_not_outlet_style
VX,106,pooled_model_counts_not_outlet_style
JC,105,pooled_model_counts_not_outlet_style
MM,96,pooled_model_counts_not_outlet_style
SW,86,pooled_model_counts_not_outlet_style
VA,84,pooled_model_counts_not_outlet_style
XPN,76,pooled_model_counts_not_outlet_style
NR,65,pooled_model_counts_not_outlet_style
JKQ,52,pooled_model_counts_not_outlet_style
XSA,49,pooled_model_counts_not_outlet_style
ETN,42,pooled_model_counts_not_outlet_style
NP,34,pooled_model_counts_not_outlet_style
VV-I,23,pooled_model_counts_not_outlet_style
SO,21,pooled_model_counts_not_outlet_style
XR,14,pooled_model_counts_not_outlet_style
JKC,11,pooled_model_counts_not_outlet_style
W_EMAIL,10,pooled_model_counts_not_outlet_style
VA-I,9,pooled_model_counts_not_outlet_style
VV-R,8,pooled_model_counts_not_outlet_style
XSA-I,4,pooled_model_counts_not_outlet_style
MAJ,3,pooled_model_counts_not_outlet_style
Z_CODA,3,pooled_model_counts_not_outlet_style
VA-R,2,pooled_model_counts_not_outlet_style
VCN,1,pooled_model_counts_not_outlet_style
SE,1,pooled_model_counts_not_outlet_style
