doc_id,revision_id,format,source_id,source_nonwhite_chars,emitted_nonwhite_chars,text_coverage_ratio,paragraph_or_text_blocks,table_cells,native_tables,image_markers,page_breaks,pdf_pages,source_entries,status,parser_version
SAM-2025-FY-DART,20260310002820,zip/xml,DART,743369,743369,1.0,1389,63001,2711,16,433,0,3,extracted_full_text,p01-blocks-v1
SKH-2025-FY-DART,20260317000635,zip/xml,DART,510616,510616,1.0,1516,56614,2487,16,212,0,3,extracted_full_text,p01-blocks-v1
SAM-2025Q4-IR,4559931039957693,pdf,SAMSUNG_IR,6277,6277,1.0,282,0,0,103,0,15,1,extracted_full_text,p01-blocks-v1
SAM-2026Q1-IR,629eb49c47b483be,pdf,SAMSUNG_IR,6565,6565,1.0,373,0,0,85,0,16,1,extracted_full_text,p01-blocks-v1
SKH-2025Q4-IR-ALT,581a8e28f3db3a5d,html,SKH_NEWSROOM,10040,10040,1.0,30,53,2,0,0,0,1,extracted_full_text,p01-blocks-v1
SKH-2026Q1-IR-ALT,c2fe1454c8e2362e,html,SKH_NEWSROOM,9450,9450,1.0,27,32,1,1,0,0,1,extracted_full_text,p01-blocks-v1
SAM-2024Q1-DART,20240516001421,zip/xml,DART,293783,293783,1.0,296,29961,1093,4,122,0,1,extracted_full_text,p01-blocks-v1
SAM-2024Q2-DART,20240814003284,zip/xml,DART,436868,436868,1.0,489,40168,1402,4,181,0,1,extracted_full_text,p01-blocks-v1
SAM-2024Q3-DART,20241114002642,zip/xml,DART,310737,310737,1.0,290,29650,1234,4,111,0,1,extracted_full_text,p01-blocks-v1
SAM-2024Q4-DART,20250311001085,zip/xml,DART,685338,685338,1.0,1272,59912,2637,8,433,0,3,extracted_full_text,p01-blocks-v1
SAM-2025Q1-DART,20250515001922,zip/xml,DART,291108,291108,1.0,315,26911,1282,4,111,0,1,extracted_full_text,p01-blocks-v1
SAM-2025Q2-DART,20250814003156,zip/xml,DART,455338,455338,1.0,524,40327,1515,4,186,0,1,extracted_full_text,p01-blocks-v1
SAM-2025Q3-DART,20251114002447,zip/xml,DART,323473,323473,1.0,301,29758,1331,4,107,0,1,extracted_full_text,p01-blocks-v1
SAM-2026Q1-DART,20260515002181,zip/xml,DART,319140,319140,1.0,360,28056,1331,4,102,0,1,extracted_full_text,p01-blocks-v1
SAM-2026Q2-DART,20260814003699,zip/xml,DART,518259,518259,1.0,592,44485,1605,4,204,0,1,extracted_full_text,p01-blocks-v1
SKH-2024Q1-DART,20240516001638,zip/xml,DART,172390,172390,1.0,355,20480,1161,4,21,0,1,extracted_full_text,p01-blocks-v1
SKH-2024Q2-DART,20240814001887,zip/xml,DART,261997,261997,1.0,498,37373,1445,4,19,0,1,extracted_full_text,p01-blocks-v1
SKH-2024Q3-DART,20241114001712,zip/xml,DART,182853,182853,1.0,259,20624,1277,4,17,0,1,extracted_full_text,p01-blocks-v1
SKH-2024Q4-DART,20250319000665,zip/xml,DART,505582,505582,1.0,1541,57974,2492,8,201,0,3,extracted_full_text,p01-blocks-v1
SKH-2025Q1-DART,20250515002103,zip/xml,DART,174514,174514,1.0,305,19109,1324,4,17,0,1,extracted_full_text,p01-blocks-v1
SKH-2025Q2-DART,20250814003049,zip/xml,DART,262985,262985,1.0,471,35523,1525,4,20,0,1,extracted_full_text,p01-blocks-v1
SKH-2025Q3-DART,20251114001805,zip/xml,DART,185041,185041,1.0,294,21184,1328,4,18,0,1,extracted_full_text,p01-blocks-v1
SKH-2026Q1-DART,20260515002287,zip/xml,DART,185658,185658,1.0,310,20291,1364,4,16,0,1,extracted_full_text,p01-blocks-v1
SKH-2026Q2-DART,20260814003509,zip/xml,DART,298912,298912,1.0,494,36109,1590,4,19,0,1,extracted_full_text,p01-blocks-v1
SAM-2024Q1-IR,3704942ea4a57008,pdf,SAMSUNG_IR,6029,6029,1.0,207,0,0,82,0,14,1,extracted_full_text,p01-blocks-v1
SAM-2024Q2-IR,07eda5c5913e409d,pdf,SAMSUNG_IR,5239,5239,1.0,223,0,0,88,0,14,1,extracted_full_text,p01-blocks-v1
SAM-2024Q3-IR,1bcd023cf6e184f4,pdf,SAMSUNG_IR,5998,5998,1.0,277,0,0,104,0,15,1,extracted_full_text,p01-blocks-v1
SAM-2024Q4-IR,dfcbb562d8ca2d0c,pdf,SAMSUNG_IR,5776,5776,1.0,260,0,0,77,0,15,1,extracted_full_text,p01-blocks-v1
SAM-2025Q1-IR,640f16bcbfacfb51,pdf,SAMSUNG_IR,5361,5361,1.0,255,0,0,77,0,15,1,extracted_full_text,p01-blocks-v1
SAM-2025Q2-IR,418b375ae3d54132,pdf,SAMSUNG_IR,5009,5009,1.0,237,0,0,77,0,15,1,extracted_full_text,p01-blocks-v1
SAM-2025Q3-IR,4171272e07dabbfa,pdf,SAMSUNG_IR,5533,5533,1.0,228,0,0,76,0,15,1,extracted_full_text,p01-blocks-v1
SAM-2026Q2-IR,481ff0158bbd94c8,pdf,SAMSUNG_IR,6699,6699,1.0,366,0,0,86,0,16,1,extracted_full_text,p01-blocks-v1
SKH-2024Q1-IR,095dfb7262a4ab45,pdf,SKH_IR,8500,8500,1.0,346,0,0,165,0,20,1,extracted_full_text,p01-blocks-v1
SKH-2024Q2-IR,2b3eeae58857c1a7,pdf,SKH_IR,8087,8087,1.0,315,0,0,144,0,19,1,extracted_full_text,p01-blocks-v1
SKH-2024Q3-IR,7c32fa5eb98ec393,pdf,SKH_IR,7210,7210,1.0,308,0,0,146,0,18,1,extracted_full_text,p01-blocks-v1
SKH-2024Q4-IR,985b58ab9d72b5e4,pdf,SKH_IR,9030,9030,1.0,383,0,0,397,0,23,1,extracted_full_text,p01-blocks-v1
SKH-2025Q1-IR,fe8e2858f2818eaa,pdf,SKH_IR,6942,6942,1.0,294,0,0,133,0,18,1,extracted_full_text,p01-blocks-v1
SKH-2025Q2-IR,728f54d5c1d4be1f,pdf,SKH_IR,6750,6750,1.0,285,0,0,134,0,18,1,extracted_full_text,p01-blocks-v1
SKH-2025Q3-IR,6a857d9ff35c9967,pdf,SKH_IR,7086,7086,1.0,295,0,0,144,0,18,1,extracted_full_text,p01-blocks-v1
SKH-2025Q4-IR,e81b27d744d44923,pdf,SKH_IR,8559,8559,1.0,351,0,0,193,0,21,1,extracted_full_text,p01-blocks-v1
SKH-2026Q1-IR,c7fc763e5b93cbd6,pdf,SKH_IR,8822,8822,1.0,322,0,0,159,0,19,1,extracted_full_text,p01-blocks-v1
SKH-2026Q2-IR,332909850fc2c959,pdf,SKH_IR,9493,9493,1.0,323,0,0,163,0,19,1,extracted_full_text,p01-blocks-v1
