doc_id,revision_id,source_id,source_url,attachment_url,source_api_record_id,title,company_ids,reference_period_start,reference_period_end,published_date,event_date_raw,time_precision,observed_at,format,storage_uri,byte_size,sha256,parse_status
SAM-2025-FY-DART,20260310002820,DART,https://dart.fss.or.kr/dsaf001/main.do?rcpNo=20260310002820,https://opendart.fss.or.kr/api/document.xml?rcept_no=20260310002820,20260310002820,사업보고서 (2025.12),SAM,2025-01-01,2025-12-31,20260310,,date,2026-09-15T07:40:48+00:00,zip/xml,artifacts/p0/raw/SAM-2025-FY-DART.zip,780394,56aec6645106e1438845e6c583777e551915fec10c5eba0df0fad00679c918b4,full_text_layer_extracted
SKH-2025-FY-DART,20260317000635,DART,https://dart.fss.or.kr/dsaf001/main.do?rcpNo=20260317000635,https://opendart.fss.or.kr/api/document.xml?rcept_no=20260317000635,20260317000635,사업보고서 (2025.12),SKH,2025-01-01,2025-12-31,20260317,,date,2026-09-15T07:40:48+00:00,zip/xml,artifacts/p0/raw/SKH-2025-FY-DART.zip,685293,a35107e6d41e630edd035da243af5b876c2838533808ed2e0a21ff2b24c9c4f5,full_text_layer_extracted
SAM-2025Q4-IR,4559931039957693,SAMSUNG_IR,https://images.samsung.com/kdp/ir/events/2025/2025_4Q_conference_kor.pdf,https://images.samsung.com/kdp/ir/events/2025/2025_4Q_conference_kor.pdf,,삼성전자 2025Q4 실적발표 IR,SAM,2025-10-01,2025-12-31,,,unknown,2026-09-15T07:40:48+00:00,pdf,artifacts/p0/raw/SAM-2025Q4-IR.pdf,3116904,4559931039957693adf164a03a7ae76aaf2ff272c4e1ff8773a44c91ef3c3052,full_text_layer_extracted
SAM-2026Q1-IR,629eb49c47b483be,SAMSUNG_IR,https://images.samsung.com/kdp/ir/events/2026/2026_1Q_conference_kor.pdf,https://images.samsung.com/kdp/ir/events/2026/2026_1Q_conference_kor.pdf,,삼성전자 2026Q1 실적발표 IR,SAM,2026-01-01,2026-03-31,,,unknown,2026-09-15T07:40:48+00:00,pdf,artifacts/p0/raw/SAM-2026Q1-IR.pdf,3524225,629eb49c47b483be1d73ce5f1560f9570e347492e341d1713a5827cd50f46d59,full_text_layer_extracted
SKH-2025Q4-IR-ALT,581a8e28f3db3a5d,SKH_NEWSROOM,https://news.skhynix.com/en/sk-hynix-announces-fy25-financial-results/,https://news.skhynix.com/en/sk-hynix-announces-fy25-financial-results/,,SK하이닉스 FY2025 공식 실적발표 HTML (IR 대체 후보),SKH,2025-10-01,2025-12-31,,,unknown,2026-09-15T07:40:48+00:00,html,artifacts/p0/raw/SKH-2025Q4-IR-ALT.html,154554,581a8e28f3db3a5daaf58d71ec5a29718113bd890af8222b1f3b535a4912e864,full_text_layer_extracted
SKH-2026Q1-IR-ALT,c2fe1454c8e2362e,SKH_NEWSROOM,https://news.skhynix.com/en/q1-2026-business-results/,https://news.skhynix.com/en/q1-2026-business-results/,,SK하이닉스 2026Q1 공식 실적발표 HTML (IR 대체 후보),SKH,2026-01-01,2026-03-31,,,unknown,2026-09-15T07:40:48+00:00,html,artifacts/p0/raw/SKH-2026Q1-IR-ALT.html,149645,c2fe1454c8e2362e960d114a295737cf2eb384b49017043ebbc9401098637399,full_text_layer_extracted
SAM-2024Q1-DART,20240516001421,DART,https://dart.fss.or.kr/dsaf001/main.do?rcpNo=20240516001421,https://opendart.fss.or.kr/api/document.xml?rcept_no=20240516001421,20240516001421,분기보고서 (2024.03),SAM,2024-01-01,2024-03-31,20240516,,date,2026-09-15T07:44:00+00:00,zip/xml,artifacts/p0/raw/SAM-2024Q1-DART.zip,258884,a5b829d914c376ea66886bc7fa181ba969006e7c4a581891638f4f604a33ce15,full_text_layer_extracted
SAM-2024Q2-DART,20240814003284,DART,https://dart.fss.or.kr/dsaf001/main.do?rcpNo=20240814003284,https://opendart.fss.or.kr/api/document.xml?rcept_no=20240814003284,20240814003284,반기보고서 (2024.06),SAM,2024-01-01,2024-06-30,20240814,,date,2026-09-15T07:44:00+00:00,zip/xml,artifacts/p0/raw/SAM-2024Q2-DART.zip,378450,b3efd5ad61258d8db82f7a87d296bedb6513562a6b00bbb62b9f1641a8c70166,full_text_layer_extracted
SAM-2024Q3-DART,20241114002642,DART,https://dart.fss.or.kr/dsaf001/main.do?rcpNo=20241114002642,https://opendart.fss.or.kr/api/document.xml?rcept_no=20241114002642,20241114002642,분기보고서 (2024.09),SAM,2024-01-01,2024-09-30,20241114,,date,2026-09-15T07:44:00+00:00,zip/xml,artifacts/p0/raw/SAM-2024Q3-DART.zip,263255,c04396d14e99f1811620ce571ee88c4941f1ec0eba2648efa96baf03bf9e5fa5,full_text_layer_extracted
SAM-2024Q4-DART,20250311001085,DART,https://dart.fss.or.kr/dsaf001/main.do?rcpNo=20250311001085,https://opendart.fss.or.kr/api/document.xml?rcept_no=20250311001085,20250311001085,사업보고서 (2024.12),SAM,2024-01-01,2024-12-31,20250311,,date,2026-09-15T07:44:00+00:00,zip/xml,artifacts/p0/raw/SAM-2024Q4-DART.zip,676026,606ffc728a5a275fcfc27d798560f3fd73e9880641399389d72b35fdc1fbb2d6,full_text_layer_extracted
SAM-2025Q1-DART,20250515001922,DART,https://dart.fss.or.kr/dsaf001/main.do?rcpNo=20250515001922,https://opendart.fss.or.kr/api/document.xml?rcept_no=20250515001922,20250515001922,분기보고서 (2025.03),SAM,2025-01-01,2025-03-31,20250515,,date,2026-09-15T07:44:00+00:00,zip/xml,artifacts/p0/raw/SAM-2025Q1-DART.zip,295923,82d6fae2a6ce6ec2b0b750e112ae8b34609881bbb7277854f0c7c5012268c8f7,full_text_layer_extracted
SAM-2025Q2-DART,20250814003156,DART,https://dart.fss.or.kr/dsaf001/main.do?rcpNo=20250814003156,https://opendart.fss.or.kr/api/document.xml?rcept_no=20250814003156,20250814003156,반기보고서 (2025.06),SAM,2025-01-01,2025-06-30,20250814,,date,2026-09-15T07:44:00+00:00,zip/xml,artifacts/p0/raw/SAM-2025Q2-DART.zip,474331,459beb75bd07240bc0692f9e2ce5a850fca39e852ecdabfeef33fb22b39dc897,full_text_layer_extracted
SAM-2025Q3-DART,20251114002447,DART,https://dart.fss.or.kr/dsaf001/main.do?rcpNo=20251114002447,https://opendart.fss.or.kr/api/document.xml?rcept_no=20251114002447,20251114002447,분기보고서 (2025.09),SAM,2025-01-01,2025-09-30,20251114,,date,2026-09-15T07:44:00+00:00,zip/xml,artifacts/p0/raw/SAM-2025Q3-DART.zip,359440,54987b245dd8938c14dd1fe5c2a53a93951ccdd3e81151dc2609a912b61a8abc,full_text_layer_extracted
SAM-2026Q1-DART,20260515002181,DART,https://dart.fss.or.kr/dsaf001/main.do?rcpNo=20260515002181,https://opendart.fss.or.kr/api/document.xml?rcept_no=20260515002181,20260515002181,분기보고서 (2026.03),SAM,2026-01-01,2026-03-31,20260515,,date,2026-09-15T07:44:00+00:00,zip/xml,artifacts/p0/raw/SAM-2026Q1-DART.zip,351660,abfe91f6c1a1304ad6cab42143868ea0c4f474c929dec7cd9fbaf20d02dcaf72,full_text_layer_extracted
SAM-2026Q2-DART,20260814003699,DART,https://dart.fss.or.kr/dsaf001/main.do?rcpNo=20260814003699,https://opendart.fss.or.kr/api/document.xml?rcept_no=20260814003699,20260814003699,반기보고서 (2026.06),SAM,2026-01-01,2026-06-30,20260814,,date,2026-09-15T07:44:00+00:00,zip/xml,artifacts/p0/raw/SAM-2026Q2-DART.zip,526304,b1799f30f4dbd6da79bced771eee139ed622cfd2a2edeb047824b9e1091f39ec,full_text_layer_extracted
SKH-2024Q1-DART,20240516001638,DART,https://dart.fss.or.kr/dsaf001/main.do?rcpNo=20240516001638,https://opendart.fss.or.kr/api/document.xml?rcept_no=20240516001638,20240516001638,분기보고서 (2024.03),SKH,2024-01-01,2024-03-31,20240516,,date,2026-09-15T07:44:00+00:00,zip/xml,artifacts/p0/raw/SKH-2024Q1-DART.zip,184114,a884c5b32f374c2005008c8c270c6c5c3539d98ca4c4c4b563382411bc172fe9,full_text_layer_extracted
SKH-2024Q2-DART,20240814001887,DART,https://dart.fss.or.kr/dsaf001/main.do?rcpNo=20240814001887,https://opendart.fss.or.kr/api/document.xml?rcept_no=20240814001887,20240814001887,반기보고서 (2024.06),SKH,2024-01-01,2024-06-30,20240814,,date,2026-09-15T07:44:00+00:00,zip/xml,artifacts/p0/raw/SKH-2024Q2-DART.zip,297506,a1d114af6f00866692edb2447ccccd5185b7627bfcf69785dd9a6dab351ccf66,full_text_layer_extracted
SKH-2024Q3-DART,20241114001712,DART,https://dart.fss.or.kr/dsaf001/main.do?rcpNo=20241114001712,https://opendart.fss.or.kr/api/document.xml?rcept_no=20241114001712,20241114001712,분기보고서 (2024.09),SKH,2024-01-01,2024-09-30,20241114,,date,2026-09-15T07:44:00+00:00,zip/xml,artifacts/p0/raw/SKH-2024Q3-DART.zip,194108,7e6c082b12856b9a8afb524147e87046688e520b8f464a278859e3d6883d3bc2,full_text_layer_extracted
SKH-2024Q4-DART,20250319000665,DART,https://dart.fss.or.kr/dsaf001/main.do?rcpNo=20250319000665,https://opendart.fss.or.kr/api/document.xml?rcept_no=20250319000665,20250319000665,사업보고서 (2024.12),SKH,2024-01-01,2024-12-31,20250319,,date,2026-09-15T07:44:00+00:00,zip/xml,artifacts/p0/raw/SKH-2024Q4-DART.zip,593574,aeceed9e9190e8736749130e618f58a2df1b8edf290f4d1706b07bd341c0cb41,full_text_layer_extracted
SKH-2025Q1-DART,20250515002103,DART,https://dart.fss.or.kr/dsaf001/main.do?rcpNo=20250515002103,https://opendart.fss.or.kr/api/document.xml?rcept_no=20250515002103,20250515002103,분기보고서 (2025.03),SKH,2025-01-01,2025-03-31,20250515,,date,2026-09-15T07:44:00+00:00,zip/xml,artifacts/p0/raw/SKH-2025Q1-DART.zip,228171,6eadd018b5979c108d58a635a10c0fb97563259d2ccce30343defc2d164f9d83,full_text_layer_extracted
SKH-2025Q2-DART,20250814003049,DART,https://dart.fss.or.kr/dsaf001/main.do?rcpNo=20250814003049,https://opendart.fss.or.kr/api/document.xml?rcept_no=20250814003049,20250814003049,반기보고서 (2025.06),SKH,2025-01-01,2025-06-30,20250814,,date,2026-09-15T07:44:00+00:00,zip/xml,artifacts/p0/raw/SKH-2025Q2-DART.zip,389050,ac355f12b360fedf8146ffb700172080274e9dcaf93461b0d8310af966a20c94,full_text_layer_extracted
SKH-2025Q3-DART,20251114001805,DART,https://dart.fss.or.kr/dsaf001/main.do?rcpNo=20251114001805,https://opendart.fss.or.kr/api/document.xml?rcept_no=20251114001805,20251114001805,분기보고서 (2025.09),SKH,2025-01-01,2025-09-30,20251114,,date,2026-09-15T07:44:00+00:00,zip/xml,artifacts/p0/raw/SKH-2025Q3-DART.zip,296988,30405a45453d1c89d784ec2e29a8e09addeb096edf305f2c12b486528810f53c,full_text_layer_extracted
SKH-2026Q1-DART,20260515002287,DART,https://dart.fss.or.kr/dsaf001/main.do?rcpNo=20260515002287,https://opendart.fss.or.kr/api/document.xml?rcept_no=20260515002287,20260515002287,분기보고서 (2026.03),SKH,2026-01-01,2026-03-31,20260515,,date,2026-09-15T07:44:00+00:00,zip/xml,artifacts/p0/raw/SKH-2026Q1-DART.zip,293059,f4b6e6f5631c989613b02b695b3aa5299c0131523d77dbf97d1294e5fc05d6f5,full_text_layer_extracted
SKH-2026Q2-DART,20260814003509,DART,https://dart.fss.or.kr/dsaf001/main.do?rcpNo=20260814003509,https://opendart.fss.or.kr/api/document.xml?rcept_no=20260814003509,20260814003509,반기보고서 (2026.06),SKH,2026-01-01,2026-06-30,20260814,,date,2026-09-15T07:44:00+00:00,zip/xml,artifacts/p0/raw/SKH-2026Q2-DART.zip,419763,0298aad7ccdbef3910383eecaf0b8d000316bdca1ffcba873e4a9b2e14695083,full_text_layer_extracted
SAM-2024Q1-IR,3704942ea4a57008,SAMSUNG_IR,https://images.samsung.com/kdp/ir/events/2024/2024_1Q_conference_kor.pdf,https://images.samsung.com/kdp/ir/events/2024/2024_1Q_conference_kor.pdf,,삼성전자 2024Q1 경영설명회 (국문),SAM,2024-01-01,2024-03-31,,,unknown,2026-09-15T07:45:11+00:00,pdf,artifacts/p0/raw/SAM-2024Q1-IR.pdf,3226935,3704942ea4a57008c6633f917abc0a68167fe8b8739cf68ffca2de1fd4adaea6,full_text_layer_extracted
SAM-2024Q2-IR,07eda5c5913e409d,SAMSUNG_IR,https://images.samsung.com/kdp/ir/events/2024/2024_2Q_conference_kor.pdf,https://images.samsung.com/kdp/ir/events/2024/2024_2Q_conference_kor.pdf,,삼성전자 2024Q2 경영설명회 (국문),SAM,2024-04-01,2024-06-30,,,unknown,2026-09-15T07:45:11+00:00,pdf,artifacts/p0/raw/SAM-2024Q2-IR.pdf,3304891,07eda5c5913e409d29f82be775ebf1f45aa24e1d759710b130414cf4ea7d2c89,full_text_layer_extracted
SAM-2024Q3-IR,1bcd023cf6e184f4,SAMSUNG_IR,https://images.samsung.com/kdp/ir/events/2024/2024_3Q_conference_kor.pdf,https://images.samsung.com/kdp/ir/events/2024/2024_3Q_conference_kor.pdf,,삼성전자 2024Q3 경영설명회 (국문),SAM,2024-07-01,2024-09-30,,,unknown,2026-09-15T07:45:11+00:00,pdf,artifacts/p0/raw/SAM-2024Q3-IR.pdf,3594885,1bcd023cf6e184f4e813286031f9c585cb7a33f994c4bc51f6f1cb81452516a3,full_text_layer_extracted
SAM-2024Q4-IR,dfcbb562d8ca2d0c,SAMSUNG_IR,https://images.samsung.com/kdp/ir/events/2024/2024_4Q_conference_kor.pdf,https://images.samsung.com/kdp/ir/events/2024/2024_4Q_conference_kor.pdf,,삼성전자 2024Q4 경영설명회 (국문),SAM,2024-10-01,2024-12-31,,,unknown,2026-09-15T07:45:11+00:00,pdf,artifacts/p0/raw/SAM-2024Q4-IR.pdf,3008801,dfcbb562d8ca2d0c475a18e1ac6390deb8a71ed5cdfff5efea2de6bca4f9d5da,full_text_layer_extracted
SAM-2025Q1-IR,640f16bcbfacfb51,SAMSUNG_IR,https://images.samsung.com/kdp/ir/events/2025/2025_1Q_conference_kor.pdf,https://images.samsung.com/kdp/ir/events/2025/2025_1Q_conference_kor.pdf,,삼성전자 2025Q1 경영설명회 (국문),SAM,2025-01-01,2025-03-31,,,unknown,2026-09-15T07:45:11+00:00,pdf,artifacts/p0/raw/SAM-2025Q1-IR.pdf,2992975,640f16bcbfacfb519c10c37cdbd7f415739d049423517965474755f6942e4b82,full_text_layer_extracted
SAM-2025Q2-IR,418b375ae3d54132,SAMSUNG_IR,https://images.samsung.com/kdp/ir/events/2025/2025_2Q_conference_kor.pdf,https://images.samsung.com/kdp/ir/events/2025/2025_2Q_conference_kor.pdf,,삼성전자 2025Q2 경영설명회 (국문),SAM,2025-04-01,2025-06-30,,,unknown,2026-09-15T07:45:11+00:00,pdf,artifacts/p0/raw/SAM-2025Q2-IR.pdf,2984664,418b375ae3d54132d9f215937e95195ea4734c321ac410c2bb40e753e04ba488,full_text_layer_extracted
SAM-2025Q3-IR,4171272e07dabbfa,SAMSUNG_IR,https://images.samsung.com/kdp/ir/events/2025/2025_3Q_conference_kor.pdf,https://images.samsung.com/kdp/ir/events/2025/2025_3Q_conference_kor.pdf,,삼성전자 2025Q3 경영설명회 (국문),SAM,2025-07-01,2025-09-30,,,unknown,2026-09-15T07:45:11+00:00,pdf,artifacts/p0/raw/SAM-2025Q3-IR.pdf,3138297,4171272e07dabbfa104fe2d1af2a6abc71edefc682fc7d8b103571192f37cca0,full_text_layer_extracted
SAM-2026Q2-IR,481ff0158bbd94c8,SAMSUNG_IR,https://images.samsung.com/kdp/ir/events/2026/2026_2Q_conference_kor.pdf,https://images.samsung.com/kdp/ir/events/2026/2026_2Q_conference_kor.pdf,,삼성전자 2026Q2 경영설명회 (국문),SAM,2026-04-01,2026-06-30,,,unknown,2026-09-15T07:45:11+00:00,pdf,artifacts/p0/raw/SAM-2026Q2-IR.pdf,3538204,481ff0158bbd94c8ad8f82c6a1db58c850159bbc8f2dfbb34afa78cde3111f3b,full_text_layer_extracted
SKH-2024Q1-IR,095dfb7262a4ab45,SKH_IR,https://www.skhynix.com/ir/UI-FR-IR06/,https://mis-prod-koce-homepage-cdn-01-blob-ep.azureedge.net/web/attach/61321621157035970.pdf,5579,SK hynix FY2024 Q1 Earnings Results,SKH,2024-01-01,2024-03-31,,"Apr 25, 2024/ 9:00 AM KST",unknown,2026-09-15T07:47:24+00:00,pdf,artifacts/p0/raw/SKH-2024Q1-IR.pdf,3584371,095dfb7262a4ab45625aff15d67dc78d440349127aca1a7ae56b5fea2c256841,full_text_layer_extracted
SKH-2024Q2-IR,2b3eeae58857c1a7,SKH_IR,https://www.skhynix.com/ir/UI-FR-IR06/,https://mis-prod-koce-homepage-cdn-01-blob-ep.azureedge.net/web/attach/66003067237742062.pdf,5612,SK hynix FY2024 Q2 Earnings Results,SKH,2024-04-01,2024-06-30,,"Jul 25, 2024 / 9:00 AM KST",unknown,2026-09-15T07:47:24+00:00,pdf,artifacts/p0/raw/SKH-2024Q2-IR.pdf,2370523,2b3eeae58857c1a7975fe30e143d92eeed43b0643f308abc0b24e279339cc4fc,full_text_layer_extracted
SKH-2024Q3-IR,7c32fa5eb98ec393,SKH_IR,https://www.skhynix.com/ir/UI-FR-IR06/,https://mis-prod-koce-homepage-cdn-01-blob-ep.azureedge.net/web/attach/77045741902433810.pdf,5691,SK hynix FY2024 Q3 Earnings Results,SKH,2024-07-01,2024-09-30,,"Oct 24, 2024/ 9:00 AM KST",unknown,2026-09-15T07:47:24+00:00,pdf,artifacts/p0/raw/SKH-2024Q3-IR.pdf,2149550,7c32fa5eb98ec39345b4615cfd336eaa3f357824635834249981e4201b9c42b9,full_text_layer_extracted
SKH-2024Q4-IR,985b58ab9d72b5e4,SKH_IR,https://www.skhynix.com/ir/UI-FR-IR06/,https://mis-prod-koce-homepage-cdn-01-blob-ep.azureedge.net/web/attach/81727201766385339.pdf,5712,SK hynix FY2024 Q4 Earnings Results,SKH,2024-10-01,2024-12-31,,"Jan 23, 2025/ 9:00 AM KST",unknown,2026-09-15T07:47:24+00:00,pdf,artifacts/p0/raw/SKH-2024Q4-IR.pdf,3248457,985b58ab9d72b5e4f88e20a57404c14d40aa79f399876862b00314f028338ac5,full_text_layer_extracted
SKH-2025Q1-IR,fe8e2858f2818eaa,SKH_IR,https://www.skhynix.com/ir/UI-FR-IR06/,https://mis-prod-koce-homepage-cdn-01-blob-ep.azureedge.net/web/attach/5001632852769028.pdf,5766,SK hynix FY2025 Q1 Earnings Results,SKH,2025-01-01,2025-03-31,,"Apr 24, 2025/ 9:00 AM KST",unknown,2026-09-15T07:47:24+00:00,pdf,artifacts/p0/raw/SKH-2025Q1-IR.pdf,2437706,fe8e2858f2818eaa4401c609deec9b6d6330e9cb72d5fdbd61433d651da58184,full_text_layer_extracted
SKH-2025Q2-IR,728f54d5c1d4be1f,SKH_IR,https://www.skhynix.com/ir/UI-FR-IR06/,https://mis-prod-koce-homepage-cdn-01-blob-ep.azureedge.net/web/attach/40103454849895488.pdf,5797,SK hynix FY2025 Q2 Earnings Results,SKH,2025-04-01,2025-06-30,,"Jul 24, 2025/ 9:00 AM KST",unknown,2026-09-15T07:47:24+00:00,pdf,artifacts/p0/raw/SKH-2025Q2-IR.pdf,2460040,728f54d5c1d4be1f64f613c4bde69fbf612f80e933fd8160d01ab193fbcdb32a,full_text_layer_extracted
SKH-2025Q3-IR,6a857d9ff35c9967,SKH_IR,https://www.skhynix.com/ir/UI-FR-IR06/,https://mis-prod-koce-homepage-cdn-01-blob-ep.azureedge.net/web/attach/3127648149034921.pdf,5831,SK hynix FY2025 Q3 Earnings Results,SKH,2025-07-01,2025-09-30,,"Oct 29, 2025/ 9:00 AM KST",unknown,2026-09-15T07:47:24+00:00,pdf,artifacts/p0/raw/SKH-2025Q3-IR.pdf,2161801,6a857d9ff35c9967dcd028fd438141599557e0f3671c99f3bd94227095ae892a,full_text_layer_extracted
SKH-2025Q4-IR,e81b27d744d44923,SKH_IR,https://www.skhynix.com/ir/UI-FR-IR06/,https://mis-prod-koce-homepage-cdn-01-blob-ep.azureedge.net/web/attach/116964051831620258.pdf,6180,SK hynix FY2025 Q4 Earnings Results,SKH,2025-10-01,2025-12-31,,"Jan 29, 2026/ 9:00 AM KST",unknown,2026-09-15T07:47:24+00:00,pdf,artifacts/p0/raw/SKH-2025Q4-IR.pdf,3251114,e81b27d744d449234e78a6b84cf32eae8064277ba4222a35404d57868ca13081,full_text_layer_extracted
SKH-2026Q1-IR,c7fc763e5b93cbd6,SKH_IR,https://www.skhynix.com/ir/UI-FR-IR06/,https://mis-prod-koce-homepage-cdn-01-blob-ep.azureedge.net/web/attach/18333727317328069.pdf,6433,SK hynix FY2026 Q1 Earnings Results,SKH,2026-01-01,2026-03-31,,"Apr 23, 2026/ 9:00 AM KST",unknown,2026-09-15T07:47:24+00:00,pdf,artifacts/p0/raw/SKH-2026Q1-IR.pdf,3009444,c7fc763e5b93cbd656ae909587e02ef0d4322eebaffc9decca5df51996174e75,full_text_layer_extracted
SKH-2026Q2-IR,332909850fc2c959,SKH_IR,https://www.skhynix.com/ir/UI-FR-IR06/,https://mis-prod-koce-homepage-cdn-01-blob-ep.azureedge.net/web/attach/13571040283022005.pdf,6850,SK hynix FY2026 Q2 Earnings Results,SKH,2026-04-01,2026-06-30,,"Jul 29, 2026/ 9:00 AM KST",unknown,2026-09-15T07:47:24+00:00,pdf,artifacts/p0/raw/SKH-2026Q2-IR.pdf,3024827,332909850fc2c95989b5f4d7c4385fbf9f36bb6d1f60585430daa7edabc3eee5,full_text_layer_extracted
