assignment_id,phase,item_id,item_type,annotator_id,annotator_kind,independent_context,shared_source_and_guide,human_independence_claim,split,status
practice-AGENT-A-001,practice,US-MSFT-FY2024-Q4-RELEASE-US-MSFT-CONSOLIDATED-revenue-FY2024-Q4-current_period,numeric_claim,AGENT-A,agent,true,true,false,adaptation,assigned
practice-AGENT-B-001,practice,US-MSFT-FY2024-Q4-RELEASE-US-MSFT-CONSOLIDATED-revenue-FY2024-Q4-current_period,numeric_claim,AGENT-B,agent,true,true,false,adaptation,assigned
practice-AGENT-A-002,practice,US-MSFT-FY2025-Q4-RELEASE-US-MSFT-CONSOLIDATED-cfo-FY2025-FY-current_period,numeric_claim,AGENT-A,agent,true,true,false,adaptation,assigned
practice-AGENT-B-002,practice,US-MSFT-FY2025-Q4-RELEASE-US-MSFT-CONSOLIDATED-cfo-FY2025-FY-current_period,numeric_claim,AGENT-B,agent,true,true,false,adaptation,assigned
practice-AGENT-A-003,practice,US-MSFT-FY2024-Q4-RELEASE-US-MSFT-CONSOLIDATED-positive_cash_capex-FY2024-Q4-current_period,numeric_claim,AGENT-A,agent,true,true,false,adaptation,assigned
practice-AGENT-B-003,practice,US-MSFT-FY2024-Q4-RELEASE-US-MSFT-CONSOLIDATED-positive_cash_capex-FY2024-Q4-current_period,numeric_claim,AGENT-B,agent,true,true,false,adaptation,assigned
practice-AGENT-A-004,practice,US-MSFT-FY2025-Q4-RELEASE-US-MSFT-CONSOLIDATED-total_assets-FY2025-instant-current_period,numeric_claim,AGENT-A,agent,true,true,false,adaptation,assigned
practice-AGENT-B-004,practice,US-MSFT-FY2025-Q4-RELEASE-US-MSFT-CONSOLIDATED-total_assets-FY2025-instant-current_period,numeric_claim,AGENT-B,agent,true,true,false,adaptation,assigned
practice-AGENT-A-005,practice,US-MSFT-FY2024-Q4-RELEASE-US-MSFT-SEG-IC-revenue-FY2024-FY-current_period,numeric_claim,AGENT-A,agent,true,true,false,adaptation,assigned
practice-AGENT-B-005,practice,US-MSFT-FY2024-Q4-RELEASE-US-MSFT-SEG-IC-revenue-FY2024-FY-current_period,numeric_claim,AGENT-B,agent,true,true,false,adaptation,assigned
practice-AGENT-A-006,practice,US-MSFT-FY2025-Q4-RELEASE-US-MSFT-SEG-IC-revenue-FY2024-FY-comparative_prior_year,numeric_claim,AGENT-A,agent,true,true,false,adaptation,assigned
practice-AGENT-B-006,practice,US-MSFT-FY2025-Q4-RELEASE-US-MSFT-SEG-IC-revenue-FY2024-FY-comparative_prior_year,numeric_claim,AGENT-B,agent,true,true,false,adaptation,assigned
practice-AGENT-A-007,practice,US-MSFT-FY2024-Q4-RELEASE-REPORTS-PBP,reporting_relation,AGENT-A,agent,true,true,false,adaptation,assigned
practice-AGENT-B-007,practice,US-MSFT-FY2024-Q4-RELEASE-REPORTS-PBP,reporting_relation,AGENT-B,agent,true,true,false,adaptation,assigned
practice-AGENT-A-008,practice,US-MSFT-FY2025-Q4-RELEASE-REPORTS-MPC,reporting_relation,AGENT-A,agent,true,true,false,adaptation,assigned
practice-AGENT-B-008,practice,US-MSFT-FY2025-Q4-RELEASE-REPORTS-MPC,reporting_relation,AGENT-B,agent,true,true,false,adaptation,assigned
main-AGENT-A-001,main,US-MSFT-FY2024-Q4-RELEASE-US-MSFT-CONSOLIDATED-revenue-FY2024-Q4-current_period,numeric_claim,AGENT-A,agent,true,true,false,adaptation,assigned
main-AGENT-B-001,main,US-MSFT-FY2024-Q4-RELEASE-US-MSFT-CONSOLIDATED-revenue-FY2024-Q4-current_period,numeric_claim,AGENT-B,agent,true,true,false,adaptation,assigned
main-AGENT-A-002,main,US-MSFT-FY2024-Q4-RELEASE-US-MSFT-CONSOLIDATED-operating_income-FY2024-Q4-current_period,numeric_claim,AGENT-A,agent,true,true,false,adaptation,assigned
main-AGENT-B-002,main,US-MSFT-FY2024-Q4-RELEASE-US-MSFT-CONSOLIDATED-operating_income-FY2024-Q4-current_period,numeric_claim,AGENT-B,agent,true,true,false,adaptation,assigned
main-AGENT-A-003,main,US-MSFT-FY2024-Q4-RELEASE-US-MSFT-CONSOLIDATED-net_income-FY2024-Q4-current_period,numeric_claim,AGENT-A,agent,true,true,false,adaptation,assigned
main-AGENT-B-003,main,US-MSFT-FY2024-Q4-RELEASE-US-MSFT-CONSOLIDATED-net_income-FY2024-Q4-current_period,numeric_claim,AGENT-B,agent,true,true,false,adaptation,assigned
main-AGENT-A-004,main,US-MSFT-FY2024-Q4-RELEASE-US-MSFT-CONSOLIDATED-cfo-FY2024-Q4-current_period,numeric_claim,AGENT-A,agent,true,true,false,adaptation,assigned
main-AGENT-B-004,main,US-MSFT-FY2024-Q4-RELEASE-US-MSFT-CONSOLIDATED-cfo-FY2024-Q4-current_period,numeric_claim,AGENT-B,agent,true,true,false,adaptation,assigned
main-AGENT-A-005,main,US-MSFT-FY2024-Q4-RELEASE-US-MSFT-CONSOLIDATED-positive_cash_capex-FY2024-Q4-current_period,numeric_claim,AGENT-A,agent,true,true,false,adaptation,assigned
main-AGENT-B-005,main,US-MSFT-FY2024-Q4-RELEASE-US-MSFT-CONSOLIDATED-positive_cash_capex-FY2024-Q4-current_period,numeric_claim,AGENT-B,agent,true,true,false,adaptation,assigned
main-AGENT-A-006,main,US-MSFT-FY2024-Q4-RELEASE-US-MSFT-CONSOLIDATED-revenue-FY2024-FY-current_period,numeric_claim,AGENT-A,agent,true,true,false,adaptation,assigned
main-AGENT-B-006,main,US-MSFT-FY2024-Q4-RELEASE-US-MSFT-CONSOLIDATED-revenue-FY2024-FY-current_period,numeric_claim,AGENT-B,agent,true,true,false,adaptation,assigned
main-AGENT-A-007,main,US-MSFT-FY2024-Q4-RELEASE-US-MSFT-CONSOLIDATED-operating_income-FY2024-FY-current_period,numeric_claim,AGENT-A,agent,true,true,false,adaptation,assigned
main-AGENT-B-007,main,US-MSFT-FY2024-Q4-RELEASE-US-MSFT-CONSOLIDATED-operating_income-FY2024-FY-current_period,numeric_claim,AGENT-B,agent,true,true,false,adaptation,assigned
main-AGENT-A-008,main,US-MSFT-FY2024-Q4-RELEASE-US-MSFT-CONSOLIDATED-net_income-FY2024-FY-current_period,numeric_claim,AGENT-A,agent,true,true,false,adaptation,assigned
main-AGENT-B-008,main,US-MSFT-FY2024-Q4-RELEASE-US-MSFT-CONSOLIDATED-net_income-FY2024-FY-current_period,numeric_claim,AGENT-B,agent,true,true,false,adaptation,assigned
main-AGENT-A-009,main,US-MSFT-FY2024-Q4-RELEASE-US-MSFT-CONSOLIDATED-cfo-FY2024-FY-current_period,numeric_claim,AGENT-A,agent,true,true,false,adaptation,assigned
main-AGENT-B-009,main,US-MSFT-FY2024-Q4-RELEASE-US-MSFT-CONSOLIDATED-cfo-FY2024-FY-current_period,numeric_claim,AGENT-B,agent,true,true,false,adaptation,assigned
main-AGENT-A-010,main,US-MSFT-FY2024-Q4-RELEASE-US-MSFT-CONSOLIDATED-positive_cash_capex-FY2024-FY-current_period,numeric_claim,AGENT-A,agent,true,true,false,adaptation,assigned
main-AGENT-B-010,main,US-MSFT-FY2024-Q4-RELEASE-US-MSFT-CONSOLIDATED-positive_cash_capex-FY2024-FY-current_period,numeric_claim,AGENT-B,agent,true,true,false,adaptation,assigned
main-AGENT-A-011,main,US-MSFT-FY2024-Q4-RELEASE-US-MSFT-CONSOLIDATED-total_assets-FY2024-instant-current_period,numeric_claim,AGENT-A,agent,true,true,false,adaptation,assigned
main-AGENT-B-011,main,US-MSFT-FY2024-Q4-RELEASE-US-MSFT-CONSOLIDATED-total_assets-FY2024-instant-current_period,numeric_claim,AGENT-B,agent,true,true,false,adaptation,assigned
main-AGENT-A-012,main,US-MSFT-FY2024-Q4-RELEASE-US-MSFT-CONSOLIDATED-cash_and_equivalents-FY2024-instant-current_period,numeric_claim,AGENT-A,agent,true,true,false,adaptation,assigned
main-AGENT-B-012,main,US-MSFT-FY2024-Q4-RELEASE-US-MSFT-CONSOLIDATED-cash_and_equivalents-FY2024-instant-current_period,numeric_claim,AGENT-B,agent,true,true,false,adaptation,assigned
main-AGENT-A-013,main,US-MSFT-FY2024-Q4-RELEASE-US-MSFT-SEG-PBP-revenue-FY2024-FY-current_period,numeric_claim,AGENT-A,agent,true,true,false,adaptation,assigned
main-AGENT-B-013,main,US-MSFT-FY2024-Q4-RELEASE-US-MSFT-SEG-PBP-revenue-FY2024-FY-current_period,numeric_claim,AGENT-B,agent,true,true,false,adaptation,assigned
main-AGENT-A-014,main,US-MSFT-FY2024-Q4-RELEASE-US-MSFT-SEG-IC-revenue-FY2024-FY-current_period,numeric_claim,AGENT-A,agent,true,true,false,adaptation,assigned
main-AGENT-B-014,main,US-MSFT-FY2024-Q4-RELEASE-US-MSFT-SEG-IC-revenue-FY2024-FY-current_period,numeric_claim,AGENT-B,agent,true,true,false,adaptation,assigned
main-AGENT-A-015,main,US-MSFT-FY2024-Q4-RELEASE-US-MSFT-SEG-MPC-revenue-FY2024-FY-current_period,numeric_claim,AGENT-A,agent,true,true,false,adaptation,assigned
main-AGENT-B-015,main,US-MSFT-FY2024-Q4-RELEASE-US-MSFT-SEG-MPC-revenue-FY2024-FY-current_period,numeric_claim,AGENT-B,agent,true,true,false,adaptation,assigned
main-AGENT-A-016,main,US-MSFT-FY2025-Q4-RELEASE-US-MSFT-CONSOLIDATED-revenue-FY2025-Q4-current_period,numeric_claim,AGENT-A,agent,true,true,false,adaptation,assigned
main-AGENT-B-016,main,US-MSFT-FY2025-Q4-RELEASE-US-MSFT-CONSOLIDATED-revenue-FY2025-Q4-current_period,numeric_claim,AGENT-B,agent,true,true,false,adaptation,assigned
main-AGENT-A-017,main,US-MSFT-FY2025-Q4-RELEASE-US-MSFT-CONSOLIDATED-operating_income-FY2025-Q4-current_period,numeric_claim,AGENT-A,agent,true,true,false,adaptation,assigned
main-AGENT-B-017,main,US-MSFT-FY2025-Q4-RELEASE-US-MSFT-CONSOLIDATED-operating_income-FY2025-Q4-current_period,numeric_claim,AGENT-B,agent,true,true,false,adaptation,assigned
main-AGENT-A-018,main,US-MSFT-FY2025-Q4-RELEASE-US-MSFT-CONSOLIDATED-net_income-FY2025-Q4-current_period,numeric_claim,AGENT-A,agent,true,true,false,adaptation,assigned
main-AGENT-B-018,main,US-MSFT-FY2025-Q4-RELEASE-US-MSFT-CONSOLIDATED-net_income-FY2025-Q4-current_period,numeric_claim,AGENT-B,agent,true,true,false,adaptation,assigned
main-AGENT-A-019,main,US-MSFT-FY2025-Q4-RELEASE-US-MSFT-CONSOLIDATED-cfo-FY2025-Q4-current_period,numeric_claim,AGENT-A,agent,true,true,false,adaptation,assigned
main-AGENT-B-019,main,US-MSFT-FY2025-Q4-RELEASE-US-MSFT-CONSOLIDATED-cfo-FY2025-Q4-current_period,numeric_claim,AGENT-B,agent,true,true,false,adaptation,assigned
main-AGENT-A-020,main,US-MSFT-FY2025-Q4-RELEASE-US-MSFT-CONSOLIDATED-positive_cash_capex-FY2025-Q4-current_period,numeric_claim,AGENT-A,agent,true,true,false,adaptation,assigned
main-AGENT-B-020,main,US-MSFT-FY2025-Q4-RELEASE-US-MSFT-CONSOLIDATED-positive_cash_capex-FY2025-Q4-current_period,numeric_claim,AGENT-B,agent,true,true,false,adaptation,assigned
main-AGENT-A-021,main,US-MSFT-FY2025-Q4-RELEASE-US-MSFT-CONSOLIDATED-revenue-FY2025-FY-current_period,numeric_claim,AGENT-A,agent,true,true,false,adaptation,assigned
main-AGENT-B-021,main,US-MSFT-FY2025-Q4-RELEASE-US-MSFT-CONSOLIDATED-revenue-FY2025-FY-current_period,numeric_claim,AGENT-B,agent,true,true,false,adaptation,assigned
main-AGENT-A-022,main,US-MSFT-FY2025-Q4-RELEASE-US-MSFT-CONSOLIDATED-operating_income-FY2025-FY-current_period,numeric_claim,AGENT-A,agent,true,true,false,adaptation,assigned
main-AGENT-B-022,main,US-MSFT-FY2025-Q4-RELEASE-US-MSFT-CONSOLIDATED-operating_income-FY2025-FY-current_period,numeric_claim,AGENT-B,agent,true,true,false,adaptation,assigned
main-AGENT-A-023,main,US-MSFT-FY2025-Q4-RELEASE-US-MSFT-CONSOLIDATED-net_income-FY2025-FY-current_period,numeric_claim,AGENT-A,agent,true,true,false,adaptation,assigned
main-AGENT-B-023,main,US-MSFT-FY2025-Q4-RELEASE-US-MSFT-CONSOLIDATED-net_income-FY2025-FY-current_period,numeric_claim,AGENT-B,agent,true,true,false,adaptation,assigned
main-AGENT-A-024,main,US-MSFT-FY2025-Q4-RELEASE-US-MSFT-CONSOLIDATED-cfo-FY2025-FY-current_period,numeric_claim,AGENT-A,agent,true,true,false,adaptation,assigned
main-AGENT-B-024,main,US-MSFT-FY2025-Q4-RELEASE-US-MSFT-CONSOLIDATED-cfo-FY2025-FY-current_period,numeric_claim,AGENT-B,agent,true,true,false,adaptation,assigned
main-AGENT-A-025,main,US-MSFT-FY2025-Q4-RELEASE-US-MSFT-CONSOLIDATED-positive_cash_capex-FY2025-FY-current_period,numeric_claim,AGENT-A,agent,true,true,false,adaptation,assigned
main-AGENT-B-025,main,US-MSFT-FY2025-Q4-RELEASE-US-MSFT-CONSOLIDATED-positive_cash_capex-FY2025-FY-current_period,numeric_claim,AGENT-B,agent,true,true,false,adaptation,assigned
main-AGENT-A-026,main,US-MSFT-FY2025-Q4-RELEASE-US-MSFT-CONSOLIDATED-total_assets-FY2025-instant-current_period,numeric_claim,AGENT-A,agent,true,true,false,adaptation,assigned
main-AGENT-B-026,main,US-MSFT-FY2025-Q4-RELEASE-US-MSFT-CONSOLIDATED-total_assets-FY2025-instant-current_period,numeric_claim,AGENT-B,agent,true,true,false,adaptation,assigned
main-AGENT-A-027,main,US-MSFT-FY2025-Q4-RELEASE-US-MSFT-CONSOLIDATED-cash_and_equivalents-FY2025-instant-current_period,numeric_claim,AGENT-A,agent,true,true,false,adaptation,assigned
main-AGENT-B-027,main,US-MSFT-FY2025-Q4-RELEASE-US-MSFT-CONSOLIDATED-cash_and_equivalents-FY2025-instant-current_period,numeric_claim,AGENT-B,agent,true,true,false,adaptation,assigned
main-AGENT-A-028,main,US-MSFT-FY2025-Q4-RELEASE-US-MSFT-SEG-PBP-revenue-FY2025-FY-current_period,numeric_claim,AGENT-A,agent,true,true,false,adaptation,assigned
main-AGENT-B-028,main,US-MSFT-FY2025-Q4-RELEASE-US-MSFT-SEG-PBP-revenue-FY2025-FY-current_period,numeric_claim,AGENT-B,agent,true,true,false,adaptation,assigned
main-AGENT-A-029,main,US-MSFT-FY2025-Q4-RELEASE-US-MSFT-SEG-PBP-revenue-FY2024-FY-comparative_prior_year,numeric_claim,AGENT-A,agent,true,true,false,adaptation,assigned
main-AGENT-B-029,main,US-MSFT-FY2025-Q4-RELEASE-US-MSFT-SEG-PBP-revenue-FY2024-FY-comparative_prior_year,numeric_claim,AGENT-B,agent,true,true,false,adaptation,assigned
main-AGENT-A-030,main,US-MSFT-FY2025-Q4-RELEASE-US-MSFT-SEG-IC-revenue-FY2025-FY-current_period,numeric_claim,AGENT-A,agent,true,true,false,adaptation,assigned
main-AGENT-B-030,main,US-MSFT-FY2025-Q4-RELEASE-US-MSFT-SEG-IC-revenue-FY2025-FY-current_period,numeric_claim,AGENT-B,agent,true,true,false,adaptation,assigned
main-AGENT-A-031,main,US-MSFT-FY2025-Q4-RELEASE-US-MSFT-SEG-IC-revenue-FY2024-FY-comparative_prior_year,numeric_claim,AGENT-A,agent,true,true,false,adaptation,assigned
main-AGENT-B-031,main,US-MSFT-FY2025-Q4-RELEASE-US-MSFT-SEG-IC-revenue-FY2024-FY-comparative_prior_year,numeric_claim,AGENT-B,agent,true,true,false,adaptation,assigned
main-AGENT-A-032,main,US-MSFT-FY2025-Q4-RELEASE-US-MSFT-SEG-MPC-revenue-FY2025-FY-current_period,numeric_claim,AGENT-A,agent,true,true,false,adaptation,assigned
main-AGENT-B-032,main,US-MSFT-FY2025-Q4-RELEASE-US-MSFT-SEG-MPC-revenue-FY2025-FY-current_period,numeric_claim,AGENT-B,agent,true,true,false,adaptation,assigned
main-AGENT-A-033,main,US-MSFT-FY2025-Q4-RELEASE-US-MSFT-SEG-MPC-revenue-FY2024-FY-comparative_prior_year,numeric_claim,AGENT-A,agent,true,true,false,adaptation,assigned
main-AGENT-B-033,main,US-MSFT-FY2025-Q4-RELEASE-US-MSFT-SEG-MPC-revenue-FY2024-FY-comparative_prior_year,numeric_claim,AGENT-B,agent,true,true,false,adaptation,assigned
main-AGENT-A-034,main,US-MSFT-FY2024-Q4-RELEASE-REPORTS-PBP,reporting_relation,AGENT-A,agent,true,true,false,adaptation,assigned
main-AGENT-B-034,main,US-MSFT-FY2024-Q4-RELEASE-REPORTS-PBP,reporting_relation,AGENT-B,agent,true,true,false,adaptation,assigned
main-AGENT-A-035,main,US-MSFT-FY2024-Q4-RELEASE-REPORTS-IC,reporting_relation,AGENT-A,agent,true,true,false,adaptation,assigned
main-AGENT-B-035,main,US-MSFT-FY2024-Q4-RELEASE-REPORTS-IC,reporting_relation,AGENT-B,agent,true,true,false,adaptation,assigned
main-AGENT-A-036,main,US-MSFT-FY2024-Q4-RELEASE-REPORTS-MPC,reporting_relation,AGENT-A,agent,true,true,false,adaptation,assigned
main-AGENT-B-036,main,US-MSFT-FY2024-Q4-RELEASE-REPORTS-MPC,reporting_relation,AGENT-B,agent,true,true,false,adaptation,assigned
main-AGENT-A-037,main,US-MSFT-FY2025-Q4-RELEASE-REPORTS-PBP,reporting_relation,AGENT-A,agent,true,true,false,adaptation,assigned
main-AGENT-B-037,main,US-MSFT-FY2025-Q4-RELEASE-REPORTS-PBP,reporting_relation,AGENT-B,agent,true,true,false,adaptation,assigned
main-AGENT-A-038,main,US-MSFT-FY2025-Q4-RELEASE-REPORTS-IC,reporting_relation,AGENT-A,agent,true,true,false,adaptation,assigned
main-AGENT-B-038,main,US-MSFT-FY2025-Q4-RELEASE-REPORTS-IC,reporting_relation,AGENT-B,agent,true,true,false,adaptation,assigned
main-AGENT-A-039,main,US-MSFT-FY2025-Q4-RELEASE-REPORTS-MPC,reporting_relation,AGENT-A,agent,true,true,false,adaptation,assigned
main-AGENT-B-039,main,US-MSFT-FY2025-Q4-RELEASE-REPORTS-MPC,reporting_relation,AGENT-B,agent,true,true,false,adaptation,assigned
