path,sha256,bytes,rows_if_tabular,role
artifacts/us_equity/p3/adjudications.jsonl,7a564a00dd05b5f6993f319989449b7d594ff6bb66fdd6711953d284c99eab19,66628,39,artifact_or_documentation
artifacts/us_equity/p3/agreement_by_field.csv,1291d9c6bb38929736caa3af820d4a1dce1545c05fc717edbf90a4b38df4a01f,3484,64,artifact_or_documentation
artifacts/us_equity/p3/agreement_report.md,25c29a9de536f4d9aa48eafcf3b56f5dbd9dd573edbb0bfa01fda9931af3c95d,2412,,artifact_or_documentation
artifacts/us_equity/p3/agreement_results.json,6dc5a507a275d53935f505451ea2c8dce01ceadc18de3e61d7daf44cd8b9ad06,26444,,artifact_or_documentation
artifacts/us_equity/p3/annotation_assignments.csv,9068106fa50f995c8dc8413fa56c75864c5901ee44fdeff1c3fc697ca42a4cb6,15631,94,artifact_or_documentation
artifacts/us_equity/p3/annotation_clarifications_v1_1.json,574154098d330dbab351a451cfcf07acb92bf8001b5a3e7110ae461b939fb662,2444,,artifact_or_documentation
artifacts/us_equity/p3/annotation_execution_manifest.json,cb1f64220822b43c2e49db448e5a370c3a1782c05b7462a7e12aa04667e5f979,1938,,artifact_or_documentation
artifacts/us_equity/p3/annotation_freeze_v1_1.json,935cdcd260b741f687e57a19d29c1a33d3acd6c238ffd29879dca2300c887663,1269,,artifact_or_documentation
artifacts/us_equity/p3/annotation_freeze_v1_2.json,91de216e691087553f5ccf8541036777b18789da1af5adceb0c752e3f90d42cd,1234,,artifact_or_documentation
artifacts/us_equity/p3/annotation_guide_v1.md,7d1b725cd00025e5654d8d7393d28d22a83dea8f7793d00d14dac603da762dc3,10115,,artifact_or_documentation
artifacts/us_equity/p3/annotation_guide_v1_1.md,88809dfac03470cf7647f8c4034df3298464c7d7fc7e5832b498e50331e44b38,10928,,artifact_or_documentation
artifacts/us_equity/p3/annotation_guide_v1_2.md,c4a571e191ee9d8c04af82fda4f8dee33fc97e24a3b888d0024bd77e07daef08,12273,,artifact_or_documentation
artifacts/us_equity/p3/annotation_operations.md,b775e229f4fb1b0ce4f4494162871a17fec68576d84a3584d07f6d9403d91941,1246,,artifact_or_documentation
artifacts/us_equity/p3/annotation_output_contract.json,85e0f572ad55f1c3164375462d4d0bc74c217f22a603576fbf82b59fedeb65f8,4466,,artifact_or_documentation
artifacts/us_equity/p3/annotation_output_contract_v1_1.json,bced0f2143b723300ef9c32f6528bc5e96d3e391937e80b61b56d381e1ed53f7,4375,,artifact_or_documentation
artifacts/us_equity/p3/annotation_output_contract_v1_2.json,81736aa4370d9c240642cd931c07e9b6b46f16fdb77f7548115991829c7606da,5186,,artifact_or_documentation
artifacts/us_equity/p3/annotation_reference.json,d6a1c10c6c28e8db1d365d5c7e784ae130cd1233a055a717b5489694fc6c4d84,1625,,artifact_or_documentation
artifacts/us_equity/p3/annotations_raw.jsonl,0e67b69ce00b7c870f432dfb1c990889c8652d0249abe0a1763e43e741aea200,415621,78,artifact_or_documentation
artifacts/us_equity/p3/assessment_reviews.jsonl,aba72eed034c39b273661ec02fdee542a1a4b961946cc7d174d82ced252504b4,190078,39,artifact_or_documentation
artifacts/us_equity/p3/assessments_raw.jsonl,79f5b9e6e493d8706b10f427a43a73d1d1ae3962654796f64f03ee092a0f90f1,345738,78,artifact_or_documentation
artifacts/us_equity/p3/assignment_execution.csv,448b82ccb369b8329a9247e02cafa722c75728f5c3309ecd6242809af9aa76c2,28295,94,artifact_or_documentation
artifacts/us_equity/p3/contract_build_manifest.json,4ac36e7093cf4523a8790b12e01ce38bcde2a7b6d8ee98ba4ba4532061649f85,1292,,artifact_or_documentation
artifacts/us_equity/p3/contract_freeze_manifest.json,c924130abe00a5976b3e7c27e74e1cd63ee6c4baa354df5f6714079d5a45a8d6,2373,,artifact_or_documentation
artifacts/us_equity/p3/contract_records.jsonl,b0a66045d0f8793b93e45593d625cf4ca9cfa79b1dffc1cc0f5f7cb74c158c4c,391573,39,artifact_or_documentation
artifacts/us_equity/p3/contract_revisions/before_cross_review/annotation_reference.json,d6a1c10c6c28e8db1d365d5c7e784ae130cd1233a055a717b5489694fc6c4d84,1625,,history_or_review
artifacts/us_equity/p3/contract_revisions/before_cross_review/contract_build_manifest.json,581776acdc8dfb8df78c8e733db6331285aa96b6c3f4381f0b674ca27255881d,1292,,history_or_review
artifacts/us_equity/p3/contract_revisions/before_cross_review/contract_records.jsonl,1dfaff796041fe9bb9b88ad4767b5f76f75798f6756d3cf3334b212776c533e9,373774,39,history_or_review
artifacts/us_equity/p3/contract_revisions/before_cross_review/contract_validation_final.json,e56814a3cc53264500e400c8e7be3b9c36ef0c8f39880710585bdb4e1f5a1845,1386,,history_or_review
artifacts/us_equity/p3/contract_revisions/before_cross_review/event_schema_v1.json,9a05f8a8b0d82a53035c8980eaa7a85694cd4d586ee2d7831f934346a058a5af,45957,,history_or_review
artifacts/us_equity/p3/contract_revisions/before_cross_review/evidence_index.jsonl,211b889d6315231ba3c9e6de56b1bb20a1a2b8bdf90e1387648c4fbdb940240b,74940,84,history_or_review
artifacts/us_equity/p3/contract_revisions/before_cross_review/p04_build_contract.py,ae8ac08910d69ac3921b1a7be638c77d96fd2ef7f55ca9da26dd3d31228e3ea5,20428,,history_or_review
artifacts/us_equity/p3/contract_revisions/before_cross_review/p04_contract_validation.py,ef5a884cd7269f9fa5fcf14f5caff2319a02d549de5af0f8fea55f048266f0c3,16799,,history_or_review
artifacts/us_equity/p3/contract_revisions/before_cross_review/schema_migration.md,6ce63be920aa179a9d0e6ca5ac460e3acda8e9b0f64216a164a1e93ef14eaafd,2892,,history_or_review
artifacts/us_equity/p3/contract_revisions/before_cross_review/schema_negative_cases.json,3291edc6ab6dbb9ea90a89dfef317728409c974b8456688585aa7c2df9203028,5776,,history_or_review
artifacts/us_equity/p3/contract_revisions/before_cross_review/source_packets.jsonl,55abb3f80dca1845165e4bcb477c2e64f44cc8c4a8075bd766499d77e300da2a,56099,39,history_or_review
artifacts/us_equity/p3/contract_revisions/before_version_alignment/annotation_reference.json,d6a1c10c6c28e8db1d365d5c7e784ae130cd1233a055a717b5489694fc6c4d84,1625,,history_or_review
artifacts/us_equity/p3/contract_revisions/before_version_alignment/contract_build_manifest.json,4bd2414f979fd73dc6fbcf3fbcdac7a66c6e225c659d247bd595380f635973e7,1292,,history_or_review
artifacts/us_equity/p3/contract_revisions/before_version_alignment/contract_records.jsonl,9a4e8c497828a5234f716a048db5715603777056753ac2711ccd56f96c2458d3,390910,39,history_or_review
artifacts/us_equity/p3/contract_revisions/before_version_alignment/contract_validation_final.json,3f65f67521cdcc4a8dd4e88e884cda023e24dff3e74c971718f20bda506fec8d,1386,,history_or_review
artifacts/us_equity/p3/contract_revisions/before_version_alignment/event_schema_v1.json,801e70d9e33734c53cddf6a3543c8e83693958fc332a3d86e00c5a4b64f8ddfa,46659,,history_or_review
artifacts/us_equity/p3/contract_revisions/before_version_alignment/evidence_index.jsonl,211b889d6315231ba3c9e6de56b1bb20a1a2b8bdf90e1387648c4fbdb940240b,74940,84,history_or_review
artifacts/us_equity/p3/contract_revisions/before_version_alignment/p04_build_contract.py,73ffaa51cad2ea78e61409ade50347c9b8d5d945f45437ea2b574d966a1c3cf3,22193,,history_or_review
artifacts/us_equity/p3/contract_revisions/before_version_alignment/schema_migration.md,0eb874b2df64360237bc3ba14e817cc5eff9c04e0b74d479f98c6cd280d6a1ae,3461,,history_or_review
artifacts/us_equity/p3/contract_revisions/before_version_alignment/schema_negative_cases.json,c2dfec00af717246cbdab680641dc8855ca6718f2122b3787d8843723a21d933,6735,,history_or_review
artifacts/us_equity/p3/contract_revisions/before_version_alignment/source_packets.jsonl,55abb3f80dca1845165e4bcb477c2e64f44cc8c4a8075bd766499d77e300da2a,56099,39,history_or_review
artifacts/us_equity/p3/contract_revisions/initial/annotation_reference.json,d6a1c10c6c28e8db1d365d5c7e784ae130cd1233a055a717b5489694fc6c4d84,1625,,history_or_review
artifacts/us_equity/p3/contract_revisions/initial/contract_build_manifest.json,76b2a4119f3385a3c69d04a18596e32d76149baa95642ca761067413d9f81f6a,1292,,history_or_review
artifacts/us_equity/p3/contract_revisions/initial/contract_records.jsonl,22fb09c9b65498ce5202072c2db05d30eef2c32f27bd93231cda53a576621d4d,373850,39,history_or_review
artifacts/us_equity/p3/contract_revisions/initial/event_schema_v1.json,9a05f8a8b0d82a53035c8980eaa7a85694cd4d586ee2d7831f934346a058a5af,45957,,history_or_review
artifacts/us_equity/p3/contract_revisions/initial/evidence_index.jsonl,211b889d6315231ba3c9e6de56b1bb20a1a2b8bdf90e1387648c4fbdb940240b,74940,84,history_or_review
artifacts/us_equity/p3/contract_revisions/initial/p04_build_contract.py,a37eb2ef95de582864043a9648dd9d5413940edb555dbd154f2d778478b1dbfc,19416,,history_or_review
artifacts/us_equity/p3/contract_revisions/initial/p04_contract_validation.py,ef5a884cd7269f9fa5fcf14f5caff2319a02d549de5af0f8fea55f048266f0c3,16799,,history_or_review
artifacts/us_equity/p3/contract_revisions/initial/schema_migration.md,b47f78f9b471cfba35a1a5229173f565d5cad403e347e41ab42864e2df2a9b58,2390,,history_or_review
artifacts/us_equity/p3/contract_revisions/initial/source_packets.jsonl,55abb3f80dca1845165e4bcb477c2e64f44cc8c4a8075bd766499d77e300da2a,56099,39,history_or_review
artifacts/us_equity/p3/contract_validation_final.json,5dca31049847f8a9313f366f74df6bc834be5cbe91c58fa1aa212cfe4be72945,1386,,artifact_or_documentation
artifacts/us_equity/p3/contract_validation_initial.json,4ab2e9ecccbafaccf8f69f4d9556ec7822cf0d900fa20a973402098ec78ab6d3,3421,,artifact_or_documentation
artifacts/us_equity/p3/coverage_gaps.csv,d5794a899ace87ce4b63500b246e919ce81586be52576fbbc14d548ccc7033a9,763,7,artifact_or_documentation
artifacts/us_equity/p3/dataset_card.md,0b9086b366f0ea574c4a5e3c4e929c391639f2ef3c2354d06040c744c7181546,8363,,artifact_or_documentation
artifacts/us_equity/p3/dependency_edges.csv,8e9e99b4fdbfa5d998afd7eb2275712c47036b6da056abb17130b28b46c4909c,7436,27,artifact_or_documentation
artifacts/us_equity/p3/event_claim_links.csv,d42d758353e9954451816ee5a16b69d1ce7005b813f3b53f07678814634eb8b5,6724,39,artifact_or_documentation
artifacts/us_equity/p3/event_families.csv,c0cd570257cae1b90f41df30301a5f2ab811f690f7c98c17abb6bf238caa905c,699,2,artifact_or_documentation
artifacts/us_equity/p3/event_schema_v1.json,801e70d9e33734c53cddf6a3543c8e83693958fc332a3d86e00c5a4b64f8ddfa,46659,,artifact_or_documentation
artifacts/us_equity/p3/evidence_index.jsonl,211b889d6315231ba3c9e6de56b1bb20a1a2b8bdf90e1387648c4fbdb940240b,74940,84,artifact_or_documentation
artifacts/us_equity/p3/execution_authorization.json,aa1dbc5335e2dfe5954c3c3fad17d73dec876866f5693843d260cae3d1e44e8c,684,,artifact_or_documentation
artifacts/us_equity/p3/execution_briefing.md,e2c52ebef8623b7060f3eaf1cd7e2f904893fcbce21fee2a76ea0790bc3caa72,4901,,artifact_or_documentation
artifacts/us_equity/p3/exposure_manifest.csv,0f259ebcab3c4c8f4ac357332e5c3b26280a0659a1ded1b9b9ed356550d853c9,807,3,artifact_or_documentation
artifacts/us_equity/p3/gold_events.jsonl,e3b0c44298fc1c149afbf4c8996fb92427ae41e4649b934ca495991b7852b855,0,0,artifact_or_documentation
artifacts/us_equity/p3/gold_relations.jsonl,e3b0c44298fc1c149afbf4c8996fb92427ae41e4649b934ca495991b7852b855,0,0,artifact_or_documentation
artifacts/us_equity/p3/gold_status.json,6fabb3a2f32261e901396d0ee9a0a3445a31f3b77f0b0c9d0dc8eb2eccdb7eaa,453,,artifact_or_documentation
artifacts/us_equity/p3/gold_validation.md,6e77e509fe57b5fca37babe1200fa9431e123b4520a45be9ebe2b87b628ce3dd,2008,,artifact_or_documentation
artifacts/us_equity/p3/handoff_p3.md,05c3cdce3a726b148ff25d800482db146b2790e63273c0656306f28ddce64d8d,1617,,artifact_or_documentation
artifacts/us_equity/p3/input_snapshot.json,565a054cb5c3b64d62328ef0f6d359c88142d45d47d65744c8238a58acd26e20,2518,,artifact_or_documentation
artifacts/us_equity/p3/phase_status.json,587d8f5c91c832ce799a1a0c27ac06a2b0e50d0ee9bc03804d4d6aadbec9c7d3,734,,artifact_or_documentation
artifacts/us_equity/p3/practice_annotations.jsonl,b63aed3ecce153d52dcbff823d11723320feca307b48d39c880c0bed2cb86cdf,83324,16,artifact_or_documentation
artifacts/us_equity/p3/practice_assessments.jsonl,87ab23016ee267cdbf7ccb762aae436619eace9bbbca805addbffabcabb80b53,68832,16,artifact_or_documentation
artifacts/us_equity/p3/practice_selection.json,6552e6185605fb05a463f54abdf17aeec423e1389415f027650312ed207ee323,1052,,artifact_or_documentation
artifacts/us_equity/p3/reviewed_agent_claims.jsonl,5c3709eeca68f9d2c54003d58e631329056eb169e85a02ff6c59fb35450a33af,106112,33,artifact_or_documentation
artifacts/us_equity/p3/reviewed_agent_events.jsonl,75dd828c076d1215e65a17fe95b62add7c9b4ee1053b79c9ade00e7f89362d7a,3725,2,artifact_or_documentation
artifacts/us_equity/p3/reviewed_agent_relations.jsonl,2c8f8693739777605911685db524274f416f7521051c789fe3324217f75908db,17470,6,artifact_or_documentation
artifacts/us_equity/p3/reviewer_a/code_history/p04_annotate_a.before_v1_2.py,b098bc0663c0937e0bde22e35fd3c97645a32960eb117cdcdf4a7c3c479285ad,25795,,history_or_review
artifacts/us_equity/p3/reviewer_a/code_history/p04_annotate_a.practice_execution.py,a0ad457af2209d4875ca8a094f90375177fb76d8dfd27ac839c72211ea48f6f2,25563,,history_or_review
artifacts/us_equity/p3/reviewer_a/code_revision_after_practice.json,6ad5c1f4e8e007354b43b7c5d35600c5429758820a23ae2731a90e28976d5e4c,651,,artifact_or_documentation
artifacts/us_equity/p3/reviewer_a/main_annotations.jsonl,0bdb488f7e60d05ae37e8c588f0b1d5500100500e5a2be7a318d8e4bc3674fe0,201059,39,artifact_or_documentation
artifacts/us_equity/p3/reviewer_a/main_assessments.jsonl,b5c44635f5b0b6d8c21d8c6f4f751708989d5ec150ff3b7f0cf4abf9758210a1,166332,39,artifact_or_documentation
artifacts/us_equity/p3/reviewer_a/main_execution_log.json,0e77460373fef95fa0c3ef584787b7dc5a839f37e93222359b74a2825e90ad36,9055,,artifact_or_documentation
artifacts/us_equity/p3/reviewer_a/main_postwrite_verification.json,8503af89072f5dce73cece8ac6820cf25008f42dd16049b3e3cea03fae997698,978,,artifact_or_documentation
artifacts/us_equity/p3/reviewer_a/main_selfreview.json,c21eb82f875e25bccfd95b20771a4e0145bedcefc2087cc50df6c5bb8f335acf,2339,,artifact_or_documentation
artifacts/us_equity/p3/reviewer_a/practice_annotations.jsonl,75736aa88c501e49896a7afd4ce7e38b0f2406dc0b9a8dffadab64d83c2a859a,37719,8,artifact_or_documentation
artifacts/us_equity/p3/reviewer_a/practice_annotations_v1_2.jsonl,a10677482c8e83301cdb82ba35d2c263a44bb85431ba404f5b7fb84d65ce6e27,42679,8,artifact_or_documentation
artifacts/us_equity/p3/reviewer_a/practice_assessments.jsonl,2445cf5f376cc5c0cae5ce59526210a5219bb71a92423b365e49e6619add203d,29702,8,artifact_or_documentation
artifacts/us_equity/p3/reviewer_a/practice_assessments_v1_2.jsonl,7e70f3fdc5b649daedacab0d5199be31b8cf458855594908b80b40764255276b,35430,8,artifact_or_documentation
artifacts/us_equity/p3/reviewer_a/practice_execution_log.json,9d01bd2181349ea6c42d845bd5a18caf20e8dd75563ca7b88eedeb2b7f800861,7001,,artifact_or_documentation
artifacts/us_equity/p3/reviewer_a/practice_execution_log_v1_2.json,2e501de36007e704e1f68ea79f3c2d26df682d3af052b9f5d6f472eb12210ca9,8681,,artifact_or_documentation
artifacts/us_equity/p3/reviewer_a/practice_postwrite_verification.json,3c21b2e2a4e5299fb77c54612fa3a4f5c8a440e184d29072a4f1c2212c8d331b,2747,,artifact_or_documentation
artifacts/us_equity/p3/reviewer_a/practice_postwrite_verification_v1_2.json,0cce50479802f37da8db1b684af54dcbd2559a2b4fb24d08fa8568ea4e48b8ea,877,,artifact_or_documentation
artifacts/us_equity/p3/reviewer_a/practice_selfreview.json,601f1427d3ddb0959bc1dd1d6a8ff7060e1b49b23308c001e5f5cc81b3906704,2205,,artifact_or_documentation
artifacts/us_equity/p3/reviewer_a/practice_selfreview_v1_2.json,2e00fdbcca329bbcb1420a9616a07710eb243f6fc3a20a9490236f0a9c58fbab,2332,,artifact_or_documentation
artifacts/us_equity/p3/reviewer_b/main_annotations.jsonl,b3f1943a1a87c96d853400cf30292e9ad89519fdf91b55ac5831833d0bc644e7,214562,39,artifact_or_documentation
artifacts/us_equity/p3/reviewer_b/main_assessments.jsonl,1d79a994ee4c8fafb4f5a2b991ef67798a1c175a8b48a7fb072a93fca0553c8c,179406,39,artifact_or_documentation
artifacts/us_equity/p3/reviewer_b/main_execution.json,d728e8800278300b0a96d49bd3337bd41e9aa5c8ca424c136dbd4bd4fbcc0330,7814,,artifact_or_documentation
artifacts/us_equity/p3/reviewer_b/main_postcheck.json,2589bdc4fd4e5f25103e7f3fef6d6f1c3e99def6bcca8524876f48df9df3723d,1065,,artifact_or_documentation
artifacts/us_equity/p3/reviewer_b/main_script_snapshot.py,e9c7e4138d443db3b5a528474a1e3ed355eb3112e68dccfff540557199a1c75a,26629,,code
artifacts/us_equity/p3/reviewer_b/main_selfreview.json,a6f65662a954c870e99e3098a3de46e8b4c75ff0cc265af96423eb4d09264558,2669,,artifact_or_documentation
artifacts/us_equity/p3/reviewer_b/practice_annotations.jsonl,859377010575f175898c195aa17d78682377e78eae1bc4415e846e76174bf640,35805,8,artifact_or_documentation
artifacts/us_equity/p3/reviewer_b/practice_annotations_v1_2.jsonl,56c1f0588ab0a0ff8641699721d4d721a4c4824358a82bb1b05873ad3f8246da,40645,8,artifact_or_documentation
artifacts/us_equity/p3/reviewer_b/practice_assessments.jsonl,4ee93c1ef7141431701779f1029d3482ba0b2056030579304a8636b7d564e833,28210,8,artifact_or_documentation
artifacts/us_equity/p3/reviewer_b/practice_assessments_v1_2.jsonl,231948ed224c581f46b1161e446287e128036904461f8ab0a9fd4e7dc20e9df8,33402,8,artifact_or_documentation
artifacts/us_equity/p3/reviewer_b/practice_execution.json,f097ff673c1d2028483b9bd89f16cc5dbecd61e845be2507591e1d8cedf3c81a,4684,,artifact_or_documentation
artifacts/us_equity/p3/reviewer_b/practice_execution_v1_2.json,cba2691e78440da57120ace3bcb06266f05d0ef53e3fa8076f391bd3920a7df6,6535,,artifact_or_documentation
artifacts/us_equity/p3/reviewer_b/practice_postcheck_v1_2.json,7611280ccd5865a8c432b069e9aade1f8acf7721eb2b5a2ffa28e034c164acc5,574,,artifact_or_documentation
artifacts/us_equity/p3/reviewer_b/practice_script_snapshot.py,91804f14ab42e6dff9208299bf93cc843b014ad64e367f6b1966958e963ab714,23515,,code
artifacts/us_equity/p3/reviewer_b/practice_script_snapshot_v1_2.py,0b50b0b304ffe6c1fb51dee5eda8724559be5170f1c5f0c03784c0594e3a02c9,25558,,code
artifacts/us_equity/p3/reviewer_b/practice_selfreview.json,5ad873fc5811837bcb1b9669e1d08b2746ef849d9559ecc3d1c732a6afb4eaaa,2294,,artifact_or_documentation
artifacts/us_equity/p3/reviewer_b/practice_selfreview_v1_2.json,7b7b98cd53f33290757f0b40e573b37d1eb9a65cab99da130be7207c951e4ad7,2668,,artifact_or_documentation
artifacts/us_equity/p3/sampling_protocol.md,210a48b948bae23ca097be540fa0c0c8927942956c7d975c1adee3f081e8f173,2743,,artifact_or_documentation
artifacts/us_equity/p3/schema_migration.md,82174010cdd9bb5d332a9e94fa062e9bbe238c287f716bfb585c3f12d882fb84,3714,,artifact_or_documentation
artifacts/us_equity/p3/schema_negative_cases.json,c2dfec00af717246cbdab680641dc8855ca6718f2122b3787d8843723a21d933,6735,,artifact_or_documentation
artifacts/us_equity/p3/source_packets.jsonl,55abb3f80dca1845165e4bcb477c2e64f44cc8c4a8075bd766499d77e300da2a,56099,39,artifact_or_documentation
artifacts/us_equity/p3/source_reservation/access_trials.jsonl,2b822f57d74651f997caa712cd9aac38bcd0abbe0ef3d856eb6127a88a202ef3,1970,3,artifact_or_documentation
artifacts/us_equity/p3/source_reservation/document_manifest.json,72b9019f77e7c0978603be237bfb82d296f8db636de4dd7b152c2b0ffb72dafc,1876,,artifact_or_documentation
artifacts/us_equity/p3/source_reservation/reservation_summary.json,e558e8ada46e098aca51ef193ca19ee2f312247059811e4968034ec84f7aa6c0,1668,,artifact_or_documentation
artifacts/us_equity/p3/source_reservation/robots_review.json,2b94ba5fb243709914dcd6c55e5efd8c878c027d0ce6f61db1dafef3901dca3e,516,,artifact_or_documentation
artifacts/us_equity/p3/source_reservation/self_check.md,aa329d638956f4bd63122145d55c3e89736bd54a4fa38c89102c8cf5657bed32,1447,,artifact_or_documentation
artifacts/us_equity/p3/source_reservation/source_conditions.md,de8872905ef9a0507c13eef40be1b4aee40d4ee191c1da5b22876d59638c7f00,2708,,artifact_or_documentation
artifacts/us_equity/p3/source_reservation/source_registry.csv,5a79508db81bb84baee4390164cb35f4b36c14ab5ee5206ed3d63a63f2abfac8,1434,1,artifact_or_documentation
artifacts/us_equity/p3/source_reservation/terms_review.json,39b1660445a7facbb54921a2e5b4a98c93a5d0aa6e738b71c1155dce4da27981,517,,artifact_or_documentation
artifacts/us_equity/p3/source_reservation/verification_runs.jsonl,7ec723fcf0c2dab94189e02a4e84f30ceaa36b52409d3ce4de83066f4279a997,1263,3,artifact_or_documentation
artifacts/us_equity/p3/split_audit.md,3566f2a6f0b6706d9bf221eb10872cb127b8b40c5befd752a5b40cc69cbe4e9f,2082,,artifact_or_documentation
artifacts/us_equity/p3/split_manifest.csv,0ad8bb4da4f19898719a1600df12534c98eec2f2cc3fdad2e2107e0bb2d6f5a8,29425,43,artifact_or_documentation
artifacts/us_equity/p3/split_policy.json,78a67e94d1f5a319762f7d7718b10a7dfab772c313996182b153b38a542cdc6b,3122,,artifact_or_documentation
artifacts/us_equity/p3/stage_reviews/assessment_enum_regression.json,2b688cf91ca9304f091e533503c4b43150a03b8c388aecd6a517482fcd28e92d,844,,history_or_review
artifacts/us_equity/p3/stage_reviews/handoff_validation.json,efc443a886aebfd483eaa809ae707fb3d2216476eb6de4fc34c7eb57bed29f1c,4450,,history_or_review
artifacts/us_equity/p3/stage_reviews/handoff_validation_final.json,10b124bd2795666754f73ad26179908c9d11c441f688d8f4a3f960e701acd354,1979,,history_or_review
artifacts/us_equity/p3/stage_reviews/main_check_final.json,6ac9a8da6cebb209f17beb880347917e72a443b2aa9c8e21b4ad1310a3ebe7a3,1669,,history_or_review
artifacts/us_equity/p3/stage_reviews/p04_validate_handoff_initial.py,f4961d9c7fe160ed64d6ab1eb127d0b544d66444b06c40e9ca55cb806741a472,6390,,history_or_review
artifacts/us_equity/p3/stage_reviews/package_integration_initial.json,43464ebf6539869044b0f6eb078081ae89f0c27f94f8b154464da053f77944fe,459,,history_or_review
artifacts/us_equity/p3/stage_reviews/practice_check_001.json,82485717a6875760f0589e44eebdd29617a8ebda226d7bca1c8eb128639326ec,1685,,history_or_review
artifacts/us_equity/p3/stage_reviews/practice_check_final.json,49b6c85da3e5b68ea7f97a71f43d6cd1c1463850911fa20b2291f2b8ec162913,1705,,history_or_review
artifacts/us_equity/p3/stage_reviews/practice_vocabulary_findings.json,b789b34247321067544a230071e5eefc651c7a587b68336f07ecbf8e5dc350a9,627,,history_or_review
artifacts/us_equity/p3/stage_reviews/stage_01_before_improvement/event_claim_links.csv,671d0c3fe055e0a181b2dfa67d3126b75939bdea5cff29a865ea5383a00549f8,6881,39,history_or_review
artifacts/us_equity/p3/stage_reviews/stage_01_before_improvement/event_families.csv,caa26bbe06e047f8561cc7119362a418d24eaf2dda06cf2cc74f04a2fc775574,708,2,history_or_review
artifacts/us_equity/p3/stage_reviews/stage_01_final.json,4a348de43c0e88300cc37544380f2742bc82f52c584831ccf27fb93ac0e7a65b,1082,,history_or_review
artifacts/us_equity/p3/stage_reviews/stage_01_improvements.md,b758d9bff76ae8933a7e4bbf83688f66ec8f46f048738eaa4719afaf708dcf8f,1303,,history_or_review
artifacts/us_equity/p3/stage_reviews/stage_01_initial.json,4f2762cef3aaffa73685a5cf4f793678a6007278bcaa9659ae896ef7328081fd,596,,history_or_review
artifacts/us_equity/p3/stage_reviews/stage_02_before_improvement/annotation_guide_v1.md,c4bca35763b097b4b4650463f1c411f85476cd9e5dd6da1a2242fb27de743a2a,9196,,history_or_review
artifacts/us_equity/p3/stage_reviews/stage_02_before_improvement/annotation_output_contract.json,78127179979524450b3cb33acb338d94902c0e879556c0fb9e1d1df765a3b593,2911,,history_or_review
artifacts/us_equity/p3/stage_reviews/stage_02_final.json,3e5044899a766685f8b24b86732caa80c3884f6df9f25e5b906673c20e94c128,1566,,history_or_review
artifacts/us_equity/p3/stage_reviews/stage_02_improvements.md,feb3460b39441db4fc42dc4c56b2fc6a2d1964f5c7e03d72e5d4fb89f6fe2e94,1670,,history_or_review
artifacts/us_equity/p3/stage_reviews/stage_02_initial.json,9be4d0482c110ea00bd39225725c94aa5ddb670458b9f9307014c1db86e7a670,980,,history_or_review
artifacts/us_equity/p3/stage_reviews/stage_03_final.json,62c507d51f9f7e5b0b14bb68b5158577acd58c016ddcc14b1110ae07ad132fd2,966,,history_or_review
artifacts/us_equity/p3/stage_reviews/stage_03_improvements.md,494806eab60c83fad5b499849dbedc58884baf7f0c4e122f151d3ce7cf0b7947,2139,,history_or_review
artifacts/us_equity/p3/stage_reviews/stage_04_before_improvement/agreement_report.md,722ec60dfe2847d6087e34ac20e09671bfe645b3b658b5e2a2e1635d6a856fd5,1480,,history_or_review
artifacts/us_equity/p3/stage_reviews/stage_04_before_improvement/agreement_results.json,d25020a5c8d2e0167546510a13153f9e423de75471351f82ad79682cb897efe7,22457,,history_or_review
artifacts/us_equity/p3/stage_reviews/stage_04_final.json,9232877ade262cbeda9bb6f8dcc3ba5e5700f72302629de4c7db40152bbe8e70,2653,,history_or_review
artifacts/us_equity/p3/stage_reviews/stage_04_improvements.md,1a0d5c2f411b0b68aceb86bb111c9c8a37177fa42ae3ae6916fb7eab98a7d80f,831,,history_or_review
artifacts/us_equity/p3/stage_reviews/stage_04_independent.json,d32b68c30febb4c30defca8121b012122a6a0406d840d02df61bb5739d51ed22,51590,,history_or_review
artifacts/us_equity/p3/stage_reviews/stage_04_initial.json,072bbac32a263727e74d4c0d2333e56b5600302361c02d484d47c124154d57f4,253,,history_or_review
artifacts/us_equity/p3/stage_reviews/stage_05_before_improvement/coverage_gaps.csv,7fbf4abc323ae6b72f19325d2a83e53520297707383d8c03c08f947deab4e877,694,7,history_or_review
artifacts/us_equity/p3/stage_reviews/stage_05_before_improvement/sampling_protocol.md,30b666cc76b805016be2725204d89bd08cabd459b9a7c53d79dbd81a74f2d977,2441,,history_or_review
artifacts/us_equity/p3/stage_reviews/stage_05_final.json,6117289153df127c0e67f1af88f0151a6fb1f2f0c57f6448ad1bdcb608e3e4f0,2309,,history_or_review
artifacts/us_equity/p3/stage_reviews/stage_05_improvements.md,f76de276b2d089acc57d3f38a1ee33c1f6f3763d95615768a6efbd3f2ea9a47d,1856,,history_or_review
artifacts/us_equity/p3/stage_reviews/stage_05_independent.json,5fb122943598d8f6beebdb72cc5ea4a8c028f32b9865d1263b182571c835e416,12157,,history_or_review
artifacts/us_equity/p3/stage_reviews/stage_05_initial.json,626a7cca6c40f82dc84d707d1f971cda950cb3136086a984c4d05842f23c5f66,551,,history_or_review
artifacts/us_equity/p3/task_status.csv,9decc45fc954d0d7abba9cab78fbf2cb8dfa12b48762ab5e47a6a7080dac7cd0,2435,12,artifact_or_documentation
artifacts/us_equity/p3/unresolved_cases.csv,e7ef8202b7013a04741e631fd0c5facc980350596406748937a032ebf08b21e5,14373,78,artifact_or_documentation
artifacts/us_equity/p3/verification_commands.md,90686335cd801a8ed5f3fc8acb7c33c5a5c160bbd506bc0a2768d00aa57cf0df,2610,,artifact_or_documentation
README.md,be0977aac0427487819660790a84805d22b88299b08adabdfdaf4bfcae033dd5,13397,,artifact_or_documentation
scripts/p04_annotate_a.py,0462b131968dd3bc8236b1d7903ab2ee5deb9f720eacd1b81f4ed449a7b8ee3b,27714,,code
scripts/p04_annotate_b.py,e9c7e4138d443db3b5a528474a1e3ed355eb3112e68dccfff540557199a1c75a,26629,,code
scripts/p04_annotation_validation.py,de88a7ae1bcf1f6d116527e9c455ee1d52fed33da4e705f661928635e1296f73,7409,,code
scripts/p04_annotation_validation_v1_2.py,9d1010ab68cd163abdf4c78c37ff6be6d494c9eea8ab2630e78668f23c8f9734,721,,code
scripts/p04_build_contract.py,620a296f7cdeae3ca8f446ee69afed4bf3cf8623a0dfb1ed63c49f600e67c835,22654,,code
scripts/p04_common.py,e61970ccc2d0836b7c411f4148a606bca2e3c45cb91c8b431b795a3c1dea1c36,2192,,code
scripts/p04_contract_validation.py,951bdeecedba124873626967aa60585c971b441af6a931a18876ca9abf82a91c,18088,,code
scripts/p04_finish_stage1.py,a844d7ef559d72961f952807e0b0c4975f634634731386009e81016e8df4a104,5750,,code
scripts/p04_finish_stage2.py,cfd2b7c49d72ba46e3048462cb686aa81ffffc62bc301b4d741f6139cdaf2174,6510,,code
scripts/p04_finish_stage3.py,af538fb95f4350f4ffbf63eb09bfc73b6fe4bbb876efa25d865ce2986abc5b68,6463,,code
scripts/p04_finish_stage4.py,71c6187f752c06f192ad8a6831714ad6a87c2f6c9ccb03a888dacdae2416fb33,7177,,code
scripts/p04_finish_stage5.py,f9fcaae496ad8d1a98b3fe6b567875fdc24207b6e5ad594ca869fffc0b1b3ca8,2715,,code
scripts/p04_independent_agreement.py,86206d1a6b6007e97277799a9bf0930e8162d7f86a7d2d00a73b49ae55393f62,23788,,code
scripts/p04_independent_split_audit.py,08143f0c17e3cdc76f72b07fd4a608ac379f45ed2e365ed75fbf65c16fe9c38d,29925,,code
scripts/p04_reserve_source.py,ab3365f738223ff6e40b7095b84d8a6522eaaeded4fe9ec59f51cf34fb4be14f,17984,,code
scripts/p04_review_annotations.py,87f53f5f806bad012369adb4d355cd9c54d1e9117c31cfc08561dda44ff2f538,6375,,code
scripts/p04_stage1.py,bcfc08aba1dbcd36bb6a0edd67ffaa9ebb886fc9779cb8ed11d02535d2718550,8363,,code
scripts/p04_stage3_clarify.py,f7911f3484d1a5797e312921a9531e0dd4b4fcba08963ddeedcb65fe68822a4a,4683,,code
scripts/p04_stage3_prepare.py,cc8b7158a213f50ed85557340f2b9c3379b950ac888ea6ca0929adf816486632,3470,,code
scripts/p04_stage3_response_rules.py,84929565852cba9710be5e4cd6160c052802899aa60480ef19c1740c5372479a,3635,,code
scripts/p04_stage4.py,f94bdcf1d271c13ca60761b04fe8490eacea2f2278d427be604d4c692a29194f,13649,,code
scripts/p04_stage5_docs.py,6cf6544cda82236efc237c31693ba1546d1d0d2c20f87b627d1ab50d574e1af6,5966,,code
scripts/p04_stage5_prepare.py,2d34b90f8b301d4e1f69115bd7d261cf4a786b1dca92a9bb2bd2a7f3c88ec68a,5424,,code
scripts/p04_validate_handoff.py,d40fc5e62c74f7bca353bd773112d3d5a1e4f65e6384719eafd136ad558d4cef,6554,,code
scripts/p04_verify_package.py,7503ddf2c4c2aa8ab01c32e1ed2265ddbfa2298a74a2ee6767b070cc12d65470,6805,,code
structure/DECISIONS.md,721edc8478e49b026a287f18058b7fced2e395df1312fc9a5d0237329014e93c,13732,,artifact_or_documentation
structure/P04_phase3_annotation_pilot.md,e06ee25580e8bfa7c83fe1b3e3c7bbd5213965f4e26bfe45fbd1e2d5495f5199,22404,,artifact_or_documentation
structure/README.md,736dc0469458dbebd14d6be95419f2f742b914494639a6c0dcd1a41c65a2d815,13280,,artifact_or_documentation
