assignment_id,annotation_id,phase,item_id,annotator_id,annotator_kind,guide_version,started_at,completed_at,status
practice-AGENT-A-001,practice-AGENT-A-v1_2-001,practice,US-MSFT-FY2024-Q4-RELEASE-US-MSFT-CONSOLIDATED-revenue-FY2024-Q4-current_period,AGENT-A,agent,us-p3-guide-1.2,2026-10-06T06:16:23.403263+00:00,2026-10-06T06:16:23.403644+00:00,agent_draft_created_and_machine_checked
practice-AGENT-B-001,AGENT-B-practice-us-p3-guide-1.2-US-MSFT-FY2024-Q4-RELEASE-US-MSFT-CONSOLIDATED-revenue-FY2024-Q4-current_period,practice,US-MSFT-FY2024-Q4-RELEASE-US-MSFT-CONSOLIDATED-revenue-FY2024-Q4-current_period,AGENT-B,agent,us-p3-guide-1.2,2026-10-06T06:16:30.343949+00:00,2026-10-06T06:16:30.344145+00:00,agent_draft_created_and_machine_checked
practice-AGENT-A-002,practice-AGENT-A-v1_2-002,practice,US-MSFT-FY2025-Q4-RELEASE-US-MSFT-CONSOLIDATED-cfo-FY2025-FY-current_period,AGENT-A,agent,us-p3-guide-1.2,2026-10-06T06:16:23.403681+00:00,2026-10-06T06:16:23.403790+00:00,agent_draft_created_and_machine_checked
practice-AGENT-B-002,AGENT-B-practice-us-p3-guide-1.2-US-MSFT-FY2025-Q4-RELEASE-US-MSFT-CONSOLIDATED-cfo-FY2025-FY-current_period,practice,US-MSFT-FY2025-Q4-RELEASE-US-MSFT-CONSOLIDATED-cfo-FY2025-FY-current_period,AGENT-B,agent,us-p3-guide-1.2,2026-10-06T06:16:30.344206+00:00,2026-10-06T06:16:30.344245+00:00,agent_draft_created_and_machine_checked
practice-AGENT-A-003,practice-AGENT-A-v1_2-003,practice,US-MSFT-FY2024-Q4-RELEASE-US-MSFT-CONSOLIDATED-positive_cash_capex-FY2024-Q4-current_period,AGENT-A,agent,us-p3-guide-1.2,2026-10-06T06:16:23.403815+00:00,2026-10-06T06:16:23.403900+00:00,agent_draft_created_and_machine_checked
practice-AGENT-B-003,AGENT-B-practice-us-p3-guide-1.2-US-MSFT-FY2024-Q4-RELEASE-US-MSFT-CONSOLIDATED-positive_cash_capex-FY2024-Q4-current_period,practice,US-MSFT-FY2024-Q4-RELEASE-US-MSFT-CONSOLIDATED-positive_cash_capex-FY2024-Q4-current_period,AGENT-B,agent,us-p3-guide-1.2,2026-10-06T06:16:30.344291+00:00,2026-10-06T06:16:30.344325+00:00,agent_draft_created_and_machine_checked
practice-AGENT-A-004,practice-AGENT-A-v1_2-004,practice,US-MSFT-FY2025-Q4-RELEASE-US-MSFT-CONSOLIDATED-total_assets-FY2025-instant-current_period,AGENT-A,agent,us-p3-guide-1.2,2026-10-06T06:16:23.403920+00:00,2026-10-06T06:16:23.403993+00:00,agent_draft_created_and_machine_checked
practice-AGENT-B-004,AGENT-B-practice-us-p3-guide-1.2-US-MSFT-FY2025-Q4-RELEASE-US-MSFT-CONSOLIDATED-total_assets-FY2025-instant-current_period,practice,US-MSFT-FY2025-Q4-RELEASE-US-MSFT-CONSOLIDATED-total_assets-FY2025-instant-current_period,AGENT-B,agent,us-p3-guide-1.2,2026-10-06T06:16:30.344360+00:00,2026-10-06T06:16:30.344389+00:00,agent_draft_created_and_machine_checked
practice-AGENT-A-005,practice-AGENT-A-v1_2-005,practice,US-MSFT-FY2024-Q4-RELEASE-US-MSFT-SEG-IC-revenue-FY2024-FY-current_period,AGENT-A,agent,us-p3-guide-1.2,2026-10-06T06:16:23.404013+00:00,2026-10-06T06:16:23.404162+00:00,agent_draft_created_and_machine_checked
practice-AGENT-B-005,AGENT-B-practice-us-p3-guide-1.2-US-MSFT-FY2024-Q4-RELEASE-US-MSFT-SEG-IC-revenue-FY2024-FY-current_period,practice,US-MSFT-FY2024-Q4-RELEASE-US-MSFT-SEG-IC-revenue-FY2024-FY-current_period,AGENT-B,agent,us-p3-guide-1.2,2026-10-06T06:16:30.344420+00:00,2026-10-06T06:16:30.344514+00:00,agent_draft_created_and_machine_checked
practice-AGENT-A-006,practice-AGENT-A-v1_2-006,practice,US-MSFT-FY2025-Q4-RELEASE-US-MSFT-SEG-IC-revenue-FY2024-FY-comparative_prior_year,AGENT-A,agent,us-p3-guide-1.2,2026-10-06T06:16:23.404183+00:00,2026-10-06T06:16:23.404261+00:00,agent_draft_created_and_machine_checked
practice-AGENT-B-006,AGENT-B-practice-us-p3-guide-1.2-US-MSFT-FY2025-Q4-RELEASE-US-MSFT-SEG-IC-revenue-FY2024-FY-comparative_prior_year,practice,US-MSFT-FY2025-Q4-RELEASE-US-MSFT-SEG-IC-revenue-FY2024-FY-comparative_prior_year,AGENT-B,agent,us-p3-guide-1.2,2026-10-06T06:16:30.344555+00:00,2026-10-06T06:16:30.344583+00:00,agent_draft_created_and_machine_checked
practice-AGENT-A-007,practice-AGENT-A-v1_2-007,practice,US-MSFT-FY2024-Q4-RELEASE-REPORTS-PBP,AGENT-A,agent,us-p3-guide-1.2,2026-10-06T06:16:23.404279+00:00,2026-10-06T06:16:23.404341+00:00,agent_draft_created_and_machine_checked
practice-AGENT-B-007,AGENT-B-practice-us-p3-guide-1.2-US-MSFT-FY2024-Q4-RELEASE-REPORTS-PBP,practice,US-MSFT-FY2024-Q4-RELEASE-REPORTS-PBP,AGENT-B,agent,us-p3-guide-1.2,2026-10-06T06:16:30.344609+00:00,2026-10-06T06:16:30.344627+00:00,agent_draft_created_and_machine_checked
practice-AGENT-A-008,practice-AGENT-A-v1_2-008,practice,US-MSFT-FY2025-Q4-RELEASE-REPORTS-MPC,AGENT-A,agent,us-p3-guide-1.2,2026-10-06T06:16:23.404359+00:00,2026-10-06T06:16:23.404418+00:00,agent_draft_created_and_machine_checked
practice-AGENT-B-008,AGENT-B-practice-us-p3-guide-1.2-US-MSFT-FY2025-Q4-RELEASE-REPORTS-MPC,practice,US-MSFT-FY2025-Q4-RELEASE-REPORTS-MPC,AGENT-B,agent,us-p3-guide-1.2,2026-10-06T06:16:30.344655+00:00,2026-10-06T06:16:30.344671+00:00,agent_draft_created_and_machine_checked
main-AGENT-A-001,main-AGENT-A-v1_2-001,main,US-MSFT-FY2024-Q4-RELEASE-US-MSFT-CONSOLIDATED-revenue-FY2024-Q4-current_period,AGENT-A,agent,us-p3-guide-1.2,2026-10-06T06:17:50.587263+00:00,2026-10-06T06:17:50.587634+00:00,agent_draft_created_and_machine_checked
main-AGENT-B-001,AGENT-B-main-us-p3-guide-1.2-US-MSFT-FY2024-Q4-RELEASE-US-MSFT-CONSOLIDATED-revenue-FY2024-Q4-current_period,main,US-MSFT-FY2024-Q4-RELEASE-US-MSFT-CONSOLIDATED-revenue-FY2024-Q4-current_period,AGENT-B,agent,us-p3-guide-1.2,2026-10-06T06:18:10.602535+00:00,2026-10-06T06:18:10.602734+00:00,agent_draft_created_and_machine_checked
main-AGENT-A-002,main-AGENT-A-v1_2-002,main,US-MSFT-FY2024-Q4-RELEASE-US-MSFT-CONSOLIDATED-operating_income-FY2024-Q4-current_period,AGENT-A,agent,us-p3-guide-1.2,2026-10-06T06:17:50.587677+00:00,2026-10-06T06:17:50.587786+00:00,agent_draft_created_and_machine_checked
main-AGENT-B-002,AGENT-B-main-us-p3-guide-1.2-US-MSFT-FY2024-Q4-RELEASE-US-MSFT-CONSOLIDATED-operating_income-FY2024-Q4-current_period,main,US-MSFT-FY2024-Q4-RELEASE-US-MSFT-CONSOLIDATED-operating_income-FY2024-Q4-current_period,AGENT-B,agent,us-p3-guide-1.2,2026-10-06T06:18:10.602798+00:00,2026-10-06T06:18:10.602853+00:00,agent_draft_created_and_machine_checked
main-AGENT-A-003,main-AGENT-A-v1_2-003,main,US-MSFT-FY2024-Q4-RELEASE-US-MSFT-CONSOLIDATED-net_income-FY2024-Q4-current_period,AGENT-A,agent,us-p3-guide-1.2,2026-10-06T06:17:50.587812+00:00,2026-10-06T06:17:50.587899+00:00,agent_draft_created_and_machine_checked
main-AGENT-B-003,AGENT-B-main-us-p3-guide-1.2-US-MSFT-FY2024-Q4-RELEASE-US-MSFT-CONSOLIDATED-net_income-FY2024-Q4-current_period,main,US-MSFT-FY2024-Q4-RELEASE-US-MSFT-CONSOLIDATED-net_income-FY2024-Q4-current_period,AGENT-B,agent,us-p3-guide-1.2,2026-10-06T06:18:10.602899+00:00,2026-10-06T06:18:10.602928+00:00,agent_draft_created_and_machine_checked
main-AGENT-A-004,main-AGENT-A-v1_2-004,main,US-MSFT-FY2024-Q4-RELEASE-US-MSFT-CONSOLIDATED-cfo-FY2024-Q4-current_period,AGENT-A,agent,us-p3-guide-1.2,2026-10-06T06:17:50.587922+00:00,2026-10-06T06:17:50.587997+00:00,agent_draft_created_and_machine_checked
main-AGENT-B-004,AGENT-B-main-us-p3-guide-1.2-US-MSFT-FY2024-Q4-RELEASE-US-MSFT-CONSOLIDATED-cfo-FY2024-Q4-current_period,main,US-MSFT-FY2024-Q4-RELEASE-US-MSFT-CONSOLIDATED-cfo-FY2024-Q4-current_period,AGENT-B,agent,us-p3-guide-1.2,2026-10-06T06:18:10.602969+00:00,2026-10-06T06:18:10.602995+00:00,agent_draft_created_and_machine_checked
main-AGENT-A-005,main-AGENT-A-v1_2-005,main,US-MSFT-FY2024-Q4-RELEASE-US-MSFT-CONSOLIDATED-positive_cash_capex-FY2024-Q4-current_period,AGENT-A,agent,us-p3-guide-1.2,2026-10-06T06:17:50.588018+00:00,2026-10-06T06:17:50.588101+00:00,agent_draft_created_and_machine_checked
main-AGENT-B-005,AGENT-B-main-us-p3-guide-1.2-US-MSFT-FY2024-Q4-RELEASE-US-MSFT-CONSOLIDATED-positive_cash_capex-FY2024-Q4-current_period,main,US-MSFT-FY2024-Q4-RELEASE-US-MSFT-CONSOLIDATED-positive_cash_capex-FY2024-Q4-current_period,AGENT-B,agent,us-p3-guide-1.2,2026-10-06T06:18:10.603034+00:00,2026-10-06T06:18:10.603062+00:00,agent_draft_created_and_machine_checked
main-AGENT-A-006,main-AGENT-A-v1_2-006,main,US-MSFT-FY2024-Q4-RELEASE-US-MSFT-CONSOLIDATED-revenue-FY2024-FY-current_period,AGENT-A,agent,us-p3-guide-1.2,2026-10-06T06:17:50.588122+00:00,2026-10-06T06:17:50.588191+00:00,agent_draft_created_and_machine_checked
main-AGENT-B-006,AGENT-B-main-us-p3-guide-1.2-US-MSFT-FY2024-Q4-RELEASE-US-MSFT-CONSOLIDATED-revenue-FY2024-FY-current_period,main,US-MSFT-FY2024-Q4-RELEASE-US-MSFT-CONSOLIDATED-revenue-FY2024-FY-current_period,AGENT-B,agent,us-p3-guide-1.2,2026-10-06T06:18:10.603096+00:00,2026-10-06T06:18:10.603119+00:00,agent_draft_created_and_machine_checked
main-AGENT-A-007,main-AGENT-A-v1_2-007,main,US-MSFT-FY2024-Q4-RELEASE-US-MSFT-CONSOLIDATED-operating_income-FY2024-FY-current_period,AGENT-A,agent,us-p3-guide-1.2,2026-10-06T06:17:50.588211+00:00,2026-10-06T06:17:50.588278+00:00,agent_draft_created_and_machine_checked
main-AGENT-B-007,AGENT-B-main-us-p3-guide-1.2-US-MSFT-FY2024-Q4-RELEASE-US-MSFT-CONSOLIDATED-operating_income-FY2024-FY-current_period,main,US-MSFT-FY2024-Q4-RELEASE-US-MSFT-CONSOLIDATED-operating_income-FY2024-FY-current_period,AGENT-B,agent,us-p3-guide-1.2,2026-10-06T06:18:10.603150+00:00,2026-10-06T06:18:10.603171+00:00,agent_draft_created_and_machine_checked
main-AGENT-A-008,main-AGENT-A-v1_2-008,main,US-MSFT-FY2024-Q4-RELEASE-US-MSFT-CONSOLIDATED-net_income-FY2024-FY-current_period,AGENT-A,agent,us-p3-guide-1.2,2026-10-06T06:17:50.588297+00:00,2026-10-06T06:17:50.588365+00:00,agent_draft_created_and_machine_checked
main-AGENT-B-008,AGENT-B-main-us-p3-guide-1.2-US-MSFT-FY2024-Q4-RELEASE-US-MSFT-CONSOLIDATED-net_income-FY2024-FY-current_period,main,US-MSFT-FY2024-Q4-RELEASE-US-MSFT-CONSOLIDATED-net_income-FY2024-FY-current_period,AGENT-B,agent,us-p3-guide-1.2,2026-10-06T06:18:10.603201+00:00,2026-10-06T06:18:10.603222+00:00,agent_draft_created_and_machine_checked
main-AGENT-A-009,main-AGENT-A-v1_2-009,main,US-MSFT-FY2024-Q4-RELEASE-US-MSFT-CONSOLIDATED-cfo-FY2024-FY-current_period,AGENT-A,agent,us-p3-guide-1.2,2026-10-06T06:17:50.588383+00:00,2026-10-06T06:17:50.588448+00:00,agent_draft_created_and_machine_checked
main-AGENT-B-009,AGENT-B-main-us-p3-guide-1.2-US-MSFT-FY2024-Q4-RELEASE-US-MSFT-CONSOLIDATED-cfo-FY2024-FY-current_period,main,US-MSFT-FY2024-Q4-RELEASE-US-MSFT-CONSOLIDATED-cfo-FY2024-FY-current_period,AGENT-B,agent,us-p3-guide-1.2,2026-10-06T06:18:10.603251+00:00,2026-10-06T06:18:10.603270+00:00,agent_draft_created_and_machine_checked
main-AGENT-A-010,main-AGENT-A-v1_2-010,main,US-MSFT-FY2024-Q4-RELEASE-US-MSFT-CONSOLIDATED-positive_cash_capex-FY2024-FY-current_period,AGENT-A,agent,us-p3-guide-1.2,2026-10-06T06:17:50.588466+00:00,2026-10-06T06:17:50.588529+00:00,agent_draft_created_and_machine_checked
main-AGENT-B-010,AGENT-B-main-us-p3-guide-1.2-US-MSFT-FY2024-Q4-RELEASE-US-MSFT-CONSOLIDATED-positive_cash_capex-FY2024-FY-current_period,main,US-MSFT-FY2024-Q4-RELEASE-US-MSFT-CONSOLIDATED-positive_cash_capex-FY2024-FY-current_period,AGENT-B,agent,us-p3-guide-1.2,2026-10-06T06:18:10.603300+00:00,2026-10-06T06:18:10.603319+00:00,agent_draft_created_and_machine_checked
main-AGENT-A-011,main-AGENT-A-v1_2-011,main,US-MSFT-FY2024-Q4-RELEASE-US-MSFT-CONSOLIDATED-total_assets-FY2024-instant-current_period,AGENT-A,agent,us-p3-guide-1.2,2026-10-06T06:17:50.588547+00:00,2026-10-06T06:17:50.588622+00:00,agent_draft_created_and_machine_checked
main-AGENT-B-011,AGENT-B-main-us-p3-guide-1.2-US-MSFT-FY2024-Q4-RELEASE-US-MSFT-CONSOLIDATED-total_assets-FY2024-instant-current_period,main,US-MSFT-FY2024-Q4-RELEASE-US-MSFT-CONSOLIDATED-total_assets-FY2024-instant-current_period,AGENT-B,agent,us-p3-guide-1.2,2026-10-06T06:18:10.603353+00:00,2026-10-06T06:18:10.603378+00:00,agent_draft_created_and_machine_checked
main-AGENT-A-012,main-AGENT-A-v1_2-012,main,US-MSFT-FY2024-Q4-RELEASE-US-MSFT-CONSOLIDATED-cash_and_equivalents-FY2024-instant-current_period,AGENT-A,agent,us-p3-guide-1.2,2026-10-06T06:17:50.588642+00:00,2026-10-06T06:17:50.588705+00:00,agent_draft_created_and_machine_checked
main-AGENT-B-012,AGENT-B-main-us-p3-guide-1.2-US-MSFT-FY2024-Q4-RELEASE-US-MSFT-CONSOLIDATED-cash_and_equivalents-FY2024-instant-current_period,main,US-MSFT-FY2024-Q4-RELEASE-US-MSFT-CONSOLIDATED-cash_and_equivalents-FY2024-instant-current_period,AGENT-B,agent,us-p3-guide-1.2,2026-10-06T06:18:10.603409+00:00,2026-10-06T06:18:10.603431+00:00,agent_draft_created_and_machine_checked
main-AGENT-A-013,main-AGENT-A-v1_2-013,main,US-MSFT-FY2024-Q4-RELEASE-US-MSFT-SEG-PBP-revenue-FY2024-FY-current_period,AGENT-A,agent,us-p3-guide-1.2,2026-10-06T06:17:50.588724+00:00,2026-10-06T06:17:50.588873+00:00,agent_draft_created_and_machine_checked
main-AGENT-B-013,AGENT-B-main-us-p3-guide-1.2-US-MSFT-FY2024-Q4-RELEASE-US-MSFT-SEG-PBP-revenue-FY2024-FY-current_period,main,US-MSFT-FY2024-Q4-RELEASE-US-MSFT-SEG-PBP-revenue-FY2024-FY-current_period,AGENT-B,agent,us-p3-guide-1.2,2026-10-06T06:18:10.603464+00:00,2026-10-06T06:18:10.603555+00:00,agent_draft_created_and_machine_checked
main-AGENT-A-014,main-AGENT-A-v1_2-014,main,US-MSFT-FY2024-Q4-RELEASE-US-MSFT-SEG-IC-revenue-FY2024-FY-current_period,AGENT-A,agent,us-p3-guide-1.2,2026-10-06T06:17:50.588894+00:00,2026-10-06T06:17:50.588971+00:00,agent_draft_created_and_machine_checked
main-AGENT-B-014,AGENT-B-main-us-p3-guide-1.2-US-MSFT-FY2024-Q4-RELEASE-US-MSFT-SEG-IC-revenue-FY2024-FY-current_period,main,US-MSFT-FY2024-Q4-RELEASE-US-MSFT-SEG-IC-revenue-FY2024-FY-current_period,AGENT-B,agent,us-p3-guide-1.2,2026-10-06T06:18:10.603591+00:00,2026-10-06T06:18:10.603620+00:00,agent_draft_created_and_machine_checked
main-AGENT-A-015,main-AGENT-A-v1_2-015,main,US-MSFT-FY2024-Q4-RELEASE-US-MSFT-SEG-MPC-revenue-FY2024-FY-current_period,AGENT-A,agent,us-p3-guide-1.2,2026-10-06T06:17:50.588989+00:00,2026-10-06T06:17:50.589054+00:00,agent_draft_created_and_machine_checked
main-AGENT-B-015,AGENT-B-main-us-p3-guide-1.2-US-MSFT-FY2024-Q4-RELEASE-US-MSFT-SEG-MPC-revenue-FY2024-FY-current_period,main,US-MSFT-FY2024-Q4-RELEASE-US-MSFT-SEG-MPC-revenue-FY2024-FY-current_period,AGENT-B,agent,us-p3-guide-1.2,2026-10-06T06:18:10.603653+00:00,2026-10-06T06:18:10.603675+00:00,agent_draft_created_and_machine_checked
main-AGENT-A-016,main-AGENT-A-v1_2-016,main,US-MSFT-FY2025-Q4-RELEASE-US-MSFT-CONSOLIDATED-revenue-FY2025-Q4-current_period,AGENT-A,agent,us-p3-guide-1.2,2026-10-06T06:17:50.589071+00:00,2026-10-06T06:17:50.589135+00:00,agent_draft_created_and_machine_checked
main-AGENT-B-016,AGENT-B-main-us-p3-guide-1.2-US-MSFT-FY2025-Q4-RELEASE-US-MSFT-CONSOLIDATED-revenue-FY2025-Q4-current_period,main,US-MSFT-FY2025-Q4-RELEASE-US-MSFT-CONSOLIDATED-revenue-FY2025-Q4-current_period,AGENT-B,agent,us-p3-guide-1.2,2026-10-06T06:18:10.603707+00:00,2026-10-06T06:18:10.603727+00:00,agent_draft_created_and_machine_checked
main-AGENT-A-017,main-AGENT-A-v1_2-017,main,US-MSFT-FY2025-Q4-RELEASE-US-MSFT-CONSOLIDATED-operating_income-FY2025-Q4-current_period,AGENT-A,agent,us-p3-guide-1.2,2026-10-06T06:17:50.589154+00:00,2026-10-06T06:17:50.589216+00:00,agent_draft_created_and_machine_checked
main-AGENT-B-017,AGENT-B-main-us-p3-guide-1.2-US-MSFT-FY2025-Q4-RELEASE-US-MSFT-CONSOLIDATED-operating_income-FY2025-Q4-current_period,main,US-MSFT-FY2025-Q4-RELEASE-US-MSFT-CONSOLIDATED-operating_income-FY2025-Q4-current_period,AGENT-B,agent,us-p3-guide-1.2,2026-10-06T06:18:10.603756+00:00,2026-10-06T06:18:10.603775+00:00,agent_draft_created_and_machine_checked
main-AGENT-A-018,main-AGENT-A-v1_2-018,main,US-MSFT-FY2025-Q4-RELEASE-US-MSFT-CONSOLIDATED-net_income-FY2025-Q4-current_period,AGENT-A,agent,us-p3-guide-1.2,2026-10-06T06:17:50.589473+00:00,2026-10-06T06:17:50.589553+00:00,agent_draft_created_and_machine_checked
main-AGENT-B-018,AGENT-B-main-us-p3-guide-1.2-US-MSFT-FY2025-Q4-RELEASE-US-MSFT-CONSOLIDATED-net_income-FY2025-Q4-current_period,main,US-MSFT-FY2025-Q4-RELEASE-US-MSFT-CONSOLIDATED-net_income-FY2025-Q4-current_period,AGENT-B,agent,us-p3-guide-1.2,2026-10-06T06:18:10.603805+00:00,2026-10-06T06:18:10.603824+00:00,agent_draft_created_and_machine_checked
main-AGENT-A-019,main-AGENT-A-v1_2-019,main,US-MSFT-FY2025-Q4-RELEASE-US-MSFT-CONSOLIDATED-cfo-FY2025-Q4-current_period,AGENT-A,agent,us-p3-guide-1.2,2026-10-06T06:17:50.589573+00:00,2026-10-06T06:17:50.589638+00:00,agent_draft_created_and_machine_checked
main-AGENT-B-019,AGENT-B-main-us-p3-guide-1.2-US-MSFT-FY2025-Q4-RELEASE-US-MSFT-CONSOLIDATED-cfo-FY2025-Q4-current_period,main,US-MSFT-FY2025-Q4-RELEASE-US-MSFT-CONSOLIDATED-cfo-FY2025-Q4-current_period,AGENT-B,agent,us-p3-guide-1.2,2026-10-06T06:18:10.603853+00:00,2026-10-06T06:18:10.603871+00:00,agent_draft_created_and_machine_checked
main-AGENT-A-020,main-AGENT-A-v1_2-020,main,US-MSFT-FY2025-Q4-RELEASE-US-MSFT-CONSOLIDATED-positive_cash_capex-FY2025-Q4-current_period,AGENT-A,agent,us-p3-guide-1.2,2026-10-06T06:17:50.589656+00:00,2026-10-06T06:17:50.589720+00:00,agent_draft_created_and_machine_checked
main-AGENT-B-020,AGENT-B-main-us-p3-guide-1.2-US-MSFT-FY2025-Q4-RELEASE-US-MSFT-CONSOLIDATED-positive_cash_capex-FY2025-Q4-current_period,main,US-MSFT-FY2025-Q4-RELEASE-US-MSFT-CONSOLIDATED-positive_cash_capex-FY2025-Q4-current_period,AGENT-B,agent,us-p3-guide-1.2,2026-10-06T06:18:10.603904+00:00,2026-10-06T06:18:10.603924+00:00,agent_draft_created_and_machine_checked
main-AGENT-A-021,main-AGENT-A-v1_2-021,main,US-MSFT-FY2025-Q4-RELEASE-US-MSFT-CONSOLIDATED-revenue-FY2025-FY-current_period,AGENT-A,agent,us-p3-guide-1.2,2026-10-06T06:17:50.589739+00:00,2026-10-06T06:17:50.589804+00:00,agent_draft_created_and_machine_checked
main-AGENT-B-021,AGENT-B-main-us-p3-guide-1.2-US-MSFT-FY2025-Q4-RELEASE-US-MSFT-CONSOLIDATED-revenue-FY2025-FY-current_period,main,US-MSFT-FY2025-Q4-RELEASE-US-MSFT-CONSOLIDATED-revenue-FY2025-FY-current_period,AGENT-B,agent,us-p3-guide-1.2,2026-10-06T06:18:10.603956+00:00,2026-10-06T06:18:10.603976+00:00,agent_draft_created_and_machine_checked
main-AGENT-A-022,main-AGENT-A-v1_2-022,main,US-MSFT-FY2025-Q4-RELEASE-US-MSFT-CONSOLIDATED-operating_income-FY2025-FY-current_period,AGENT-A,agent,us-p3-guide-1.2,2026-10-06T06:17:50.589825+00:00,2026-10-06T06:17:50.589886+00:00,agent_draft_created_and_machine_checked
main-AGENT-B-022,AGENT-B-main-us-p3-guide-1.2-US-MSFT-FY2025-Q4-RELEASE-US-MSFT-CONSOLIDATED-operating_income-FY2025-FY-current_period,main,US-MSFT-FY2025-Q4-RELEASE-US-MSFT-CONSOLIDATED-operating_income-FY2025-FY-current_period,AGENT-B,agent,us-p3-guide-1.2,2026-10-06T06:18:10.604005+00:00,2026-10-06T06:18:10.604023+00:00,agent_draft_created_and_machine_checked
main-AGENT-A-023,main-AGENT-A-v1_2-023,main,US-MSFT-FY2025-Q4-RELEASE-US-MSFT-CONSOLIDATED-net_income-FY2025-FY-current_period,AGENT-A,agent,us-p3-guide-1.2,2026-10-06T06:17:50.589905+00:00,2026-10-06T06:17:50.589966+00:00,agent_draft_created_and_machine_checked
main-AGENT-B-023,AGENT-B-main-us-p3-guide-1.2-US-MSFT-FY2025-Q4-RELEASE-US-MSFT-CONSOLIDATED-net_income-FY2025-FY-current_period,main,US-MSFT-FY2025-Q4-RELEASE-US-MSFT-CONSOLIDATED-net_income-FY2025-FY-current_period,AGENT-B,agent,us-p3-guide-1.2,2026-10-06T06:18:10.604054+00:00,2026-10-06T06:18:10.604075+00:00,agent_draft_created_and_machine_checked
main-AGENT-A-024,main-AGENT-A-v1_2-024,main,US-MSFT-FY2025-Q4-RELEASE-US-MSFT-CONSOLIDATED-cfo-FY2025-FY-current_period,AGENT-A,agent,us-p3-guide-1.2,2026-10-06T06:17:50.589984+00:00,2026-10-06T06:17:50.590046+00:00,agent_draft_created_and_machine_checked
main-AGENT-B-024,AGENT-B-main-us-p3-guide-1.2-US-MSFT-FY2025-Q4-RELEASE-US-MSFT-CONSOLIDATED-cfo-FY2025-FY-current_period,main,US-MSFT-FY2025-Q4-RELEASE-US-MSFT-CONSOLIDATED-cfo-FY2025-FY-current_period,AGENT-B,agent,us-p3-guide-1.2,2026-10-06T06:18:10.604105+00:00,2026-10-06T06:18:10.604123+00:00,agent_draft_created_and_machine_checked
main-AGENT-A-025,main-AGENT-A-v1_2-025,main,US-MSFT-FY2025-Q4-RELEASE-US-MSFT-CONSOLIDATED-positive_cash_capex-FY2025-FY-current_period,AGENT-A,agent,us-p3-guide-1.2,2026-10-06T06:17:50.590066+00:00,2026-10-06T06:17:50.590131+00:00,agent_draft_created_and_machine_checked
main-AGENT-B-025,AGENT-B-main-us-p3-guide-1.2-US-MSFT-FY2025-Q4-RELEASE-US-MSFT-CONSOLIDATED-positive_cash_capex-FY2025-FY-current_period,main,US-MSFT-FY2025-Q4-RELEASE-US-MSFT-CONSOLIDATED-positive_cash_capex-FY2025-FY-current_period,AGENT-B,agent,us-p3-guide-1.2,2026-10-06T06:18:10.604153+00:00,2026-10-06T06:18:10.604173+00:00,agent_draft_created_and_machine_checked
main-AGENT-A-026,main-AGENT-A-v1_2-026,main,US-MSFT-FY2025-Q4-RELEASE-US-MSFT-CONSOLIDATED-total_assets-FY2025-instant-current_period,AGENT-A,agent,us-p3-guide-1.2,2026-10-06T06:17:50.590149+00:00,2026-10-06T06:17:50.590212+00:00,agent_draft_created_and_machine_checked
main-AGENT-B-026,AGENT-B-main-us-p3-guide-1.2-US-MSFT-FY2025-Q4-RELEASE-US-MSFT-CONSOLIDATED-total_assets-FY2025-instant-current_period,main,US-MSFT-FY2025-Q4-RELEASE-US-MSFT-CONSOLIDATED-total_assets-FY2025-instant-current_period,AGENT-B,agent,us-p3-guide-1.2,2026-10-06T06:18:10.604206+00:00,2026-10-06T06:18:10.604230+00:00,agent_draft_created_and_machine_checked
main-AGENT-A-027,main-AGENT-A-v1_2-027,main,US-MSFT-FY2025-Q4-RELEASE-US-MSFT-CONSOLIDATED-cash_and_equivalents-FY2025-instant-current_period,AGENT-A,agent,us-p3-guide-1.2,2026-10-06T06:17:50.590230+00:00,2026-10-06T06:17:50.590298+00:00,agent_draft_created_and_machine_checked
main-AGENT-B-027,AGENT-B-main-us-p3-guide-1.2-US-MSFT-FY2025-Q4-RELEASE-US-MSFT-CONSOLIDATED-cash_and_equivalents-FY2025-instant-current_period,main,US-MSFT-FY2025-Q4-RELEASE-US-MSFT-CONSOLIDATED-cash_and_equivalents-FY2025-instant-current_period,AGENT-B,agent,us-p3-guide-1.2,2026-10-06T06:18:10.604261+00:00,2026-10-06T06:18:10.604281+00:00,agent_draft_created_and_machine_checked
main-AGENT-A-028,main-AGENT-A-v1_2-028,main,US-MSFT-FY2025-Q4-RELEASE-US-MSFT-SEG-PBP-revenue-FY2025-FY-current_period,AGENT-A,agent,us-p3-guide-1.2,2026-10-06T06:17:50.590316+00:00,2026-10-06T06:17:50.590384+00:00,agent_draft_created_and_machine_checked
main-AGENT-B-028,AGENT-B-main-us-p3-guide-1.2-US-MSFT-FY2025-Q4-RELEASE-US-MSFT-SEG-PBP-revenue-FY2025-FY-current_period,main,US-MSFT-FY2025-Q4-RELEASE-US-MSFT-SEG-PBP-revenue-FY2025-FY-current_period,AGENT-B,agent,us-p3-guide-1.2,2026-10-06T06:18:10.604317+00:00,2026-10-06T06:18:10.604341+00:00,agent_draft_created_and_machine_checked
main-AGENT-A-029,main-AGENT-A-v1_2-029,main,US-MSFT-FY2025-Q4-RELEASE-US-MSFT-SEG-PBP-revenue-FY2024-FY-comparative_prior_year,AGENT-A,agent,us-p3-guide-1.2,2026-10-06T06:17:50.590402+00:00,2026-10-06T06:17:50.590463+00:00,agent_draft_created_and_machine_checked
main-AGENT-B-029,AGENT-B-main-us-p3-guide-1.2-US-MSFT-FY2025-Q4-RELEASE-US-MSFT-SEG-PBP-revenue-FY2024-FY-comparative_prior_year,main,US-MSFT-FY2025-Q4-RELEASE-US-MSFT-SEG-PBP-revenue-FY2024-FY-comparative_prior_year,AGENT-B,agent,us-p3-guide-1.2,2026-10-06T06:18:10.604373+00:00,2026-10-06T06:18:10.604395+00:00,agent_draft_created_and_machine_checked
main-AGENT-A-030,main-AGENT-A-v1_2-030,main,US-MSFT-FY2025-Q4-RELEASE-US-MSFT-SEG-IC-revenue-FY2025-FY-current_period,AGENT-A,agent,us-p3-guide-1.2,2026-10-06T06:17:50.590480+00:00,2026-10-06T06:17:50.590539+00:00,agent_draft_created_and_machine_checked
main-AGENT-B-030,AGENT-B-main-us-p3-guide-1.2-US-MSFT-FY2025-Q4-RELEASE-US-MSFT-SEG-IC-revenue-FY2025-FY-current_period,main,US-MSFT-FY2025-Q4-RELEASE-US-MSFT-SEG-IC-revenue-FY2025-FY-current_period,AGENT-B,agent,us-p3-guide-1.2,2026-10-06T06:18:10.604423+00:00,2026-10-06T06:18:10.604443+00:00,agent_draft_created_and_machine_checked
main-AGENT-A-031,main-AGENT-A-v1_2-031,main,US-MSFT-FY2025-Q4-RELEASE-US-MSFT-SEG-IC-revenue-FY2024-FY-comparative_prior_year,AGENT-A,agent,us-p3-guide-1.2,2026-10-06T06:17:50.590558+00:00,2026-10-06T06:17:50.590992+00:00,agent_draft_created_and_machine_checked
main-AGENT-B-031,AGENT-B-main-us-p3-guide-1.2-US-MSFT-FY2025-Q4-RELEASE-US-MSFT-SEG-IC-revenue-FY2024-FY-comparative_prior_year,main,US-MSFT-FY2025-Q4-RELEASE-US-MSFT-SEG-IC-revenue-FY2024-FY-comparative_prior_year,AGENT-B,agent,us-p3-guide-1.2,2026-10-06T06:18:10.604471+00:00,2026-10-06T06:18:10.604493+00:00,agent_draft_created_and_machine_checked
main-AGENT-A-032,main-AGENT-A-v1_2-032,main,US-MSFT-FY2025-Q4-RELEASE-US-MSFT-SEG-MPC-revenue-FY2025-FY-current_period,AGENT-A,agent,us-p3-guide-1.2,2026-10-06T06:17:50.591060+00:00,2026-10-06T06:17:50.591226+00:00,agent_draft_created_and_machine_checked
main-AGENT-B-032,AGENT-B-main-us-p3-guide-1.2-US-MSFT-FY2025-Q4-RELEASE-US-MSFT-SEG-MPC-revenue-FY2025-FY-current_period,main,US-MSFT-FY2025-Q4-RELEASE-US-MSFT-SEG-MPC-revenue-FY2025-FY-current_period,AGENT-B,agent,us-p3-guide-1.2,2026-10-06T06:18:10.604522+00:00,2026-10-06T06:18:10.604540+00:00,agent_draft_created_and_machine_checked
main-AGENT-A-033,main-AGENT-A-v1_2-033,main,US-MSFT-FY2025-Q4-RELEASE-US-MSFT-SEG-MPC-revenue-FY2024-FY-comparative_prior_year,AGENT-A,agent,us-p3-guide-1.2,2026-10-06T06:17:50.591258+00:00,2026-10-06T06:17:50.591383+00:00,agent_draft_created_and_machine_checked
main-AGENT-B-033,AGENT-B-main-us-p3-guide-1.2-US-MSFT-FY2025-Q4-RELEASE-US-MSFT-SEG-MPC-revenue-FY2024-FY-comparative_prior_year,main,US-MSFT-FY2025-Q4-RELEASE-US-MSFT-SEG-MPC-revenue-FY2024-FY-comparative_prior_year,AGENT-B,agent,us-p3-guide-1.2,2026-10-06T06:18:10.604571+00:00,2026-10-06T06:18:10.604590+00:00,agent_draft_created_and_machine_checked
main-AGENT-A-034,main-AGENT-A-v1_2-034,main,US-MSFT-FY2024-Q4-RELEASE-REPORTS-PBP,AGENT-A,agent,us-p3-guide-1.2,2026-10-06T06:17:50.591415+00:00,2026-10-06T06:17:50.591529+00:00,agent_draft_created_and_machine_checked
main-AGENT-B-034,AGENT-B-main-us-p3-guide-1.2-US-MSFT-FY2024-Q4-RELEASE-REPORTS-PBP,main,US-MSFT-FY2024-Q4-RELEASE-REPORTS-PBP,AGENT-B,agent,us-p3-guide-1.2,2026-10-06T06:18:10.604614+00:00,2026-10-06T06:18:10.604632+00:00,agent_draft_created_and_machine_checked
main-AGENT-A-035,main-AGENT-A-v1_2-035,main,US-MSFT-FY2024-Q4-RELEASE-REPORTS-IC,AGENT-A,agent,us-p3-guide-1.2,2026-10-06T06:17:50.591561+00:00,2026-10-06T06:17:50.591667+00:00,agent_draft_created_and_machine_checked
main-AGENT-B-035,AGENT-B-main-us-p3-guide-1.2-US-MSFT-FY2024-Q4-RELEASE-REPORTS-IC,main,US-MSFT-FY2024-Q4-RELEASE-REPORTS-IC,AGENT-B,agent,us-p3-guide-1.2,2026-10-06T06:18:10.604660+00:00,2026-10-06T06:18:10.604678+00:00,agent_draft_created_and_machine_checked
main-AGENT-A-036,main-AGENT-A-v1_2-036,main,US-MSFT-FY2024-Q4-RELEASE-REPORTS-MPC,AGENT-A,agent,us-p3-guide-1.2,2026-10-06T06:17:50.591698+00:00,2026-10-06T06:17:50.591796+00:00,agent_draft_created_and_machine_checked
main-AGENT-B-036,AGENT-B-main-us-p3-guide-1.2-US-MSFT-FY2024-Q4-RELEASE-REPORTS-MPC,main,US-MSFT-FY2024-Q4-RELEASE-REPORTS-MPC,AGENT-B,agent,us-p3-guide-1.2,2026-10-06T06:18:10.604703+00:00,2026-10-06T06:18:10.604717+00:00,agent_draft_created_and_machine_checked
main-AGENT-A-037,main-AGENT-A-v1_2-037,main,US-MSFT-FY2025-Q4-RELEASE-REPORTS-PBP,AGENT-A,agent,us-p3-guide-1.2,2026-10-06T06:17:50.591823+00:00,2026-10-06T06:17:50.591924+00:00,agent_draft_created_and_machine_checked
main-AGENT-B-037,AGENT-B-main-us-p3-guide-1.2-US-MSFT-FY2025-Q4-RELEASE-REPORTS-PBP,main,US-MSFT-FY2025-Q4-RELEASE-REPORTS-PBP,AGENT-B,agent,us-p3-guide-1.2,2026-10-06T06:18:10.604887+00:00,2026-10-06T06:18:10.604904+00:00,agent_draft_created_and_machine_checked
main-AGENT-A-038,main-AGENT-A-v1_2-038,main,US-MSFT-FY2025-Q4-RELEASE-REPORTS-IC,AGENT-A,agent,us-p3-guide-1.2,2026-10-06T06:17:50.591953+00:00,2026-10-06T06:17:50.592258+00:00,agent_draft_created_and_machine_checked
main-AGENT-B-038,AGENT-B-main-us-p3-guide-1.2-US-MSFT-FY2025-Q4-RELEASE-REPORTS-IC,main,US-MSFT-FY2025-Q4-RELEASE-REPORTS-IC,AGENT-B,agent,us-p3-guide-1.2,2026-10-06T06:18:10.604930+00:00,2026-10-06T06:18:10.604951+00:00,agent_draft_created_and_machine_checked
main-AGENT-A-039,main-AGENT-A-v1_2-039,main,US-MSFT-FY2025-Q4-RELEASE-REPORTS-MPC,AGENT-A,agent,us-p3-guide-1.2,2026-10-06T06:17:50.592306+00:00,2026-10-06T06:17:50.592419+00:00,agent_draft_created_and_machine_checked
main-AGENT-B-039,AGENT-B-main-us-p3-guide-1.2-US-MSFT-FY2025-Q4-RELEASE-REPORTS-MPC,main,US-MSFT-FY2025-Q4-RELEASE-REPORTS-MPC,AGENT-B,agent,us-p3-guide-1.2,2026-10-06T06:18:10.604974+00:00,2026-10-06T06:18:10.604989+00:00,agent_draft_created_and_machine_checked
