edge_id,from_id,to_id,edge_type,same_family,basis,consequence
SCOPE-001,US-MSFT-ANNUAL-FY2025-SCOPE-REFERENCE,US-MSFT-FY2024-Q4-RELEASE-US-MSFT-CONSOLIDATED-revenue-FY2024-Q4-current_period,retrospective_scope_dependency,not_applicable,publication_unknown_observed_2026_10_05,exclude_dependency_from_2024_2025_asof_packets
SCOPE-002,US-MSFT-ANNUAL-FY2025-SCOPE-REFERENCE,US-MSFT-FY2024-Q4-RELEASE-US-MSFT-CONSOLIDATED-operating_income-FY2024-Q4-current_period,retrospective_scope_dependency,not_applicable,publication_unknown_observed_2026_10_05,exclude_dependency_from_2024_2025_asof_packets
SCOPE-003,US-MSFT-ANNUAL-FY2025-SCOPE-REFERENCE,US-MSFT-FY2024-Q4-RELEASE-US-MSFT-CONSOLIDATED-net_income-FY2024-Q4-current_period,retrospective_scope_dependency,not_applicable,publication_unknown_observed_2026_10_05,exclude_dependency_from_2024_2025_asof_packets
SCOPE-004,US-MSFT-ANNUAL-FY2025-SCOPE-REFERENCE,US-MSFT-FY2024-Q4-RELEASE-US-MSFT-CONSOLIDATED-cfo-FY2024-Q4-current_period,retrospective_scope_dependency,not_applicable,publication_unknown_observed_2026_10_05,exclude_dependency_from_2024_2025_asof_packets
SCOPE-005,US-MSFT-ANNUAL-FY2025-SCOPE-REFERENCE,US-MSFT-FY2024-Q4-RELEASE-US-MSFT-CONSOLIDATED-positive_cash_capex-FY2024-Q4-current_period,retrospective_scope_dependency,not_applicable,publication_unknown_observed_2026_10_05,exclude_dependency_from_2024_2025_asof_packets
SCOPE-006,US-MSFT-ANNUAL-FY2025-SCOPE-REFERENCE,US-MSFT-FY2024-Q4-RELEASE-US-MSFT-CONSOLIDATED-revenue-FY2024-FY-current_period,retrospective_scope_dependency,not_applicable,publication_unknown_observed_2026_10_05,exclude_dependency_from_2024_2025_asof_packets
SCOPE-007,US-MSFT-ANNUAL-FY2025-SCOPE-REFERENCE,US-MSFT-FY2024-Q4-RELEASE-US-MSFT-CONSOLIDATED-operating_income-FY2024-FY-current_period,retrospective_scope_dependency,not_applicable,publication_unknown_observed_2026_10_05,exclude_dependency_from_2024_2025_asof_packets
SCOPE-008,US-MSFT-ANNUAL-FY2025-SCOPE-REFERENCE,US-MSFT-FY2024-Q4-RELEASE-US-MSFT-CONSOLIDATED-net_income-FY2024-FY-current_period,retrospective_scope_dependency,not_applicable,publication_unknown_observed_2026_10_05,exclude_dependency_from_2024_2025_asof_packets
SCOPE-009,US-MSFT-ANNUAL-FY2025-SCOPE-REFERENCE,US-MSFT-FY2024-Q4-RELEASE-US-MSFT-CONSOLIDATED-cfo-FY2024-FY-current_period,retrospective_scope_dependency,not_applicable,publication_unknown_observed_2026_10_05,exclude_dependency_from_2024_2025_asof_packets
SCOPE-010,US-MSFT-ANNUAL-FY2025-SCOPE-REFERENCE,US-MSFT-FY2024-Q4-RELEASE-US-MSFT-CONSOLIDATED-positive_cash_capex-FY2024-FY-current_period,retrospective_scope_dependency,not_applicable,publication_unknown_observed_2026_10_05,exclude_dependency_from_2024_2025_asof_packets
SCOPE-011,US-MSFT-ANNUAL-FY2025-SCOPE-REFERENCE,US-MSFT-FY2024-Q4-RELEASE-US-MSFT-CONSOLIDATED-total_assets-FY2024-instant-current_period,retrospective_scope_dependency,not_applicable,publication_unknown_observed_2026_10_05,exclude_dependency_from_2024_2025_asof_packets
SCOPE-012,US-MSFT-ANNUAL-FY2025-SCOPE-REFERENCE,US-MSFT-FY2024-Q4-RELEASE-US-MSFT-CONSOLIDATED-cash_and_equivalents-FY2024-instant-current_period,retrospective_scope_dependency,not_applicable,publication_unknown_observed_2026_10_05,exclude_dependency_from_2024_2025_asof_packets
SCOPE-013,US-MSFT-ANNUAL-FY2025-SCOPE-REFERENCE,US-MSFT-FY2025-Q4-RELEASE-US-MSFT-CONSOLIDATED-revenue-FY2025-Q4-current_period,retrospective_scope_dependency,not_applicable,publication_unknown_observed_2026_10_05,exclude_dependency_from_2024_2025_asof_packets
SCOPE-014,US-MSFT-ANNUAL-FY2025-SCOPE-REFERENCE,US-MSFT-FY2025-Q4-RELEASE-US-MSFT-CONSOLIDATED-operating_income-FY2025-Q4-current_period,retrospective_scope_dependency,not_applicable,publication_unknown_observed_2026_10_05,exclude_dependency_from_2024_2025_asof_packets
SCOPE-015,US-MSFT-ANNUAL-FY2025-SCOPE-REFERENCE,US-MSFT-FY2025-Q4-RELEASE-US-MSFT-CONSOLIDATED-net_income-FY2025-Q4-current_period,retrospective_scope_dependency,not_applicable,publication_unknown_observed_2026_10_05,exclude_dependency_from_2024_2025_asof_packets
SCOPE-016,US-MSFT-ANNUAL-FY2025-SCOPE-REFERENCE,US-MSFT-FY2025-Q4-RELEASE-US-MSFT-CONSOLIDATED-cfo-FY2025-Q4-current_period,retrospective_scope_dependency,not_applicable,publication_unknown_observed_2026_10_05,exclude_dependency_from_2024_2025_asof_packets
SCOPE-017,US-MSFT-ANNUAL-FY2025-SCOPE-REFERENCE,US-MSFT-FY2025-Q4-RELEASE-US-MSFT-CONSOLIDATED-positive_cash_capex-FY2025-Q4-current_period,retrospective_scope_dependency,not_applicable,publication_unknown_observed_2026_10_05,exclude_dependency_from_2024_2025_asof_packets
SCOPE-018,US-MSFT-ANNUAL-FY2025-SCOPE-REFERENCE,US-MSFT-FY2025-Q4-RELEASE-US-MSFT-CONSOLIDATED-revenue-FY2025-FY-current_period,retrospective_scope_dependency,not_applicable,publication_unknown_observed_2026_10_05,exclude_dependency_from_2024_2025_asof_packets
SCOPE-019,US-MSFT-ANNUAL-FY2025-SCOPE-REFERENCE,US-MSFT-FY2025-Q4-RELEASE-US-MSFT-CONSOLIDATED-operating_income-FY2025-FY-current_period,retrospective_scope_dependency,not_applicable,publication_unknown_observed_2026_10_05,exclude_dependency_from_2024_2025_asof_packets
SCOPE-020,US-MSFT-ANNUAL-FY2025-SCOPE-REFERENCE,US-MSFT-FY2025-Q4-RELEASE-US-MSFT-CONSOLIDATED-net_income-FY2025-FY-current_period,retrospective_scope_dependency,not_applicable,publication_unknown_observed_2026_10_05,exclude_dependency_from_2024_2025_asof_packets
SCOPE-021,US-MSFT-ANNUAL-FY2025-SCOPE-REFERENCE,US-MSFT-FY2025-Q4-RELEASE-US-MSFT-CONSOLIDATED-cfo-FY2025-FY-current_period,retrospective_scope_dependency,not_applicable,publication_unknown_observed_2026_10_05,exclude_dependency_from_2024_2025_asof_packets
SCOPE-022,US-MSFT-ANNUAL-FY2025-SCOPE-REFERENCE,US-MSFT-FY2025-Q4-RELEASE-US-MSFT-CONSOLIDATED-positive_cash_capex-FY2025-FY-current_period,retrospective_scope_dependency,not_applicable,publication_unknown_observed_2026_10_05,exclude_dependency_from_2024_2025_asof_packets
SCOPE-023,US-MSFT-ANNUAL-FY2025-SCOPE-REFERENCE,US-MSFT-FY2025-Q4-RELEASE-US-MSFT-CONSOLIDATED-total_assets-FY2025-instant-current_period,retrospective_scope_dependency,not_applicable,publication_unknown_observed_2026_10_05,exclude_dependency_from_2024_2025_asof_packets
SCOPE-024,US-MSFT-ANNUAL-FY2025-SCOPE-REFERENCE,US-MSFT-FY2025-Q4-RELEASE-US-MSFT-CONSOLIDATED-cash_and_equivalents-FY2025-instant-current_period,retrospective_scope_dependency,not_applicable,publication_unknown_observed_2026_10_05,exclude_dependency_from_2024_2025_asof_packets
OVERLAP-025,US-MSFT-FY2024-Q4-RELEASE-US-MSFT-SEG-PBP-revenue-FY2024-FY-current_period,US-MSFT-FY2025-Q4-RELEASE-US-MSFT-SEG-PBP-revenue-FY2024-FY-comparative_prior_year,representation_overlap,false,same_scope_metric_reference_period_different_presentation,same_development_leakage_group; not_a_confirmed_correction
OVERLAP-026,US-MSFT-FY2024-Q4-RELEASE-US-MSFT-SEG-IC-revenue-FY2024-FY-current_period,US-MSFT-FY2025-Q4-RELEASE-US-MSFT-SEG-IC-revenue-FY2024-FY-comparative_prior_year,representation_overlap,false,same_scope_metric_reference_period_different_presentation,same_development_leakage_group; not_a_confirmed_correction
OVERLAP-027,US-MSFT-FY2024-Q4-RELEASE-US-MSFT-SEG-MPC-revenue-FY2024-FY-current_period,US-MSFT-FY2025-Q4-RELEASE-US-MSFT-SEG-MPC-revenue-FY2024-FY-comparative_prior_year,representation_overlap,false,same_scope_metric_reference_period_different_presentation,same_development_leakage_group; not_a_confirmed_correction
