item_id,category,fields,status,next_action
US-MSFT-FY2024-Q4-RELEASE-US-MSFT-CONSOLIDATED-revenue-FY2024-Q4-current_period,prior_not_provided,MQ01-MQ05;MQ07,unresolved,provide_asof_eligible_prior_and_assumptions
US-MSFT-FY2024-Q4-RELEASE-US-MSFT-CONSOLIDATED-revenue-FY2024-Q4-current_period,historical_scope_support_unavailable,scope_status_as_of,unresolved,verify_publication_availability_of_scope_evidence
US-MSFT-FY2024-Q4-RELEASE-US-MSFT-CONSOLIDATED-operating_income-FY2024-Q4-current_period,prior_not_provided,MQ01-MQ05;MQ07,unresolved,provide_asof_eligible_prior_and_assumptions
US-MSFT-FY2024-Q4-RELEASE-US-MSFT-CONSOLIDATED-operating_income-FY2024-Q4-current_period,historical_scope_support_unavailable,scope_status_as_of,unresolved,verify_publication_availability_of_scope_evidence
US-MSFT-FY2024-Q4-RELEASE-US-MSFT-CONSOLIDATED-net_income-FY2024-Q4-current_period,prior_not_provided,MQ01-MQ05;MQ07,unresolved,provide_asof_eligible_prior_and_assumptions
US-MSFT-FY2024-Q4-RELEASE-US-MSFT-CONSOLIDATED-net_income-FY2024-Q4-current_period,historical_scope_support_unavailable,scope_status_as_of,unresolved,verify_publication_availability_of_scope_evidence
US-MSFT-FY2024-Q4-RELEASE-US-MSFT-CONSOLIDATED-cfo-FY2024-Q4-current_period,prior_not_provided,MQ01-MQ05;MQ07,unresolved,provide_asof_eligible_prior_and_assumptions
US-MSFT-FY2024-Q4-RELEASE-US-MSFT-CONSOLIDATED-cfo-FY2024-Q4-current_period,historical_scope_support_unavailable,scope_status_as_of,unresolved,verify_publication_availability_of_scope_evidence
US-MSFT-FY2024-Q4-RELEASE-US-MSFT-CONSOLIDATED-positive_cash_capex-FY2024-Q4-current_period,prior_not_provided,MQ01-MQ05;MQ07,unresolved,provide_asof_eligible_prior_and_assumptions
US-MSFT-FY2024-Q4-RELEASE-US-MSFT-CONSOLIDATED-positive_cash_capex-FY2024-Q4-current_period,historical_scope_support_unavailable,scope_status_as_of,unresolved,verify_publication_availability_of_scope_evidence
US-MSFT-FY2024-Q4-RELEASE-US-MSFT-CONSOLIDATED-revenue-FY2024-FY-current_period,prior_not_provided,MQ01-MQ05;MQ07,unresolved,provide_asof_eligible_prior_and_assumptions
US-MSFT-FY2024-Q4-RELEASE-US-MSFT-CONSOLIDATED-revenue-FY2024-FY-current_period,historical_scope_support_unavailable,scope_status_as_of,unresolved,verify_publication_availability_of_scope_evidence
US-MSFT-FY2024-Q4-RELEASE-US-MSFT-CONSOLIDATED-operating_income-FY2024-FY-current_period,prior_not_provided,MQ01-MQ05;MQ07,unresolved,provide_asof_eligible_prior_and_assumptions
US-MSFT-FY2024-Q4-RELEASE-US-MSFT-CONSOLIDATED-operating_income-FY2024-FY-current_period,historical_scope_support_unavailable,scope_status_as_of,unresolved,verify_publication_availability_of_scope_evidence
US-MSFT-FY2024-Q4-RELEASE-US-MSFT-CONSOLIDATED-net_income-FY2024-FY-current_period,prior_not_provided,MQ01-MQ05;MQ07,unresolved,provide_asof_eligible_prior_and_assumptions
US-MSFT-FY2024-Q4-RELEASE-US-MSFT-CONSOLIDATED-net_income-FY2024-FY-current_period,historical_scope_support_unavailable,scope_status_as_of,unresolved,verify_publication_availability_of_scope_evidence
US-MSFT-FY2024-Q4-RELEASE-US-MSFT-CONSOLIDATED-cfo-FY2024-FY-current_period,prior_not_provided,MQ01-MQ05;MQ07,unresolved,provide_asof_eligible_prior_and_assumptions
US-MSFT-FY2024-Q4-RELEASE-US-MSFT-CONSOLIDATED-cfo-FY2024-FY-current_period,historical_scope_support_unavailable,scope_status_as_of,unresolved,verify_publication_availability_of_scope_evidence
US-MSFT-FY2024-Q4-RELEASE-US-MSFT-CONSOLIDATED-positive_cash_capex-FY2024-FY-current_period,prior_not_provided,MQ01-MQ05;MQ07,unresolved,provide_asof_eligible_prior_and_assumptions
US-MSFT-FY2024-Q4-RELEASE-US-MSFT-CONSOLIDATED-positive_cash_capex-FY2024-FY-current_period,historical_scope_support_unavailable,scope_status_as_of,unresolved,verify_publication_availability_of_scope_evidence
US-MSFT-FY2024-Q4-RELEASE-US-MSFT-CONSOLIDATED-total_assets-FY2024-instant-current_period,prior_not_provided,MQ01-MQ05;MQ07,unresolved,provide_asof_eligible_prior_and_assumptions
US-MSFT-FY2024-Q4-RELEASE-US-MSFT-CONSOLIDATED-total_assets-FY2024-instant-current_period,historical_scope_support_unavailable,scope_status_as_of,unresolved,verify_publication_availability_of_scope_evidence
US-MSFT-FY2024-Q4-RELEASE-US-MSFT-CONSOLIDATED-cash_and_equivalents-FY2024-instant-current_period,prior_not_provided,MQ01-MQ05;MQ07,unresolved,provide_asof_eligible_prior_and_assumptions
US-MSFT-FY2024-Q4-RELEASE-US-MSFT-CONSOLIDATED-cash_and_equivalents-FY2024-instant-current_period,historical_scope_support_unavailable,scope_status_as_of,unresolved,verify_publication_availability_of_scope_evidence
US-MSFT-FY2024-Q4-RELEASE-US-MSFT-SEG-PBP-revenue-FY2024-FY-current_period,prior_not_provided,MQ01-MQ05;MQ07,unresolved,provide_asof_eligible_prior_and_assumptions
US-MSFT-FY2024-Q4-RELEASE-US-MSFT-SEG-PBP-revenue-FY2024-FY-current_period,presentation_change_policy_unverified,definition_version;comparability,unresolved,source_policy_review_before_cross_presentation_comparison
US-MSFT-FY2024-Q4-RELEASE-US-MSFT-SEG-IC-revenue-FY2024-FY-current_period,prior_not_provided,MQ01-MQ05;MQ07,unresolved,provide_asof_eligible_prior_and_assumptions
US-MSFT-FY2024-Q4-RELEASE-US-MSFT-SEG-IC-revenue-FY2024-FY-current_period,presentation_change_policy_unverified,definition_version;comparability,unresolved,source_policy_review_before_cross_presentation_comparison
US-MSFT-FY2024-Q4-RELEASE-US-MSFT-SEG-MPC-revenue-FY2024-FY-current_period,prior_not_provided,MQ01-MQ05;MQ07,unresolved,provide_asof_eligible_prior_and_assumptions
US-MSFT-FY2024-Q4-RELEASE-US-MSFT-SEG-MPC-revenue-FY2024-FY-current_period,presentation_change_policy_unverified,definition_version;comparability,unresolved,source_policy_review_before_cross_presentation_comparison
US-MSFT-FY2025-Q4-RELEASE-US-MSFT-CONSOLIDATED-revenue-FY2025-Q4-current_period,prior_not_provided,MQ01-MQ05;MQ07,unresolved,provide_asof_eligible_prior_and_assumptions
US-MSFT-FY2025-Q4-RELEASE-US-MSFT-CONSOLIDATED-revenue-FY2025-Q4-current_period,historical_scope_support_unavailable,scope_status_as_of,unresolved,verify_publication_availability_of_scope_evidence
US-MSFT-FY2025-Q4-RELEASE-US-MSFT-CONSOLIDATED-operating_income-FY2025-Q4-current_period,prior_not_provided,MQ01-MQ05;MQ07,unresolved,provide_asof_eligible_prior_and_assumptions
US-MSFT-FY2025-Q4-RELEASE-US-MSFT-CONSOLIDATED-operating_income-FY2025-Q4-current_period,historical_scope_support_unavailable,scope_status_as_of,unresolved,verify_publication_availability_of_scope_evidence
US-MSFT-FY2025-Q4-RELEASE-US-MSFT-CONSOLIDATED-net_income-FY2025-Q4-current_period,prior_not_provided,MQ01-MQ05;MQ07,unresolved,provide_asof_eligible_prior_and_assumptions
US-MSFT-FY2025-Q4-RELEASE-US-MSFT-CONSOLIDATED-net_income-FY2025-Q4-current_period,historical_scope_support_unavailable,scope_status_as_of,unresolved,verify_publication_availability_of_scope_evidence
US-MSFT-FY2025-Q4-RELEASE-US-MSFT-CONSOLIDATED-cfo-FY2025-Q4-current_period,prior_not_provided,MQ01-MQ05;MQ07,unresolved,provide_asof_eligible_prior_and_assumptions
US-MSFT-FY2025-Q4-RELEASE-US-MSFT-CONSOLIDATED-cfo-FY2025-Q4-current_period,historical_scope_support_unavailable,scope_status_as_of,unresolved,verify_publication_availability_of_scope_evidence
US-MSFT-FY2025-Q4-RELEASE-US-MSFT-CONSOLIDATED-positive_cash_capex-FY2025-Q4-current_period,prior_not_provided,MQ01-MQ05;MQ07,unresolved,provide_asof_eligible_prior_and_assumptions
US-MSFT-FY2025-Q4-RELEASE-US-MSFT-CONSOLIDATED-positive_cash_capex-FY2025-Q4-current_period,historical_scope_support_unavailable,scope_status_as_of,unresolved,verify_publication_availability_of_scope_evidence
US-MSFT-FY2025-Q4-RELEASE-US-MSFT-CONSOLIDATED-revenue-FY2025-FY-current_period,prior_not_provided,MQ01-MQ05;MQ07,unresolved,provide_asof_eligible_prior_and_assumptions
US-MSFT-FY2025-Q4-RELEASE-US-MSFT-CONSOLIDATED-revenue-FY2025-FY-current_period,historical_scope_support_unavailable,scope_status_as_of,unresolved,verify_publication_availability_of_scope_evidence
US-MSFT-FY2025-Q4-RELEASE-US-MSFT-CONSOLIDATED-operating_income-FY2025-FY-current_period,prior_not_provided,MQ01-MQ05;MQ07,unresolved,provide_asof_eligible_prior_and_assumptions
US-MSFT-FY2025-Q4-RELEASE-US-MSFT-CONSOLIDATED-operating_income-FY2025-FY-current_period,historical_scope_support_unavailable,scope_status_as_of,unresolved,verify_publication_availability_of_scope_evidence
US-MSFT-FY2025-Q4-RELEASE-US-MSFT-CONSOLIDATED-net_income-FY2025-FY-current_period,prior_not_provided,MQ01-MQ05;MQ07,unresolved,provide_asof_eligible_prior_and_assumptions
US-MSFT-FY2025-Q4-RELEASE-US-MSFT-CONSOLIDATED-net_income-FY2025-FY-current_period,historical_scope_support_unavailable,scope_status_as_of,unresolved,verify_publication_availability_of_scope_evidence
US-MSFT-FY2025-Q4-RELEASE-US-MSFT-CONSOLIDATED-cfo-FY2025-FY-current_period,prior_not_provided,MQ01-MQ05;MQ07,unresolved,provide_asof_eligible_prior_and_assumptions
US-MSFT-FY2025-Q4-RELEASE-US-MSFT-CONSOLIDATED-cfo-FY2025-FY-current_period,historical_scope_support_unavailable,scope_status_as_of,unresolved,verify_publication_availability_of_scope_evidence
US-MSFT-FY2025-Q4-RELEASE-US-MSFT-CONSOLIDATED-positive_cash_capex-FY2025-FY-current_period,prior_not_provided,MQ01-MQ05;MQ07,unresolved,provide_asof_eligible_prior_and_assumptions
US-MSFT-FY2025-Q4-RELEASE-US-MSFT-CONSOLIDATED-positive_cash_capex-FY2025-FY-current_period,historical_scope_support_unavailable,scope_status_as_of,unresolved,verify_publication_availability_of_scope_evidence
US-MSFT-FY2025-Q4-RELEASE-US-MSFT-CONSOLIDATED-total_assets-FY2025-instant-current_period,prior_not_provided,MQ01-MQ05;MQ07,unresolved,provide_asof_eligible_prior_and_assumptions
US-MSFT-FY2025-Q4-RELEASE-US-MSFT-CONSOLIDATED-total_assets-FY2025-instant-current_period,historical_scope_support_unavailable,scope_status_as_of,unresolved,verify_publication_availability_of_scope_evidence
US-MSFT-FY2025-Q4-RELEASE-US-MSFT-CONSOLIDATED-cash_and_equivalents-FY2025-instant-current_period,prior_not_provided,MQ01-MQ05;MQ07,unresolved,provide_asof_eligible_prior_and_assumptions
US-MSFT-FY2025-Q4-RELEASE-US-MSFT-CONSOLIDATED-cash_and_equivalents-FY2025-instant-current_period,historical_scope_support_unavailable,scope_status_as_of,unresolved,verify_publication_availability_of_scope_evidence
US-MSFT-FY2025-Q4-RELEASE-US-MSFT-SEG-PBP-revenue-FY2025-FY-current_period,prior_not_provided,MQ01-MQ05;MQ07,unresolved,provide_asof_eligible_prior_and_assumptions
US-MSFT-FY2025-Q4-RELEASE-US-MSFT-SEG-PBP-revenue-FY2025-FY-current_period,presentation_change_policy_unverified,definition_version;comparability,unresolved,source_policy_review_before_cross_presentation_comparison
US-MSFT-FY2025-Q4-RELEASE-US-MSFT-SEG-PBP-revenue-FY2024-FY-comparative_prior_year,prior_not_provided,MQ01-MQ05;MQ07,unresolved,provide_asof_eligible_prior_and_assumptions
US-MSFT-FY2025-Q4-RELEASE-US-MSFT-SEG-PBP-revenue-FY2024-FY-comparative_prior_year,presentation_change_policy_unverified,definition_version;comparability,unresolved,source_policy_review_before_cross_presentation_comparison
US-MSFT-FY2025-Q4-RELEASE-US-MSFT-SEG-IC-revenue-FY2025-FY-current_period,prior_not_provided,MQ01-MQ05;MQ07,unresolved,provide_asof_eligible_prior_and_assumptions
US-MSFT-FY2025-Q4-RELEASE-US-MSFT-SEG-IC-revenue-FY2025-FY-current_period,presentation_change_policy_unverified,definition_version;comparability,unresolved,source_policy_review_before_cross_presentation_comparison
US-MSFT-FY2025-Q4-RELEASE-US-MSFT-SEG-IC-revenue-FY2024-FY-comparative_prior_year,prior_not_provided,MQ01-MQ05;MQ07,unresolved,provide_asof_eligible_prior_and_assumptions
US-MSFT-FY2025-Q4-RELEASE-US-MSFT-SEG-IC-revenue-FY2024-FY-comparative_prior_year,presentation_change_policy_unverified,definition_version;comparability,unresolved,source_policy_review_before_cross_presentation_comparison
US-MSFT-FY2025-Q4-RELEASE-US-MSFT-SEG-MPC-revenue-FY2025-FY-current_period,prior_not_provided,MQ01-MQ05;MQ07,unresolved,provide_asof_eligible_prior_and_assumptions
US-MSFT-FY2025-Q4-RELEASE-US-MSFT-SEG-MPC-revenue-FY2025-FY-current_period,presentation_change_policy_unverified,definition_version;comparability,unresolved,source_policy_review_before_cross_presentation_comparison
US-MSFT-FY2025-Q4-RELEASE-US-MSFT-SEG-MPC-revenue-FY2024-FY-comparative_prior_year,prior_not_provided,MQ01-MQ05;MQ07,unresolved,provide_asof_eligible_prior_and_assumptions
US-MSFT-FY2025-Q4-RELEASE-US-MSFT-SEG-MPC-revenue-FY2024-FY-comparative_prior_year,presentation_change_policy_unverified,definition_version;comparability,unresolved,source_policy_review_before_cross_presentation_comparison
US-MSFT-FY2024-Q4-RELEASE-REPORTS-PBP,prior_not_provided,MQ01-MQ05;MQ07,unresolved,provide_asof_eligible_prior_and_assumptions
US-MSFT-FY2024-Q4-RELEASE-REPORTS-PBP,business_effective_dates_unknown,effective_period;valid_from;valid_to,unresolved,require_explicit_validity_evidence_if_needed
US-MSFT-FY2024-Q4-RELEASE-REPORTS-IC,prior_not_provided,MQ01-MQ05;MQ07,unresolved,provide_asof_eligible_prior_and_assumptions
US-MSFT-FY2024-Q4-RELEASE-REPORTS-IC,business_effective_dates_unknown,effective_period;valid_from;valid_to,unresolved,require_explicit_validity_evidence_if_needed
US-MSFT-FY2024-Q4-RELEASE-REPORTS-MPC,prior_not_provided,MQ01-MQ05;MQ07,unresolved,provide_asof_eligible_prior_and_assumptions
US-MSFT-FY2024-Q4-RELEASE-REPORTS-MPC,business_effective_dates_unknown,effective_period;valid_from;valid_to,unresolved,require_explicit_validity_evidence_if_needed
US-MSFT-FY2025-Q4-RELEASE-REPORTS-PBP,prior_not_provided,MQ01-MQ05;MQ07,unresolved,provide_asof_eligible_prior_and_assumptions
US-MSFT-FY2025-Q4-RELEASE-REPORTS-PBP,business_effective_dates_unknown,effective_period;valid_from;valid_to,unresolved,require_explicit_validity_evidence_if_needed
US-MSFT-FY2025-Q4-RELEASE-REPORTS-IC,prior_not_provided,MQ01-MQ05;MQ07,unresolved,provide_asof_eligible_prior_and_assumptions
US-MSFT-FY2025-Q4-RELEASE-REPORTS-IC,business_effective_dates_unknown,effective_period;valid_from;valid_to,unresolved,require_explicit_validity_evidence_if_needed
US-MSFT-FY2025-Q4-RELEASE-REPORTS-MPC,prior_not_provided,MQ01-MQ05;MQ07,unresolved,provide_asof_eligible_prior_and_assumptions
US-MSFT-FY2025-Q4-RELEASE-REPORTS-MPC,business_effective_dates_unknown,effective_period;valid_from;valid_to,unresolved,require_explicit_validity_evidence_if_needed
