doc_id,revision_id,source_pdf_uri,source_pdf_sha256,pdf_page_index,pdf_page_number,native_text_chars,image_objects,vector_drawings,pdf_page_width_points,pdf_page_height_points,dpi,render_width,render_height,render_png_sha256,render_private_uri,page_kind_assessment,ocr_status,ocr_private_uri,ocr_text_sha256,ocr_chars,ocr_word_count,selected_psm,attempt_count,mean_word_confidence,min_word_confidence,below_80_confidence_words,numeric_token_candidates,bbox_within_render,human_transcription_status,semantic_completeness
SKH-2024Q1-IR,095dfb7262a4ab45,artifacts/p0/raw/SKH-2024Q1-IR.pdf,095dfb7262a4ab45625aff15d67dc78d440349127aca1a7ae56b5fea2c256841,2,3,0,3,0,1920.0,1440.0,200,5334,4000,0bf8013c0181dfa5399bbf994a242c07187b6b6500df0e1d3034af1cd30caf05,raw/SKH-2024Q1-IR-p003.png,unknown_not_assumed_divider,recognized_pending_review,raw/SKH-2024Q1-IR-p003.ocr.json,014b469b02ab9d20339db1df4a4d61d1916ed0cf3331e50d5d82704d1649849a,36,6,11,1,85.66666666666667,69.0,2,2,True,pending,not_established
SKH-2024Q1-IR,095dfb7262a4ab45,artifacts/p0/raw/SKH-2024Q1-IR.pdf,095dfb7262a4ab45625aff15d67dc78d440349127aca1a7ae56b5fea2c256841,7,8,0,3,0,1920.0,1440.0,200,5334,4000,949128515a929bf866f825e95cd20733ae2453d817c1c276c778913cb96c1e1e,raw/SKH-2024Q1-IR-p008.png,unknown_not_assumed_divider,recognized_pending_review,raw/SKH-2024Q1-IR-p008.ocr.json,3d672213887ac50b5af9beb09c9d278974bab80fd5bd6b0cec829de261f7d681,73,21,11,2,39.857142857142854,0.0,18,2,True,pending,not_established
SKH-2024Q1-IR,095dfb7262a4ab45,artifacts/p0/raw/SKH-2024Q1-IR.pdf,095dfb7262a4ab45625aff15d67dc78d440349127aca1a7ae56b5fea2c256841,13,14,0,3,0,1920.0,1440.0,200,5334,4000,f7b32ad32314a025fc8d641fabfc20eb3d83654acf495e8f029cbe07fa0de12d,raw/SKH-2024Q1-IR-p014.png,unknown_not_assumed_divider,recognized_pending_review,raw/SKH-2024Q1-IR-p014.ocr.json,2dc20cbced1eb52417755787eb89c7f0f5a719eadc076034fa98ada60a3d53fb,40,9,11,1,47.666666666666664,0.0,7,2,True,pending,not_established
SKH-2024Q2-IR,2b3eeae58857c1a7,artifacts/p0/raw/SKH-2024Q2-IR.pdf,2b3eeae58857c1a7975fe30e143d92eeed43b0643f308abc0b24e279339cc4fc,2,3,0,3,0,1920.0,1440.0,200,5334,4000,92b112f0d928e58e89fe84b659ce880a74875127b9269e6157ed679aafc96496,raw/SKH-2024Q2-IR-p003.png,unknown_not_assumed_divider,recognized_pending_review,raw/SKH-2024Q2-IR-p003.ocr.json,561af07cbf467d2db1446f80a850cd1d3c046ca8f9198a70af58577e160ad371,36,6,11,1,89.66666666666667,79.0,1,2,True,pending,not_established
SKH-2024Q2-IR,2b3eeae58857c1a7,artifacts/p0/raw/SKH-2024Q2-IR.pdf,2b3eeae58857c1a7975fe30e143d92eeed43b0643f308abc0b24e279339cc4fc,7,8,0,3,0,1920.0,1440.0,200,5334,4000,949128515a929bf866f825e95cd20733ae2453d817c1c276c778913cb96c1e1e,raw/SKH-2024Q2-IR-p008.png,unknown_not_assumed_divider,recognized_pending_review,raw/SKH-2024Q2-IR-p008.ocr.json,3d672213887ac50b5af9beb09c9d278974bab80fd5bd6b0cec829de261f7d681,73,21,11,2,39.857142857142854,0.0,18,2,True,pending,not_established
SKH-2024Q2-IR,2b3eeae58857c1a7,artifacts/p0/raw/SKH-2024Q2-IR.pdf,2b3eeae58857c1a7975fe30e143d92eeed43b0643f308abc0b24e279339cc4fc,12,13,0,3,0,1920.0,1440.0,200,5334,4000,f48ced768776f616fad004c671336ebed103435cf11a26213317b8752eb101d0,raw/SKH-2024Q2-IR-p013.png,unknown_not_assumed_divider,recognized_pending_review,raw/SKH-2024Q2-IR-p013.ocr.json,2dc20cbced1eb52417755787eb89c7f0f5a719eadc076034fa98ada60a3d53fb,40,9,11,1,47.666666666666664,0.0,7,2,True,pending,not_established
SKH-2024Q3-IR,7c32fa5eb98ec393,artifacts/p0/raw/SKH-2024Q3-IR.pdf,7c32fa5eb98ec39345b4615cfd336eaa3f357824635834249981e4201b9c42b9,2,3,0,3,0,1920.0,1440.0,200,5334,4000,760196ef875d43d5c713b900e608c8d351c1fd16373ec16d95020df52acc0645,raw/SKH-2024Q3-IR-p003.png,unknown_not_assumed_divider,recognized_pending_review,raw/SKH-2024Q3-IR-p003.ocr.json,312a18a6061383bf4fc1444ada89937674ed5e759c7baa7aa77a560206baac18,36,6,11,1,88.66666666666667,79.0,1,2,True,pending,not_established
SKH-2024Q3-IR,7c32fa5eb98ec393,artifacts/p0/raw/SKH-2024Q3-IR.pdf,7c32fa5eb98ec39345b4615cfd336eaa3f357824635834249981e4201b9c42b9,7,8,0,3,0,1920.0,1440.0,200,5334,4000,949128515a929bf866f825e95cd20733ae2453d817c1c276c778913cb96c1e1e,raw/SKH-2024Q3-IR-p008.png,unknown_not_assumed_divider,recognized_pending_review,raw/SKH-2024Q3-IR-p008.ocr.json,3d672213887ac50b5af9beb09c9d278974bab80fd5bd6b0cec829de261f7d681,73,21,11,2,39.857142857142854,0.0,18,2,True,pending,not_established
SKH-2024Q3-IR,7c32fa5eb98ec393,artifacts/p0/raw/SKH-2024Q3-IR.pdf,7c32fa5eb98ec39345b4615cfd336eaa3f357824635834249981e4201b9c42b9,11,12,0,3,0,1920.0,1440.0,200,5334,4000,5354af267c63e701d079378bf58907c55a50dcec9e67441378d52ae9b698939a,raw/SKH-2024Q3-IR-p012.png,unknown_not_assumed_divider,recognized_pending_review,raw/SKH-2024Q3-IR-p012.ocr.json,2dc20cbced1eb52417755787eb89c7f0f5a719eadc076034fa98ada60a3d53fb,40,9,11,1,47.666666666666664,0.0,7,2,True,pending,not_established
SKH-2024Q4-IR,985b58ab9d72b5e4,artifacts/p0/raw/SKH-2024Q4-IR.pdf,985b58ab9d72b5e4f88e20a57404c14d40aa79f399876862b00314f028338ac5,2,3,0,3,0,1920.0,1440.0,200,5334,4000,316c7ab699c85de3dc2e32e15b94041e19efbefe32ef87b2b5425ce7f2b73902,raw/SKH-2024Q4-IR-p003.png,unknown_not_assumed_divider,recognized_pending_review,raw/SKH-2024Q4-IR-p003.ocr.json,e962c512514e19650293731d53aedee1c9724800ac2d564659af5bb35a780a3b,36,6,11,1,89.16666666666667,79.0,1,2,True,pending,not_established
SKH-2024Q4-IR,985b58ab9d72b5e4,artifacts/p0/raw/SKH-2024Q4-IR.pdf,985b58ab9d72b5e4f88e20a57404c14d40aa79f399876862b00314f028338ac5,10,11,0,3,0,1920.0,1440.0,200,5334,4000,949128515a929bf866f825e95cd20733ae2453d817c1c276c778913cb96c1e1e,raw/SKH-2024Q4-IR-p011.png,unknown_not_assumed_divider,recognized_pending_review,raw/SKH-2024Q4-IR-p011.ocr.json,3d672213887ac50b5af9beb09c9d278974bab80fd5bd6b0cec829de261f7d681,73,21,11,2,39.857142857142854,0.0,18,2,True,pending,not_established
SKH-2024Q4-IR,985b58ab9d72b5e4,artifacts/p0/raw/SKH-2024Q4-IR.pdf,985b58ab9d72b5e4f88e20a57404c14d40aa79f399876862b00314f028338ac5,14,15,0,3,0,1920.0,1440.0,200,5334,4000,65c11db954847426dfbb550e3f73a27b575867a16f64e0b7784b934bd7fd22ff,raw/SKH-2024Q4-IR-p015.png,unknown_not_assumed_divider,recognized_pending_review,raw/SKH-2024Q4-IR-p015.ocr.json,2f0d66ac27978e6ce298391717589ad49490bc3ca00d0d06b3f92c823ef83639,61,12,11,1,71.5,4.0,6,2,True,pending,not_established
SKH-2024Q4-IR,985b58ab9d72b5e4,artifacts/p0/raw/SKH-2024Q4-IR.pdf,985b58ab9d72b5e4f88e20a57404c14d40aa79f399876862b00314f028338ac5,16,17,0,3,0,1920.0,1440.0,200,5334,4000,e5d40082adbc337ab3e3d2ac8e3f4555c391335defb3baac2e116887758c7d5e,raw/SKH-2024Q4-IR-p017.png,unknown_not_assumed_divider,recognized_pending_review,raw/SKH-2024Q4-IR-p017.ocr.json,2dc20cbced1eb52417755787eb89c7f0f5a719eadc076034fa98ada60a3d53fb,40,9,11,1,47.666666666666664,0.0,7,2,True,pending,not_established
SKH-2025Q1-IR,fe8e2858f2818eaa,artifacts/p0/raw/SKH-2025Q1-IR.pdf,fe8e2858f2818eaa4401c609deec9b6d6330e9cb72d5fdbd61433d651da58184,2,3,0,3,0,2559.9599609375,1440.0,200,7111,4000,8aa1bcebbe4fda971e89830baddbb54f02586fc9319392e40d0e17c3a380eccf,raw/SKH-2025Q1-IR-p003.png,unknown_not_assumed_divider,recognized_pending_review,raw/SKH-2025Q1-IR-p003.ocr.json,250150a6e0a45f4d7444932b1ca849cd15755bd5bbeb1decc09d75f9ce9ccc4a,36,6,11,1,85.66666666666667,72.0,2,2,True,pending,not_established
SKH-2025Q1-IR,fe8e2858f2818eaa,artifacts/p0/raw/SKH-2025Q1-IR.pdf,fe8e2858f2818eaa4401c609deec9b6d6330e9cb72d5fdbd61433d651da58184,7,8,0,3,0,2559.9599609375,1440.0,200,7111,4000,40118823d9f8a1f158c419bb389bb527ed86c8bc15f1dff0ab51922ad2e6c170,raw/SKH-2025Q1-IR-p008.png,unknown_not_assumed_divider,recognized_pending_review,raw/SKH-2025Q1-IR-p008.ocr.json,58fd13d1ad2f0fa52cbc3c2da94921ceb6076e4ae8c5c9c205bae0aa0ad506fa,93,30,6,2,39.766666666666666,0.0,27,4,True,pending,not_established
SKH-2025Q1-IR,fe8e2858f2818eaa,artifacts/p0/raw/SKH-2025Q1-IR.pdf,fe8e2858f2818eaa4401c609deec9b6d6330e9cb72d5fdbd61433d651da58184,11,12,0,3,0,2559.9599609375,1440.0,200,7111,4000,57c915ee69035aea51b7dfc8081d4d8f955a376896ca4f0adb19c185c78ec8a1,raw/SKH-2025Q1-IR-p012.png,unknown_not_assumed_divider,recognized_pending_review,raw/SKH-2025Q1-IR-p012.ocr.json,0c3d902bb84bff3eb5b3141e7c53e9ddbcc640cabc54bd98cdafe080e4e81094,39,8,11,1,40.875,0.0,6,1,True,pending,not_established
SKH-2025Q2-IR,728f54d5c1d4be1f,artifacts/p0/raw/SKH-2025Q2-IR.pdf,728f54d5c1d4be1f64f613c4bde69fbf612f80e933fd8160d01ab193fbcdb32a,2,3,0,3,0,2559.9599609375,1440.0,200,7111,4000,2d853811cba66543da63297c633ccdefbf5718bb84b32124441b2380dfb62c82,raw/SKH-2025Q2-IR-p003.png,unknown_not_assumed_divider,recognized_pending_review,raw/SKH-2025Q2-IR-p003.ocr.json,0b1c0e14ec8112564cc1e6df9d7830eea0075b6ce0886b2241b3be94f9e9d677,36,6,11,1,86.83333333333333,77.0,2,2,True,pending,not_established
SKH-2025Q2-IR,728f54d5c1d4be1f,artifacts/p0/raw/SKH-2025Q2-IR.pdf,728f54d5c1d4be1f64f613c4bde69fbf612f80e933fd8160d01ab193fbcdb32a,7,8,0,3,0,2559.9599609375,1440.0,200,7111,4000,40118823d9f8a1f158c419bb389bb527ed86c8bc15f1dff0ab51922ad2e6c170,raw/SKH-2025Q2-IR-p008.png,unknown_not_assumed_divider,recognized_pending_review,raw/SKH-2025Q2-IR-p008.ocr.json,58fd13d1ad2f0fa52cbc3c2da94921ceb6076e4ae8c5c9c205bae0aa0ad506fa,93,30,6,2,39.766666666666666,0.0,27,4,True,pending,not_established
SKH-2025Q2-IR,728f54d5c1d4be1f,artifacts/p0/raw/SKH-2025Q2-IR.pdf,728f54d5c1d4be1f64f613c4bde69fbf612f80e933fd8160d01ab193fbcdb32a,11,12,0,3,0,2559.9599609375,1440.0,200,7111,4000,0499a782c69d7d45490224ac1a701ec706dcd6eaef884aea3c3c88781ea1e333,raw/SKH-2025Q2-IR-p012.png,unknown_not_assumed_divider,recognized_pending_review,raw/SKH-2025Q2-IR-p012.ocr.json,0c3d902bb84bff3eb5b3141e7c53e9ddbcc640cabc54bd98cdafe080e4e81094,39,8,11,1,40.875,0.0,6,1,True,pending,not_established
SKH-2025Q3-IR,6a857d9ff35c9967,artifacts/p0/raw/SKH-2025Q3-IR.pdf,6a857d9ff35c9967dcd028fd438141599557e0f3671c99f3bd94227095ae892a,2,3,0,3,0,2559.9599609375,1440.0,200,7111,4000,b02403fbc71ca3fb0e80ffd523a782a9e6cdb4c9ca98ba31e6a6cbdcd7c0def1,raw/SKH-2025Q3-IR-p003.png,unknown_not_assumed_divider,recognized_pending_review,raw/SKH-2025Q3-IR-p003.ocr.json,f42cfdf98bc22f647c12dd6c3ed63e4f96fc15d268631b23bbd81adc74d99258,36,6,11,1,88.0,77.0,1,2,True,pending,not_established
SKH-2025Q3-IR,6a857d9ff35c9967,artifacts/p0/raw/SKH-2025Q3-IR.pdf,6a857d9ff35c9967dcd028fd438141599557e0f3671c99f3bd94227095ae892a,7,8,0,3,0,2559.9599609375,1440.0,200,7111,4000,b65676991b6a17c127940be13ba4f1a3df84806aa6e3da790a6f57b425e46c67,raw/SKH-2025Q3-IR-p008.png,unknown_not_assumed_divider,recognized_pending_review,raw/SKH-2025Q3-IR-p008.ocr.json,10206d6f129446a0007c34b2b69aedd6a4f46da2acd6f9d993943c042c412e34,72,20,11,1,47.6,0.0,14,3,True,pending,not_established
SKH-2025Q3-IR,6a857d9ff35c9967,artifacts/p0/raw/SKH-2025Q3-IR.pdf,6a857d9ff35c9967dcd028fd438141599557e0f3671c99f3bd94227095ae892a,11,12,0,3,0,2559.9599609375,1440.0,200,7111,4000,5073797a1c0a80dc28ffcfcc2a5c282a125c44c888cd2df04364619e11b0e24a,raw/SKH-2025Q3-IR-p012.png,unknown_not_assumed_divider,recognized_pending_review,raw/SKH-2025Q3-IR-p012.ocr.json,c63068c8f93258ee7852c5858988ecfeb60ff23230d8f2fd398505002b778cd3,36,7,11,1,47.0,0.0,5,1,True,pending,not_established
SKH-2025Q4-IR,e81b27d744d44923,artifacts/p0/raw/SKH-2025Q4-IR.pdf,e81b27d744d449234e78a6b84cf32eae8064277ba4222a35404d57868ca13081,2,3,0,3,0,2559.9599609375,1440.0,200,7111,4000,14ecc8a013b167364f3cd9eb42671f3fd7dd910b95e14f02221d610347155cd3,raw/SKH-2025Q4-IR-p003.png,unknown_not_assumed_divider,recognized_pending_review,raw/SKH-2025Q4-IR-p003.ocr.json,b277561e552135a009f7b24a76572270521a809c85b67fdadcf8350f274e091e,36,6,11,1,88.0,78.0,1,2,True,pending,not_established
SKH-2025Q4-IR,e81b27d744d44923,artifacts/p0/raw/SKH-2025Q4-IR.pdf,e81b27d744d449234e78a6b84cf32eae8064277ba4222a35404d57868ca13081,9,10,0,3,0,2559.9599609375,1440.0,200,7111,4000,40118823d9f8a1f158c419bb389bb527ed86c8bc15f1dff0ab51922ad2e6c170,raw/SKH-2025Q4-IR-p010.png,unknown_not_assumed_divider,recognized_pending_review,raw/SKH-2025Q4-IR-p010.ocr.json,58fd13d1ad2f0fa52cbc3c2da94921ceb6076e4ae8c5c9c205bae0aa0ad506fa,93,30,6,2,39.766666666666666,0.0,27,4,True,pending,not_established
SKH-2025Q4-IR,e81b27d744d44923,artifacts/p0/raw/SKH-2025Q4-IR.pdf,e81b27d744d449234e78a6b84cf32eae8064277ba4222a35404d57868ca13081,14,15,0,3,0,2559.9599609375,1440.0,200,7111,4000,4706feea9d4d328209a3d7a9101dcc7bf77cc0b4dd7cb26e320bc035ef077fd3,raw/SKH-2025Q4-IR-p015.png,unknown_not_assumed_divider,recognized_pending_review,raw/SKH-2025Q4-IR-p015.ocr.json,0c3d902bb84bff3eb5b3141e7c53e9ddbcc640cabc54bd98cdafe080e4e81094,39,8,11,1,40.875,0.0,6,1,True,pending,not_established
SKH-2026Q1-IR,c7fc763e5b93cbd6,artifacts/p0/raw/SKH-2026Q1-IR.pdf,c7fc763e5b93cbd656ae909587e02ef0d4322eebaffc9decca5df51996174e75,2,3,0,3,0,2559.9599609375,1440.0,200,7111,4000,f598623413661840cc7c1ecfb0299e4888e6e26f3d1810eb03e44d4b42e996f3,raw/SKH-2026Q1-IR-p003.png,unknown_not_assumed_divider,recognized_pending_review,raw/SKH-2026Q1-IR-p003.ocr.json,d12c958d5f860c5db9070686ef0a4c0a209693e907226fdb820a2deba7492f80,36,6,11,1,84.66666666666667,66.0,2,2,True,pending,not_established
SKH-2026Q1-IR,c7fc763e5b93cbd6,artifacts/p0/raw/SKH-2026Q1-IR.pdf,c7fc763e5b93cbd656ae909587e02ef0d4322eebaffc9decca5df51996174e75,7,8,0,3,0,2559.9599609375,1440.0,200,7111,4000,40118823d9f8a1f158c419bb389bb527ed86c8bc15f1dff0ab51922ad2e6c170,raw/SKH-2026Q1-IR-p008.png,unknown_not_assumed_divider,recognized_pending_review,raw/SKH-2026Q1-IR-p008.ocr.json,58fd13d1ad2f0fa52cbc3c2da94921ceb6076e4ae8c5c9c205bae0aa0ad506fa,93,30,6,2,39.766666666666666,0.0,27,4,True,pending,not_established
SKH-2026Q1-IR,c7fc763e5b93cbd6,artifacts/p0/raw/SKH-2026Q1-IR.pdf,c7fc763e5b93cbd656ae909587e02ef0d4322eebaffc9decca5df51996174e75,12,13,0,3,0,2559.9599609375,1440.0,200,7111,4000,8deb8fd5f18ad17cdb27424229862c459687cd95d71162d4bce6c05f928737d3,raw/SKH-2026Q1-IR-p013.png,unknown_not_assumed_divider,recognized_pending_review,raw/SKH-2026Q1-IR-p013.ocr.json,0c3d902bb84bff3eb5b3141e7c53e9ddbcc640cabc54bd98cdafe080e4e81094,39,8,11,1,40.875,0.0,6,1,True,pending,not_established
SKH-2026Q2-IR,332909850fc2c959,artifacts/p0/raw/SKH-2026Q2-IR.pdf,332909850fc2c95989b5f4d7c4385fbf9f36bb6d1f60585430daa7edabc3eee5,2,3,0,3,0,2559.9599609375,1440.0,200,7111,4000,8904ccfe01fd167b5ebfffe239b782ad0944d149d165a6062f778b90e1d34e43,raw/SKH-2026Q2-IR-p003.png,unknown_not_assumed_divider,recognized_pending_review,raw/SKH-2026Q2-IR-p003.ocr.json,146d12ae2fef0483498f47ac383d70cd6dfa73f19456d09b29821c8b8b23f8b5,36,6,11,1,88.33333333333333,78.0,1,2,True,pending,not_established
SKH-2026Q2-IR,332909850fc2c959,artifacts/p0/raw/SKH-2026Q2-IR.pdf,332909850fc2c95989b5f4d7c4385fbf9f36bb6d1f60585430daa7edabc3eee5,7,8,0,3,0,2559.9599609375,1440.0,200,7111,4000,40118823d9f8a1f158c419bb389bb527ed86c8bc15f1dff0ab51922ad2e6c170,raw/SKH-2026Q2-IR-p008.png,unknown_not_assumed_divider,recognized_pending_review,raw/SKH-2026Q2-IR-p008.ocr.json,58fd13d1ad2f0fa52cbc3c2da94921ceb6076e4ae8c5c9c205bae0aa0ad506fa,93,30,6,2,39.766666666666666,0.0,27,4,True,pending,not_established
SKH-2026Q2-IR,332909850fc2c959,artifacts/p0/raw/SKH-2026Q2-IR.pdf,332909850fc2c95989b5f4d7c4385fbf9f36bb6d1f60585430daa7edabc3eee5,12,13,0,3,0,2559.9599609375,1440.0,200,7111,4000,c455760aa4cf3a96e71b01b02916736025897a2c79cd5f06ccf10014d4642bf7,raw/SKH-2026Q2-IR-p013.png,unknown_not_assumed_divider,recognized_pending_review,raw/SKH-2026Q2-IR-p013.ocr.json,0c3d902bb84bff3eb5b3141e7c53e9ddbcc640cabc54bd98cdafe080e4e81094,39,8,11,1,40.875,0.0,6,1,True,pending,not_established
