feature,source_fields,layer,transform,missing_policy,public_time_basis,observed_time_basis,use_mode,train_fit,leakage_risk,version
metric_or_relation,normalized/assessment/evidence_refs,normalized,identity or explicit missing; no fitted transform,null plus reason,field dependencies checked; retrospective scope excluded historically,original temporal.observed_at,current_review,false,adaptation; no independent evaluation,review-0.1.0
scope_id,normalized/assessment/evidence_refs,normalized,identity or explicit missing; no fitted transform,null plus reason,field dependencies checked; retrospective scope excluded historically,original temporal.observed_at,current_review,false,adaptation; no independent evaluation,review-0.1.0
modality,normalized/assessment/evidence_refs,normalized,identity or explicit missing; no fitted transform,null plus reason,field dependencies checked; retrospective scope excluded historically,original temporal.observed_at,current_review,false,adaptation; no independent evaluation,review-0.1.0
evidence_linked,normalized/assessment/evidence_refs,derived,identity or explicit missing; no fitted transform,null plus reason,field dependencies checked; retrospective scope excluded historically,original temporal.observed_at,current_review,false,adaptation; no independent evaluation,review-0.1.0
missing_field_count,normalized/assessment/evidence_refs,derived,identity or explicit missing; no fitted transform,null plus reason,field dependencies checked; retrospective scope excluded historically,original temporal.observed_at,current_review,false,adaptation; no independent evaluation,review-0.1.0
prior,normalized/assessment/evidence_refs,normalized,identity or explicit missing; no fitted transform,null plus reason,field dependencies checked; retrospective scope excluded historically,original temporal.observed_at,current_review,false,adaptation; no independent evaluation,review-0.1.0
novelty,normalized/assessment/evidence_refs,normalized,identity or explicit missing; no fitted transform,null plus reason,field dependencies checked; retrospective scope excluded historically,original temporal.observed_at,current_review,false,adaptation; no independent evaluation,review-0.1.0
financial_impact,normalized/assessment/evidence_refs,normalized,identity or explicit missing; no fitted transform,null plus reason,field dependencies checked; retrospective scope excluded historically,original temporal.observed_at,current_review,false,adaptation; no independent evaluation,review-0.1.0
change,P07.change_records,derived,identity or explicit missing; no fitted transform,null plus reason,field dependencies checked; retrospective scope excluded historically,original temporal.observed_at,current_review,false,adaptation; no independent evaluation,review-0.1.0
