candidate_id,doc_id,event_family_id,reviewer_slot,actual_reviewer_id,assignment_status,review_status,body_completeness,production_origin,editorial_genre,event_link_judgment,evidence_ref,completed_at
CAND-0b4858ec19856481,NEWS-0b4858ec19856481,SAM-EARLY-EARN-2024Q1,human_A,,unassigned,blocked_pending_licensed_body,,,,,,
CAND-0b4858ec19856481,NEWS-0b4858ec19856481,SAM-EARLY-EARN-2024Q1,human_B,,unassigned,blocked_pending_licensed_body,,,,,,
CAND-717ce98282b8b961,NEWS-717ce98282b8b961,SAM-LATE-EARN-2026Q1,human_A,,unassigned,blocked_pending_licensed_body,,,,,,
CAND-717ce98282b8b961,NEWS-717ce98282b8b961,SAM-LATE-EARN-2026Q1,human_B,,unassigned,blocked_pending_licensed_body,,,,,,
CAND-e5956a719c2acb3d,NEWS-e5956a719c2acb3d,SAM-EARLY-DEV-HBM3E12H,human_A,,unassigned,blocked_pending_licensed_body,,,,,,
CAND-e5956a719c2acb3d,NEWS-e5956a719c2acb3d,SAM-EARLY-DEV-HBM3E12H,human_B,,unassigned,blocked_pending_licensed_body,,,,,,
CAND-d1a4496b76951a01,NEWS-d1a4496b76951a01,SAM-EARLY-PROD-VNAND9,human_A,,unassigned,blocked_pending_licensed_body,,,,,,
CAND-d1a4496b76951a01,NEWS-d1a4496b76951a01,SAM-EARLY-PROD-VNAND9,human_B,,unassigned,blocked_pending_licensed_body,,,,,,
CAND-0f8bbd92ba887234,NEWS-0f8bbd92ba887234,SAM-LATE-PROD-HBM4,human_A,,unassigned,blocked_pending_licensed_body,,,,,,
CAND-0f8bbd92ba887234,NEWS-0f8bbd92ba887234,SAM-LATE-PROD-HBM4,human_B,,unassigned,blocked_pending_licensed_body,,,,,,
CAND-851942367c39ca23,NEWS-851942367c39ca23,SAM-LATE-INV-AMD,human_A,,unassigned,blocked_pending_licensed_body,,,,,,
CAND-851942367c39ca23,NEWS-851942367c39ca23,SAM-LATE-INV-AMD,human_B,,unassigned,blocked_pending_licensed_body,,,,,,
CAND-bbe2c737aa819064,NEWS-bbe2c737aa819064,SKH-EARLY-EARN-2024Q1,human_A,,unassigned,blocked_pending_licensed_body,,,,,,
CAND-bbe2c737aa819064,NEWS-bbe2c737aa819064,SKH-EARLY-EARN-2024Q1,human_B,,unassigned,blocked_pending_licensed_body,,,,,,
CAND-a4ad35dfaa691933,NEWS-a4ad35dfaa691933,SKH-LATE-EARN-2026Q1,human_A,,unassigned,blocked_pending_licensed_body,,,,,,
CAND-a4ad35dfaa691933,NEWS-a4ad35dfaa691933,SKH-LATE-EARN-2026Q1,human_B,,unassigned,blocked_pending_licensed_body,,,,,,
CAND-8f1980754b34ecbf,NEWS-8f1980754b34ecbf,SKH-EARLY-DEV-HBM4SAMPLE,human_A,,unassigned,blocked_pending_licensed_body,,,,,,
CAND-8f1980754b34ecbf,NEWS-8f1980754b34ecbf,SKH-EARLY-DEV-HBM4SAMPLE,human_B,,unassigned,blocked_pending_licensed_body,,,,,,
CAND-8f7b59c78c5590e2,NEWS-8f7b59c78c5590e2,SKH-LATE-DEV-HBM4READY,human_A,,unassigned,blocked_pending_licensed_body,,,,,,
CAND-8f7b59c78c5590e2,NEWS-8f7b59c78c5590e2,SKH-LATE-DEV-HBM4READY,human_B,,unassigned,blocked_pending_licensed_body,,,,,,
CAND-f8202e43579ac465,NEWS-f8202e43579ac465,SKH-EARLY-PROD-HBM3E,human_A,,unassigned,blocked_pending_licensed_body,,,,,,
CAND-f8202e43579ac465,NEWS-f8202e43579ac465,SKH-EARLY-PROD-HBM3E,human_B,,unassigned,blocked_pending_licensed_body,,,,,,
CAND-20d200ccd155fa01,NEWS-20d200ccd155fa01,SKH-LATE-PROD-QLC321,human_A,,unassigned,blocked_pending_licensed_body,,,,,,
CAND-20d200ccd155fa01,NEWS-20d200ccd155fa01,SKH-LATE-PROD-QLC321,human_B,,unassigned,blocked_pending_licensed_body,,,,,,
CAND-9d019270b624e4aa,NEWS-9d019270b624e4aa,SKH-EARLY-INV-INDIANA,human_A,,unassigned,blocked_pending_licensed_body,,,,,,
CAND-9d019270b624e4aa,NEWS-9d019270b624e4aa,SKH-EARLY-INV-INDIANA,human_B,,unassigned,blocked_pending_licensed_body,,,,,,
CAND-2e6a4f94614f1e02,NEWS-2e6a4f94614f1e02,SAM-EARLY-EARN-2024Q1,human_A,,unassigned,blocked_pending_licensed_body,,,,,,
CAND-2e6a4f94614f1e02,NEWS-2e6a4f94614f1e02,SAM-EARLY-EARN-2024Q1,human_B,,unassigned,blocked_pending_licensed_body,,,,,,
CAND-778b7f81a68f3e6b,NEWS-778b7f81a68f3e6b,SAM-LATE-EARN-2026Q1,human_A,,unassigned,blocked_pending_licensed_body,,,,,,
CAND-778b7f81a68f3e6b,NEWS-778b7f81a68f3e6b,SAM-LATE-EARN-2026Q1,human_B,,unassigned,blocked_pending_licensed_body,,,,,,
CAND-101310c877eae582,NEWS-101310c877eae582,SAM-EARLY-DEV-HBM3E12H,human_A,,unassigned,blocked_pending_licensed_body,,,,,,
CAND-101310c877eae582,NEWS-101310c877eae582,SAM-EARLY-DEV-HBM3E12H,human_B,,unassigned,blocked_pending_licensed_body,,,,,,
CAND-17ed102897bd3a4d,NEWS-17ed102897bd3a4d,SAM-EARLY-PROD-VNAND9,human_A,,unassigned,blocked_pending_licensed_body,,,,,,
CAND-17ed102897bd3a4d,NEWS-17ed102897bd3a4d,SAM-EARLY-PROD-VNAND9,human_B,,unassigned,blocked_pending_licensed_body,,,,,,
CAND-f32eb7be816b4b0a,NEWS-f32eb7be816b4b0a,SAM-LATE-PROD-HBM4,human_A,,unassigned,blocked_pending_licensed_body,,,,,,
CAND-f32eb7be816b4b0a,NEWS-f32eb7be816b4b0a,SAM-LATE-PROD-HBM4,human_B,,unassigned,blocked_pending_licensed_body,,,,,,
CAND-943c54423e0b510a,NEWS-943c54423e0b510a,SAM-LATE-INV-AMD,human_A,,unassigned,blocked_pending_licensed_body,,,,,,
CAND-943c54423e0b510a,NEWS-943c54423e0b510a,SAM-LATE-INV-AMD,human_B,,unassigned,blocked_pending_licensed_body,,,,,,
CAND-d6ef03257775547f,NEWS-d6ef03257775547f,SKH-EARLY-EARN-2024Q1,human_A,,unassigned,blocked_pending_licensed_body,,,,,,
CAND-d6ef03257775547f,NEWS-d6ef03257775547f,SKH-EARLY-EARN-2024Q1,human_B,,unassigned,blocked_pending_licensed_body,,,,,,
