event_family_id,company_id,scope_id,product,primary_category,temporal_stratum,reference_quarter,reference_period_start,reference_period_end,reference_basis,anchor_title,official_url,attachment_url,source_role,doc_id,revision_id,evidence_location,evidence_block_id,evidence_status,action_assessment,stage_assessment,claim_modality_assessment,publisher_date_raw,publisher_date,dateline_date_raw,dateline_date,date_conflict,published_at,time_precision,publication_date_assessment,date_evidence,date_evidence_url,initial_window_start,initial_window_end,follow_up_of,relation_status,query_terms_ko,verification_status,rights_status,body_access_status,checked_on,missing_reason,notes
"SAM-EARLY-EARN-2024Q1","SAM","SAM_memory_revenue_only","memory_business","earnings_outlook","2024Q1_2025Q1","2024Q1","2024-01-01","2024-03-31","IR_reporting_period","삼성전자 2024Q1 실적 발표: 메모리 매출 표본","https://images.samsung.com/kdp/ir/events/2024/2024_1Q_conference_kor.pdf","","official_company","SAM-2024Q1-IR","3704942ea4a57008","artifacts/p0/extraction_audit.csv doc_id=SAM-2024Q1-IR; PDF page 6","","existing_sample_audit_location_inherited_not_reaudited","quarterly_memory_revenue_report","financial_results_reported","actual_reported","Korea on April 30, 2024","2024-04-30","","","not_yet_checked","","date_only","provisional_release_date_not_exact_time","official release search metadata; underlying IR publication date remains unknown in existing manifest","https://news.samsung.com/global/samsung-electronics-announces-first-quarter-2024-results","2024-04-23","2024-05-07","","not_assessed","삼성전자 2024 1분기 실적 메모리 매출","provisional_anchor_existing_audit","unresolved_not_authorized_for_new_body_storage_or_AI","no_new_body_fetch_existing_metadata_or_search_only","2026-09-21","evidence_block_id_not_available_in_PDF_audit","메모리 매출을 DS 매출·DS 영업이익·전사 실적과 분리. 기존 감사 값은 재감사하지 않았으며 공개시각은 미상."
"SAM-LATE-EARN-2026Q1","SAM","SAM_memory_revenue_only","memory_business","earnings_outlook","2025Q2_2026Q2","2026Q1","2026-01-01","2026-03-31","IR_reporting_period","삼성전자 2026Q1 실적 발표: 메모리 매출 표본","https://images.samsung.com/kdp/ir/events/2026/2026_1Q_conference_kor.pdf","","official_company","SAM-2026Q1-IR","629eb49c47b483be","artifacts/p0/extraction_audit.csv doc_id=SAM-2026Q1-IR; PDF page 13","","existing_sample_audit_location_inherited_not_reaudited","quarterly_memory_revenue_report","financial_results_reported","actual_reported","2026/04/30","2026-04-30","","","not_yet_checked","","date_only","provisional_release_date_not_exact_time","Korean official release search metadata; underlying IR publication date remains unknown in existing manifest","https://news.samsung.com/kr/삼성전자-2026년-1분기-실적-발표","2026-04-23","2026-05-07","","not_assessed","삼성전자 2026 1분기 실적 메모리 매출","provisional_anchor_existing_audit","unresolved_not_authorized_for_new_body_storage_or_AI","no_new_body_fetch_existing_metadata_or_search_only","2026-09-21","evidence_block_id_not_available_in_PDF_audit","메모리 매출에 한정한 공식 표본. 같은 실적 발표의 제품·투자 주장을 추가 family로 늘리지 않는다. 2월 HBM4 출하는 다른 날짜의 독립 발표."
"SAM-EARLY-DEV-HBM3E12H","SAM","SAM_memory_product","HBM3E_12H_DRAM","development_validation","2024Q1_2025Q1","2024Q1","2024-01-01","2024-03-31","announcement_quarter_provisional","Samsung Develops Industry-First 36GB HBM3E 12H DRAM","https://news.samsung.com/global/samsung-develops-industry-first-36gb-hbm3e-12h-dram","","official_company","SAM-2024Q1-NEWS-HBM3E","62ca908dad13e578","artifacts/p0/news_body_manifest.csv doc_id=SAM-2024Q1-NEWS-HBM3E; existing source_xpath body profile only","","existing_manifest_title_date_anchor_span_not_verified","develop_product","development_announced","actual_reported","Korea on February 27, 2024","2024-02-27","","","False","","date_only","provisional_release_date_not_exact_time","existing news_body_manifest publisher_page_date and publisher_date_evidence","https://news.samsung.com/global/samsung-develops-industry-first-36gb-hbm3e-12h-dram","2024-02-20","2024-03-05","","not_assessed","삼성전자 2024 2월 27일 HBM3E 12단 36GB 개발","provisional_anchor_existing_manifest","unresolved_not_authorized_for_new_body_storage_or_AI","no_new_body_fetch_existing_metadata_or_search_only","2026-09-21","anchor_claim_block_not_selected","개발 발표 후보이며 고객 검증·양산·출하로 바꾸지 않는다. 기존 8개 블록을 이 작업에서 읽거나 재검증하지 않았다."
"SAM-EARLY-PROD-VNAND9","SAM","SAM_memory_product","1Tb_TLC_9th_generation_V_NAND","production_shipping_sales","2024Q1_2025Q1","2024Q2","2024-04-01","2024-06-30","announcement_quarter_provisional","Samsung Electronics Begins Industry’s First Mass Production of 9th-Gen V-NAND","https://news.samsung.com/global/samsung-electronics-begins-industrys-first-mass-production-of-9th-gen-v-nand","","official_company","","","search_result_title_and_date_only","","location_not_verified","begin_mass_production","mass_production_announced","actual_reported","Korea on April 23, 2024","2024-04-23","","","not_yet_checked","","date_only","provisional_release_date_not_exact_time","official release search metadata; no direct page fetch","https://news.samsung.com/global/samsung-electronics-begins-industrys-first-mass-production-of-9th-gen-v-nand","2024-04-16","2024-04-30","","not_assessed","삼성전자 2024 4월 23일 9세대 V낸드 TLC 양산","provisional_anchor_search_metadata","unresolved_not_authorized_for_new_body_storage_or_AI","no_new_body_fetch_existing_metadata_or_search_only","2026-09-21","new_doc_not_registered;body_and_location_not_verified","TLC와 2024년9월 QLC 발표를 합치지 않는다. 제목의 양산 단계만 잠정 분류."
"SAM-LATE-PROD-HBM4","SAM","SAM_memory_product","HBM4","production_shipping_sales","2025Q2_2026Q2","2026Q1","2026-01-01","2026-03-31","announcement_quarter_provisional","Samsung Ships Industry-First Commercial HBM4 With Ultimate Performance for AI Computing","https://news.samsung.com/global/samsung-ships-industry-first-commercial-hbm4-with-ultimate-performance-for-ai-computing","","official_company","SAM-2026Q1-NEWS-HBM4","803cea72f2a35573","artifacts/p0/news_body_manifest.csv doc_id=SAM-2026Q1-NEWS-HBM4; existing source_xpath body profile only","","existing_manifest_title_date_anchor_span_not_verified","commercial_product_shipment","shipment_announced","actual_reported","Korea on February 12, 2026","2026-02-12","","","False","","date_only","provisional_release_date_not_exact_time","existing news_body_manifest publisher_page_date and publisher_date_evidence","https://news.samsung.com/global/samsung-ships-industry-first-commercial-hbm4-with-ultimate-performance-for-ai-computing","2026-02-05","2026-02-19","","not_assessed","삼성전자 2026 2월 12일 HBM4 양산 출하","provisional_anchor_existing_manifest","unresolved_not_authorized_for_new_body_storage_or_AI","no_new_body_fetch_existing_metadata_or_search_only","2026-09-21","anchor_claim_block_not_selected","같은 발표의 양산·출하 주장은 한 family에 유지. 2025Q4 IR의 계획과 후속 후보 관계는 원문 확인 후 별도 검토."
"SAM-LATE-INV-AMD","SAM","SAM_memory_collaboration","HBM4_and_next_generation_DDR5","investment_contract_supply","2025Q2_2026Q2","2026Q1","2026-01-01","2026-03-31","announcement_quarter_provisional","Samsung and AMD Expand Strategic Collaboration on Next-Generation AI Memory Solutions","https://news.samsung.com/global/samsung-and-amd-expand-strategic-collaboration-on-next-generation-ai-memory-solutions","","official_company","","","search_result_title_date_and_agreement_metadata_only","","location_not_verified","announce_memory_collaboration_MOU","agreement_announced_future_supply_separate","actual_reported","Korea and USA on March 18, 2026","2026-03-18","","","not_yet_checked","","date_only","provisional_release_date_not_exact_time","official release and official media library search metadata; no direct page fetch","https://news.samsung.com/medialibrary/global/photo/62003?album=27&page=1","2026-03-11","2026-03-25","","not_assessed","삼성전자 AMD 2026 3월 18일 HBM4 DDR5 MOU","provisional_anchor_search_metadata","unresolved_not_authorized_for_new_body_storage_or_AI","no_new_body_fetch_existing_metadata_or_search_only","2026-09-21","new_doc_not_registered;body_and_location_not_verified","메모리 협력만 표집. 파운드리·패키징 언급은 별도 scope. MOU를 확정 판매계약·출하 완료로 해석하지 않는다."
"SKH-EARLY-EARN-2024Q1","SKH","SKH_consolidated_company_total","company_total","earnings_outlook","2024Q1_2025Q1","2024Q1","2024-01-01","2024-03-31","IR_reporting_period","SK hynix FY2024 Q1 Earnings Results","https://www.skhynix.com/ir/UI-FR-IR06/","https://mis-prod-koce-homepage-cdn-01-blob-ep.azureedge.net/web/attach/61321621157035970.pdf","official_company","SKH-2024Q1-IR","095dfb7262a4ab45","artifacts/p0/extraction_audit.csv doc_id=SKH-2024Q1-IR; PDF page 20","","existing_sample_audit_location_inherited_not_reaudited","quarterly_company_revenue_report","financial_results_reported","actual_reported","April 24, 2024","2024-04-24","Seoul, April 25, 2024","2024-04-25","True","","date_only_conflict_unresolved","unresolved_do_not_choose_one","official release search metadata conflict; direct body and IR release time not reverified","https://news.skhynix.com/en/sk-hynix-announces-1q24-financial-results/","2024-04-17","2024-05-02","","not_assessed","SK하이닉스 2024 1분기 실적 4월 25일","provisional_anchor_existing_audit_date_review","unresolved_not_authorized_for_new_body_storage_or_AI","no_new_body_access_SK_newsroom_automation_prohibited","2026-09-21","evidence_block_id_not_available_in_PDF_audit;publication_date_conflict","발표일은 단일값으로 채택하지 않고 검색창은 두 날짜 합집합 ±7일. 전사 연결 매출을 HBM 제품 매출로 전환 금지."
"SKH-LATE-EARN-2026Q1","SKH","SKH_consolidated_company_total","company_total","earnings_outlook","2025Q2_2026Q2","2026Q1","2026-01-01","2026-03-31","IR_reporting_period","SK hynix FY2026 Q1 Earnings Results","https://www.skhynix.com/ir/UI-FR-IR06/","https://mis-prod-koce-homepage-cdn-01-blob-ep.azureedge.net/web/attach/18333727317328069.pdf","official_company","SKH-2026Q1-IR","c7fc763e5b93cbd6","artifacts/p0/extraction_audit.csv doc_id=SKH-2026Q1-IR; PDF page 19","","existing_sample_audit_location_inherited_not_reaudited","quarterly_company_revenue_report","financial_results_reported","actual_reported","April 22, 2026","2026-04-22","Seoul, April 23, 2026","2026-04-23","True","","date_only_conflict_unresolved","unresolved_do_not_choose_one","existing news_body_manifest doc_id=SKH-2026Q1-IR-ALT; underlying IR date unknown","https://news.skhynix.com/en/q1-2026-business-results/","2026-04-15","2026-04-30","","not_assessed","SK하이닉스 2026 1분기 실적 4월 23일","provisional_anchor_existing_audit_date_review","unresolved_not_authorized_for_new_body_storage_or_AI","no_new_body_access_SK_newsroom_automation_prohibited","2026-09-21","evidence_block_id_not_available_in_PDF_audit;publication_date_conflict","공식 IR과 동일 실적 Newsroom을 두 family로 세지 않는다. 기존 발표 날짜 충돌을 미해결 유지."
"SKH-EARLY-DEV-HBM4SAMPLE","SKH","SKH_memory_product","12_layer_HBM4","development_validation","2024Q1_2025Q1","2025Q1","2025-01-01","2025-03-31","announcement_quarter_provisional","SK hynix Ships World’s First 12-Layer HBM4 Samples to Customers","https://news.skhynix.com/en/sk-hynix-ships-world-first-12-layer-hbm4-samples-to-customers/","","official_company","","","search_result_title_and_date_only","","location_not_verified","provide_customer_samples","sampling_for_validation_not_commercial_shipping","actual_reported","March 19, 2025","2025-03-19","","","not_yet_checked","","date_only","provisional_release_date_not_exact_time","official title/date search metadata; direct page access blocked_by_policy_not_attempted","https://news.skhynix.com/en/sk-hynix-ships-world-first-12-layer-hbm4-samples-to-customers/","2025-03-12","2025-03-26","","not_assessed","SK하이닉스 2025 3월 19일 HBM4 12단 샘플 고객","provisional_anchor_search_metadata","unresolved_not_authorized_for_new_body_storage_or_AI","no_new_body_access_SK_newsroom_automation_prohibited","2026-09-21","new_doc_not_registered;body_and_location_not_verified","샘플 출하는 상업 양산·판매 단계가 아니므로 개발·검증에 주표집. 같은 날 GTC 전시 소개와 자동 병합하지 않는다."
"SKH-LATE-DEV-HBM4READY","SKH","SKH_memory_product","HBM4","development_validation","2025Q2_2026Q2","2025Q3","2025-07-01","2025-09-30","announcement_quarter_provisional","SK hynix Completes World’s First HBM4 Development and Readies Mass Production","https://news.skhynix.com/en/sk-hynix-completes-worlds-first-hbm4-development-and-readies-mass-production/","","official_company","","","search_result_title_and_date_only","","location_not_verified","complete_development_and_ready_mass_production","development_complete_mass_production_readiness","actual_reported","September 12, 2025","2025-09-12","","","not_yet_checked","","date_only","provisional_release_date_not_exact_time","official title/date search metadata; direct page access blocked_by_policy_not_attempted","https://news.skhynix.com/en/sk-hynix-completes-worlds-first-hbm4-development-and-readies-mass-production/","2025-09-05","2025-09-19","SKH-EARLY-DEV-HBM4SAMPLE","candidate_follow_up_title_product_sequence_only","SK하이닉스 2025 9월 12일 HBM4 개발 완료 양산 준비","provisional_anchor_search_metadata","unresolved_not_authorized_for_new_body_storage_or_AI","no_new_body_access_SK_newsroom_automation_prohibited","2026-09-21","new_doc_not_registered;body_and_location_not_verified;follow_up_relation_unverified","양산 준비를 양산 개시로 바꾸지 않는다. 선행 샘플과 같은 제품이지만 새 발표 family로 유지; 후속 관계는 검토 후보."
"SKH-EARLY-PROD-HBM3E","SKH","SKH_memory_product","HBM3E","production_shipping_sales","2024Q1_2025Q1","2024Q1","2024-01-01","2024-03-31","announcement_quarter_provisional","SK hynix Begins Volume Production of Industry’s First HBM3E","https://news.skhynix.com/en/sk-hynix-begins-volume-production-of-industry-first-hbm3e/","","official_company","","","search_result_title_and_date_only","","location_not_verified","begin_volume_production","mass_production_announced","actual_reported","March 19, 2024","2024-03-19","","","not_yet_checked","","date_only","provisional_release_date_not_exact_time","official title/date search metadata; direct page access blocked_by_policy_not_attempted","https://news.skhynix.com/en/sk-hynix-begins-volume-production-of-industry-first-hbm3e/","2024-03-12","2024-03-26","","not_assessed","SK하이닉스 2024 3월 19일 HBM3E 양산","provisional_anchor_search_metadata","unresolved_not_authorized_for_new_body_storage_or_AI","no_new_body_access_SK_newsroom_automation_prohibited","2026-09-21","new_doc_not_registered;body_and_location_not_verified","양산 개시와 향후 공급일을 다른 주장으로 유지. 9월 12단 HBM3E 발표는 이 family에 합치지 않는다."
"SKH-LATE-PROD-QLC321","SKH","SKH_memory_product","321_layer_2Tb_QLC_NAND","production_shipping_sales","2025Q2_2026Q2","2025Q3","2025-07-01","2025-09-30","announcement_quarter_provisional","SK hynix Begins Mass Production of 321-Layer QLC NAND Flash","https://news.skhynix.com/en/sk-hynix-begins-mass-production-of-321-layer-qlc-nand-flash/","","official_company","","","search_result_title_and_two_date_values_only","","location_not_verified","begin_mass_production","mass_production_announced_not_commercial_launch","actual_reported","August 24, 2025","2025-08-24","Seoul, August 25, 2025","2025-08-25","True","","date_only_conflict_unresolved","unresolved_do_not_choose_one","official search result exposes conflicting page date and dateline; direct page not opened","https://news.skhynix.com/en/sk-hynix-begins-mass-production-of-321-layer-qlc-nand-flash/","2025-08-17","2025-09-01","","not_assessed","SK하이닉스 2025 8월 25일 321단 QLC 낸드 양산","provisional_anchor_search_metadata_date_review","unresolved_not_authorized_for_new_body_storage_or_AI","no_new_body_access_SK_newsroom_automation_prohibited","2026-09-21","new_doc_not_registered;body_and_location_not_verified;publication_date_conflict","페이지 날짜와 dateline을 임의 해소하지 않는다. 양산 발표와 고객 검증 후 상용 출시 계획을 구분해야 한다."
"SKH-EARLY-INV-INDIANA","SKH","SKH_memory_advanced_packaging_investment","HBM_advanced_packaging_and_RnD_facility","investment_contract_supply","2024Q1_2025Q1","2024Q2","2024-04-01","2024-06-30","announcement_quarter_provisional","SK hynix Signs Investment Agreement of Advanced Chip Packaging with Indiana","https://news.skhynix.com/en/sk-hynix-signs-investment-agreement-of-advanced-chip-packaging-with-indiana/","","official_company","","","search_result_title_and_date_only","","location_not_verified","sign_investment_agreement","investment_agreement_announced_construction_not_verified","actual_reported","April 3, 2024","2024-04-03","","","not_yet_checked","","date_only","provisional_release_date_not_exact_time","official title/date search metadata; direct page access blocked_by_policy_not_attempted","https://news.skhynix.com/en/sk-hynix-signs-investment-agreement-of-advanced-chip-packaging-with-indiana/","2024-03-27","2024-04-10","","not_assessed","SK하이닉스 2024 4월 3일 인디애나 HBM 첨단 패키징 투자 협약","provisional_anchor_search_metadata","unresolved_not_authorized_for_new_body_storage_or_AI","no_new_body_access_SK_newsroom_automation_prohibited","2026-09-21","new_doc_not_registered;body_and_location_not_verified","협약 체결·투자 계획·건설·가동은 별개 단계. 미 정부 예비지원협약 2024년8월 등 후속 발표를 동일 family로 합치지 않는다."
