cell_id,company_id,temporal_stratum,primary_category,target_families,selected_provisional_families,event_family_ids,cell_status,target_article_candidates,verified_domestic_full_bodies,verified_independent_expressions,missing_reason,next_action
"SAM-2024Q1_2025Q1-earnings_outlook","SAM","2024Q1_2025Q1","earnings_outlook","1","1","SAM-EARLY-EARN-2024Q1","provisional_anchor_selected","3","not_evaluated_in_anchor_task","not_evaluated_in_anchor_task","anchor_body_rights_or_claim_location_pending","rights_and_claim_location_review_then_article_metadata_discovery"
"SAM-2024Q1_2025Q1-development_validation","SAM","2024Q1_2025Q1","development_validation","1","1","SAM-EARLY-DEV-HBM3E12H","provisional_anchor_selected","3","not_evaluated_in_anchor_task","not_evaluated_in_anchor_task","anchor_body_rights_or_claim_location_pending","rights_and_claim_location_review_then_article_metadata_discovery"
"SAM-2024Q1_2025Q1-production_shipping_sales","SAM","2024Q1_2025Q1","production_shipping_sales","1","1","SAM-EARLY-PROD-VNAND9","provisional_anchor_selected","3","not_evaluated_in_anchor_task","not_evaluated_in_anchor_task","anchor_body_rights_or_claim_location_pending","rights_and_claim_location_review_then_article_metadata_discovery"
"SAM-2024Q1_2025Q1-investment_contract_supply","SAM","2024Q1_2025Q1","investment_contract_supply","1","0","","not_yet_checked","0","not_evaluated_in_anchor_task","not_evaluated_in_anchor_task","no_eligible_anchor_selected_in_this_bounded_metadata_pass;not_evidence_of_absence","check_permitted_official_metadata_for_this_cell_before_concluding_not_found"
"SAM-2025Q2_2026Q2-earnings_outlook","SAM","2025Q2_2026Q2","earnings_outlook","1","1","SAM-LATE-EARN-2026Q1","provisional_anchor_selected","3","not_evaluated_in_anchor_task","not_evaluated_in_anchor_task","anchor_body_rights_or_claim_location_pending","rights_and_claim_location_review_then_article_metadata_discovery"
"SAM-2025Q2_2026Q2-development_validation","SAM","2025Q2_2026Q2","development_validation","1","0","","not_yet_checked","0","not_evaluated_in_anchor_task","not_evaluated_in_anchor_task","no_eligible_anchor_selected_in_this_bounded_metadata_pass;not_evidence_of_absence","check_permitted_official_metadata_for_this_cell_before_concluding_not_found"
"SAM-2025Q2_2026Q2-production_shipping_sales","SAM","2025Q2_2026Q2","production_shipping_sales","1","1","SAM-LATE-PROD-HBM4","provisional_anchor_selected","3","not_evaluated_in_anchor_task","not_evaluated_in_anchor_task","anchor_body_rights_or_claim_location_pending","rights_and_claim_location_review_then_article_metadata_discovery"
"SAM-2025Q2_2026Q2-investment_contract_supply","SAM","2025Q2_2026Q2","investment_contract_supply","1","1","SAM-LATE-INV-AMD","provisional_anchor_selected","3","not_evaluated_in_anchor_task","not_evaluated_in_anchor_task","anchor_body_rights_or_claim_location_pending","rights_and_claim_location_review_then_article_metadata_discovery"
"SKH-2024Q1_2025Q1-earnings_outlook","SKH","2024Q1_2025Q1","earnings_outlook","1","1","SKH-EARLY-EARN-2024Q1","provisional_anchor_selected","3","not_evaluated_in_anchor_task","not_evaluated_in_anchor_task","anchor_body_rights_or_claim_location_pending","rights_and_claim_location_review_then_article_metadata_discovery"
"SKH-2024Q1_2025Q1-development_validation","SKH","2024Q1_2025Q1","development_validation","1","1","SKH-EARLY-DEV-HBM4SAMPLE","provisional_anchor_selected","3","not_evaluated_in_anchor_task","not_evaluated_in_anchor_task","anchor_body_rights_or_claim_location_pending","rights_and_claim_location_review_then_article_metadata_discovery"
"SKH-2024Q1_2025Q1-production_shipping_sales","SKH","2024Q1_2025Q1","production_shipping_sales","1","1","SKH-EARLY-PROD-HBM3E","provisional_anchor_selected","3","not_evaluated_in_anchor_task","not_evaluated_in_anchor_task","anchor_body_rights_or_claim_location_pending","rights_and_claim_location_review_then_article_metadata_discovery"
"SKH-2024Q1_2025Q1-investment_contract_supply","SKH","2024Q1_2025Q1","investment_contract_supply","1","1","SKH-EARLY-INV-INDIANA","provisional_anchor_selected","3","not_evaluated_in_anchor_task","not_evaluated_in_anchor_task","anchor_body_rights_or_claim_location_pending","rights_and_claim_location_review_then_article_metadata_discovery"
"SKH-2025Q2_2026Q2-earnings_outlook","SKH","2025Q2_2026Q2","earnings_outlook","1","1","SKH-LATE-EARN-2026Q1","provisional_anchor_selected","3","not_evaluated_in_anchor_task","not_evaluated_in_anchor_task","anchor_body_rights_or_claim_location_pending","rights_and_claim_location_review_then_article_metadata_discovery"
"SKH-2025Q2_2026Q2-development_validation","SKH","2025Q2_2026Q2","development_validation","1","1","SKH-LATE-DEV-HBM4READY","provisional_anchor_selected","3","not_evaluated_in_anchor_task","not_evaluated_in_anchor_task","anchor_body_rights_or_claim_location_pending","rights_and_claim_location_review_then_article_metadata_discovery"
"SKH-2025Q2_2026Q2-production_shipping_sales","SKH","2025Q2_2026Q2","production_shipping_sales","1","1","SKH-LATE-PROD-QLC321","provisional_anchor_selected","3","not_evaluated_in_anchor_task","not_evaluated_in_anchor_task","anchor_body_rights_or_claim_location_pending","rights_and_claim_location_review_then_article_metadata_discovery"
"SKH-2025Q2_2026Q2-investment_contract_supply","SKH","2025Q2_2026Q2","investment_contract_supply","1","0","","not_yet_checked","0","not_evaluated_in_anchor_task","not_evaluated_in_anchor_task","no_eligible_anchor_selected_in_this_bounded_metadata_pass;not_evidence_of_absence","check_permitted_official_metadata_for_this_cell_before_concluding_not_found"
